  ▲ Next.js 14.2.35
  - Local:        http://localhost:3003
  - Environments: .env.local
  - Experiments (use with caution):
    · instrumentationHook

 ✓ Starting...
 ✓ Compiled /instrumentation in 209ms (24 modules)
 ✓ Ready in 2.8s
 ✓ Compiled /api/health in 118ms (63 modules)
[2026-08-31T19:01:33.729Z] INFO  module=health message="Health check OK" db=up uptimeSec=0
 GET /api/health 200 in 219ms
 ✓ Compiled /api/rpc in 115ms (78 modules)
[2026-08-31T19:01:55.805Z] INFO  module=rpc message="RPC OK" fn=xeList userId=U-ADMIN
 POST /api/rpc 200 in 186ms
[2026-08-31T19:01:55.829Z] INFO  module=rpc message="RPC OK" fn=scCreate userId=U-ADMIN
 POST /api/rpc 200 in 18ms
[2026-08-31T19:01:55.841Z] INFO  module=rpc message="RPC OK" fn=scGet userId=U-GIAMDOC
 POST /api/rpc 200 in 6ms
[2026-08-31T19:01:55.858Z] INFO  module=rpc message="RPC OK" fn=scAddCongViec userId=U-ADMIN
 POST /api/rpc 200 in 14ms
[2026-08-31T19:01:55.866Z] INFO  module=rpc message="RPC OK" fn=scGet userId=U-GIAMDOC
 POST /api/rpc 200 in 6ms
[2026-08-31T19:01:55.878Z] INFO  module=rpc message="RPC OK" fn=vattuCreate userId=U-KHO
 POST /api/rpc 200 in 10ms
[2026-08-31T19:01:55.890Z] INFO  module=rpc message="RPC OK" fn=vattuCreate userId=U-KHO
 POST /api/rpc 200 in 10ms
 POST /api/rpc 400 in 62ms
 POST /api/rpc 400 in 12ms
 POST /api/rpc 400 in 11ms
 POST /api/rpc 400 in 11ms
[2026-08-31T19:04:26.973Z] INFO  module=rpc message="RPC OK" fn=xeList userId=U-ADMIN
 POST /api/rpc 200 in 15ms
[2026-08-31T19:04:26.998Z] INFO  module=rpc message="RPC OK" fn=scCreate userId=U-ADMIN
 POST /api/rpc 200 in 20ms
[2026-08-31T19:04:27.010Z] INFO  module=rpc message="RPC OK" fn=scGet userId=U-GIAMDOC
 POST /api/rpc 200 in 6ms
[2026-08-31T19:04:27.029Z] INFO  module=rpc message="RPC OK" fn=scAddCongViec userId=U-ADMIN
 POST /api/rpc 200 in 16ms
[2026-08-31T19:04:27.037Z] INFO  module=rpc message="RPC OK" fn=scGet userId=U-GIAMDOC
 POST /api/rpc 200 in 7ms
[2026-08-31T19:04:27.051Z] INFO  module=rpc message="RPC OK" fn=vattuCreate userId=U-KHO
 POST /api/rpc 200 in 10ms
[2026-08-31T19:04:27.064Z] INFO  module=rpc message="RPC OK" fn=vattuCreate userId=U-KHO
 POST /api/rpc 200 in 12ms
[2026-08-31T19:04:27.078Z] INFO  module=rpc message="RPC OK" fn=scAddVatTu userId=U-ADMIN
 POST /api/rpc 200 in 12ms
[2026-08-31T19:04:27.097Z] INFO  module=rpc message="RPC OK" fn=scAddVatTu userId=U-ADMIN
 POST /api/rpc 200 in 14ms
[2026-08-31T19:04:27.106Z] INFO  module=rpc message="RPC OK" fn=scGet userId=U-GIAMDOC
 POST /api/rpc 200 in 6ms
[2026-08-31T19:04:27.123Z] INFO  module=rpc message="RPC OK" fn=scAddCongViec userId=U-ADMIN
 POST /api/rpc 200 in 13ms
[2026-08-31T19:04:27.133Z] INFO  module=rpc message="RPC OK" fn=scGet userId=U-GIAMDOC
 POST /api/rpc 200 in 7ms
[2026-08-31T19:04:27.148Z] INFO  module=rpc message="RPC OK" fn=scAddCongViec userId=U-ADMIN
 POST /api/rpc 200 in 13ms
[2026-08-31T19:04:27.156Z] INFO  module=rpc message="RPC OK" fn=scGet userId=U-GIAMDOC
 POST /api/rpc 200 in 6ms
[2026-08-31T19:04:27.171Z] INFO  module=rpc message="RPC OK" fn=scAddCongViec userId=U-ADMIN
 POST /api/rpc 200 in 12ms
[2026-08-31T19:04:27.178Z] INFO  module=rpc message="RPC OK" fn=scGet userId=U-GIAMDOC
 POST /api/rpc 200 in 5ms
[2026-08-31T19:04:27.193Z] INFO  module=rpc message="RPC OK" fn=vattuCreate userId=U-KHO
 POST /api/rpc 200 in 11ms
[2026-08-31T19:04:27.207Z] INFO  module=rpc message="RPC OK" fn=scAddVatTu userId=U-ADMIN
 POST /api/rpc 200 in 12ms
[2026-08-31T19:04:27.215Z] INFO  module=rpc message="RPC OK" fn=scGet userId=U-GIAMDOC
 POST /api/rpc 200 in 6ms
[2026-08-31T19:04:27.237Z] INFO  module=rpc message="RPC OK" fn=scAddCongViec userId=U-ADMIN
 POST /api/rpc 200 in 17ms
[2026-08-31T19:04:27.246Z] INFO  module=rpc message="RPC OK" fn=scGet userId=U-GIAMDOC
 POST /api/rpc 200 in 6ms
[2026-08-31T19:04:27.261Z] INFO  module=rpc message="RPC OK" fn=hoSoCheck userId=U-GIAMDOC
 POST /api/rpc 200 in 12ms
[2026-08-31T19:04:27.269Z] INFO  module=rpc message="RPC OK" fn=xeList userId=U-ADMIN
 POST /api/rpc 200 in 6ms
[2026-08-31T19:04:27.283Z] INFO  module=rpc message="RPC OK" fn=scCreate userId=U-ADMIN
 POST /api/rpc 200 in 12ms
[2026-08-31T19:04:27.293Z] INFO  module=rpc message="RPC OK" fn=hoSoCheck userId=U-GIAMDOC
 POST /api/rpc 200 in 9ms
[2026-08-31T19:04:27.301Z] INFO  module=rpc message="RPC OK" fn=scGet userId=U-GIAMDOC
 POST /api/rpc 200 in 6ms
[2026-08-31T19:04:27.309Z] INFO  module=rpc message="RPC OK" fn=xeList userId=U-ADMIN
 POST /api/rpc 200 in 6ms
[2026-08-31T19:04:27.322Z] INFO  module=rpc message="RPC OK" fn=scCreate userId=U-ADMIN
 POST /api/rpc 200 in 11ms
[2026-08-31T19:04:27.340Z] INFO  module=rpc message="RPC OK" fn=scAddCongViec userId=U-ADMIN
 POST /api/rpc 200 in 15ms
[2026-08-31T19:04:27.347Z] INFO  module=rpc message="RPC OK" fn=scGet userId=U-GIAMDOC
 POST /api/rpc 200 in 6ms
[2026-08-31T19:04:27.354Z] INFO  module=rpc message="RPC OK" fn=scGet userId=U-GIAMDOC
 POST /api/rpc 200 in 6ms
 ✓ Compiled in 25ms (10 modules)
 ✓ Compiled /api/rpc in 118ms (77 modules)
 GET /api/rpc 200 in 178ms
[2026-08-31T21:25:26.453Z] INFO  module=rpc message="RPC OK" fn=xeList userId=U-ADMIN
 POST /api/rpc 200 in 19ms
[2026-08-31T21:25:26.463Z] INFO  module=rpc message="RPC OK" fn=xeGet userId=U-ADMIN
 POST /api/rpc 200 in 6ms
[2026-08-31T21:25:26.477Z] INFO  module=rpc message="RPC OK" fn=xeCreate userId=U-ADMIN
 POST /api/rpc 200 in 12ms
[2026-08-31T21:25:26.491Z] INFO  module=rpc message="RPC OK" fn=scList userId=U-ADMIN
 POST /api/rpc 200 in 10ms
 POST /api/rpc 400 in 6ms
[2026-08-31T21:25:26.518Z] INFO  module=rpc message="RPC OK" fn=scCreate userId=U-ADMIN
 POST /api/rpc 200 in 15ms
[2026-08-31T21:25:26.532Z] INFO  module=rpc message="RPC OK" fn=scAddCongViec userId=U-ADMIN
 POST /api/rpc 200 in 12ms
[2026-08-31T21:25:26.548Z] INFO  module=rpc message="RPC OK" fn=scAddVatTu userId=U-ADMIN
 POST /api/rpc 200 in 14ms
[2026-08-31T21:25:26.559Z] INFO  module=rpc message="RPC OK" fn=scBatDauSua userId=U-ADMIN
 POST /api/rpc 200 in 9ms
[2026-08-31T21:25:26.572Z] INFO  module=rpc message="RPC OK" fn=scHoanThanh userId=U-ADMIN
 POST /api/rpc 200 in 10ms
 POST /api/rpc 400 in 5ms
[2026-08-31T21:25:26.593Z] WARN  module=sc message="scQuyetToan: incomplete ho so" sc_id=SC-000001 miss=["Kế hoạch sửa chữa (mẫu 01)","Bản kiểm tu","Báo giá NCC (đã xác nhận)","Phiếu nhập kho vật tư mới","Phiếu xuất kho cho SC","Biên bản nghiệm thu"] actor=U-ADMIN
 POST /api/rpc 400 in 11ms
[2026-08-31T21:25:26.600Z] INFO  module=rpc message="RPC OK" fn=vattuList userId=U-ADMIN
 POST /api/rpc 200 in 6ms
[2026-08-31T21:25:26.607Z] INFO  module=rpc message="RPC OK" fn=vattuGet userId=U-ADMIN
 POST /api/rpc 200 in 6ms
[2026-08-31T21:25:26.620Z] INFO  module=rpc message="RPC OK" fn=vattuCreate userId=U-ADMIN
 POST /api/rpc 200 in 11ms
[2026-08-31T21:25:26.638Z] INFO  module=rpc message="RPC OK" fn=nhapKho userId=U-ADMIN
 POST /api/rpc 200 in 15ms
[2026-08-31T21:25:26.651Z] INFO  module=rpc message="RPC OK" fn=xuatKho userId=U-ADMIN
 POST /api/rpc 200 in 11ms
[2026-08-31T21:25:26.666Z] INFO  module=rpc message="RPC OK" fn=dmCreate userId=U-ADMIN
 POST /api/rpc 200 in 14ms
[2026-08-31T21:25:26.680Z] INFO  module=rpc message="RPC OK" fn=dmNhap userId=U-ADMIN
 POST /api/rpc 200 in 13ms
[2026-08-31T21:25:26.688Z] INFO  module=rpc message="RPC OK" fn=baogiaList userId=U-ADMIN
 POST /api/rpc 200 in 7ms
[2026-08-31T21:25:26.694Z] INFO  module=rpc message="RPC OK" fn=baogiaGet userId=U-ADMIN
 POST /api/rpc 200 in 5ms
[2026-08-31T21:25:26.712Z] INFO  module=rpc message="RPC OK" fn=baogiaSave userId=U-ADMIN
 POST /api/rpc 200 in 16ms
[2026-08-31T21:25:26.720Z] INFO  module=rpc message="RPC OK" fn=hoSoGet userId=U-ADMIN
 POST /api/rpc 200 in 6ms
[2026-08-31T21:25:26.731Z] INFO  module=ho_so message="hoSoSave: saved" sc_id=SC-000001 id=HS-000001 actor=U-ADMIN
[2026-08-31T21:25:26.731Z] INFO  module=rpc message="RPC OK" fn=hoSoSave userId=U-ADMIN
 POST /api/rpc 200 in 9ms
[2026-08-31T21:25:26.738Z] INFO  module=rpc message="RPC OK" fn=hoSoList userId=U-ADMIN
 POST /api/rpc 200 in 5ms
[2026-08-31T21:25:26.747Z] INFO  module=rpc message="RPC OK" fn=hoSoCheck userId=U-ADMIN
 POST /api/rpc 200 in 7ms
[2026-08-31T21:25:26.758Z] INFO  module=ho_so message="keHoachSave: saved" sc_id=SC-000001 id=KH-000001 actor=U-ADMIN
[2026-08-31T21:25:26.759Z] INFO  module=rpc message="RPC OK" fn=keHoachSave userId=U-ADMIN
 POST /api/rpc 200 in 10ms
[2026-08-31T21:25:26.771Z] INFO  module=ho_so message="kiemTuSave: saved" sc_id=SC-000001 id=KT-000001 actor=U-ADMIN
[2026-08-31T21:25:26.771Z] INFO  module=rpc message="RPC OK" fn=kiemTuSave userId=U-ADMIN
 POST /api/rpc 200 in 10ms
[2026-08-31T21:25:26.783Z] INFO  module=ho_so message="nghiemThuSave: saved" sc_id=SC-000001 id=NN-000001 actor=U-ADMIN
[2026-08-31T21:25:26.783Z] INFO  module=rpc message="RPC OK" fn=nghiemThuSave userId=U-ADMIN
 POST /api/rpc 200 in 11ms
[2026-08-31T21:25:26.793Z] INFO  module=rpc message="RPC OK" fn=activityFeed userId=U-ADMIN
 POST /api/rpc 200 in 7ms
[2026-08-31T21:25:26.798Z] INFO  module=rpc message="RPC OK" fn=dashboard userId=U-ADMIN
 POST /api/rpc 200 in 4ms
[2026-08-31T21:25:26.804Z] INFO  module=rpc message="RPC OK" fn=report userId=U-ADMIN
 POST /api/rpc 200 in 4ms
[2026-08-31T21:25:26.819Z] INFO  module=rpc message="RPC OK" fn=phieuList userId=U-ADMIN
 POST /api/rpc 200 in 14ms
 POST /api/rpc 400 in 6ms
[2026-08-31T21:25:26.836Z] INFO  module=rpc message="RPC OK" fn=assetXe userId=U-ADMIN
 POST /api/rpc 200 in 7ms
[2026-08-31T21:25:26.845Z] INFO  module=rpc message="RPC OK" fn=assetReport userId=U-ADMIN
 POST /api/rpc 200 in 6ms
[2026-08-31T21:25:26.852Z] INFO  module=rpc message="RPC OK" fn=tonKho userId=U-ADMIN
 POST /api/rpc 200 in 5ms
[2026-08-31T21:25:26.859Z] INFO  module=rpc message="RPC OK" fn=giaLichSuList userId=U-ADMIN
 POST /api/rpc 200 in 6ms
[2026-08-31T21:25:26.866Z] INFO  module=rpc message="RPC OK" fn=thanhLyList userId=U-ADMIN
 POST /api/rpc 200 in 6ms
[2026-08-31T21:25:26.873Z] INFO  module=rpc message="RPC OK" fn=xeList userId=U-GIAMDOC
 POST /api/rpc 200 in 5ms
[2026-08-31T21:25:26.879Z] INFO  module=rpc message="RPC OK" fn=xeGet userId=U-GIAMDOC
 POST /api/rpc 200 in 4ms
[2026-08-31T21:25:26.884Z] WARN  module=rpc message="RPC error" fn=xeCreate error=403 userId=U-GIAMDOC
 POST /api/rpc 403 in 3ms
[2026-08-31T21:25:26.890Z] INFO  module=rpc message="RPC OK" fn=scList userId=U-GIAMDOC
 POST /api/rpc 200 in 4ms
 POST /api/rpc 400 in 5ms
[2026-08-31T21:25:26.902Z] WARN  module=rpc message="RPC error" fn=scCreate error=403 userId=U-GIAMDOC
 POST /api/rpc 403 in 4ms
[2026-08-31T21:25:26.907Z] WARN  module=rpc message="RPC error" fn=scAddCongViec error=403 userId=U-GIAMDOC
 POST /api/rpc 403 in 3ms
[2026-08-31T21:25:26.912Z] WARN  module=rpc message="RPC error" fn=scAddVatTu error=403 userId=U-GIAMDOC
 POST /api/rpc 403 in 4ms
[2026-08-31T21:25:26.918Z] WARN  module=rpc message="RPC error" fn=scBatDauSua error=403 userId=U-GIAMDOC
 POST /api/rpc 403 in 4ms
[2026-08-31T21:25:26.923Z] WARN  module=rpc message="RPC error" fn=scHoanThanh error=403 userId=U-GIAMDOC
 POST /api/rpc 403 in 4ms
[2026-08-31T21:25:26.928Z] WARN  module=rpc message="RPC error" fn=scTuChoi error=403 userId=U-GIAMDOC
 POST /api/rpc 403 in 4ms
[2026-08-31T21:25:26.933Z] WARN  module=rpc message="RPC error" fn=scQuyetToan error=403 userId=U-GIAMDOC
 POST /api/rpc 403 in 4ms
[2026-08-31T21:25:26.939Z] INFO  module=rpc message="RPC OK" fn=vattuList userId=U-GIAMDOC
 POST /api/rpc 200 in 4ms
[2026-08-31T21:25:26.946Z] INFO  module=rpc message="RPC OK" fn=vattuGet userId=U-GIAMDOC
 POST /api/rpc 200 in 5ms
[2026-08-31T21:25:26.951Z] WARN  module=rpc message="RPC error" fn=vattuCreate error=403 userId=U-GIAMDOC
 POST /api/rpc 403 in 4ms
[2026-08-31T21:25:26.956Z] WARN  module=rpc message="RPC error" fn=nhapKho error=403 userId=U-GIAMDOC
 POST /api/rpc 403 in 3ms
[2026-08-31T21:25:26.961Z] WARN  module=rpc message="RPC error" fn=xuatKho error=403 userId=U-GIAMDOC
 POST /api/rpc 403 in 3ms
[2026-08-31T21:25:26.966Z] WARN  module=rpc message="RPC error" fn=dmCreate error=403 userId=U-GIAMDOC
 POST /api/rpc 403 in 3ms
[2026-08-31T21:25:26.971Z] WARN  module=rpc message="RPC error" fn=dmNhap error=403 userId=U-GIAMDOC
 POST /api/rpc 403 in 3ms
[2026-08-31T21:25:26.977Z] INFO  module=rpc message="RPC OK" fn=baogiaList userId=U-GIAMDOC
 POST /api/rpc 200 in 4ms
[2026-08-31T21:25:26.983Z] INFO  module=rpc message="RPC OK" fn=baogiaGet userId=U-GIAMDOC
 POST /api/rpc 200 in 4ms
[2026-08-31T21:25:26.988Z] WARN  module=rpc message="RPC error" fn=baogiaSave error=403 userId=U-GIAMDOC
 POST /api/rpc 403 in 4ms
[2026-08-31T21:25:26.995Z] INFO  module=rpc message="RPC OK" fn=hoSoGet userId=U-GIAMDOC
 POST /api/rpc 200 in 5ms
[2026-08-31T21:25:26.999Z] WARN  module=rpc message="RPC error" fn=hoSoSave error=403 userId=U-GIAMDOC
 POST /api/rpc 403 in 4ms
[2026-08-31T21:25:27.005Z] INFO  module=rpc message="RPC OK" fn=hoSoList userId=U-GIAMDOC
 POST /api/rpc 200 in 5ms
[2026-08-31T21:25:27.015Z] INFO  module=rpc message="RPC OK" fn=hoSoCheck userId=U-GIAMDOC
 POST /api/rpc 200 in 9ms
[2026-08-31T21:25:27.021Z] WARN  module=rpc message="RPC error" fn=keHoachSave error=403 userId=U-GIAMDOC
 POST /api/rpc 403 in 3ms
[2026-08-31T21:25:27.026Z] WARN  module=rpc message="RPC error" fn=kiemTuSave error=403 userId=U-GIAMDOC
 POST /api/rpc 403 in 3ms
[2026-08-31T21:25:27.031Z] WARN  module=rpc message="RPC error" fn=nghiemThuSave error=403 userId=U-GIAMDOC
 POST /api/rpc 403 in 3ms
[2026-08-31T21:25:27.038Z] INFO  module=rpc message="RPC OK" fn=activityFeed userId=U-GIAMDOC
 POST /api/rpc 200 in 5ms
[2026-08-31T21:25:27.043Z] INFO  module=rpc message="RPC OK" fn=dashboard userId=U-GIAMDOC
 POST /api/rpc 200 in 4ms
[2026-08-31T21:25:27.048Z] INFO  module=rpc message="RPC OK" fn=report userId=U-GIAMDOC
 POST /api/rpc 200 in 4ms
[2026-08-31T21:25:27.055Z] INFO  module=rpc message="RPC OK" fn=phieuList userId=U-GIAMDOC
 POST /api/rpc 200 in 5ms
 POST /api/rpc 400 in 5ms
[2026-08-31T21:25:27.068Z] INFO  module=rpc message="RPC OK" fn=assetXe userId=U-GIAMDOC
 POST /api/rpc 200 in 6ms
[2026-08-31T21:25:27.075Z] INFO  module=rpc message="RPC OK" fn=assetReport userId=U-GIAMDOC
 POST /api/rpc 200 in 6ms
[2026-08-31T21:25:27.081Z] INFO  module=rpc message="RPC OK" fn=tonKho userId=U-GIAMDOC
 POST /api/rpc 200 in 4ms
[2026-08-31T21:25:27.088Z] INFO  module=rpc message="RPC OK" fn=giaLichSuList userId=U-GIAMDOC
 POST /api/rpc 200 in 5ms
[2026-08-31T21:25:27.094Z] INFO  module=rpc message="RPC OK" fn=thanhLyList userId=U-GIAMDOC
 POST /api/rpc 200 in 5ms
[2026-08-31T21:25:27.101Z] INFO  module=rpc message="RPC OK" fn=xeList userId=U-XUONG
 POST /api/rpc 200 in 4ms
[2026-08-31T21:25:27.107Z] INFO  module=rpc message="RPC OK" fn=xeGet userId=U-XUONG
 POST /api/rpc 200 in 4ms
[2026-08-31T21:25:27.112Z] WARN  module=rpc message="RPC error" fn=xeCreate error=403 userId=U-XUONG
 POST /api/rpc 403 in 4ms
[2026-08-31T21:25:27.119Z] INFO  module=rpc message="RPC OK" fn=scList userId=U-XUONG
 POST /api/rpc 200 in 6ms
 POST /api/rpc 400 in 5ms
[2026-08-31T21:25:27.140Z] INFO  module=rpc message="RPC OK" fn=scCreate userId=U-XUONG
 POST /api/rpc 200 in 12ms
[2026-08-31T21:25:27.152Z] INFO  module=rpc message="RPC OK" fn=scAddCongViec userId=U-XUONG
 POST /api/rpc 200 in 11ms
[2026-08-31T21:25:27.164Z] INFO  module=rpc message="RPC OK" fn=scAddVatTu userId=U-XUONG
 POST /api/rpc 200 in 10ms
 POST /api/rpc 400 in 5ms
 POST /api/rpc 400 in 4ms
 POST /api/rpc 400 in 4ms
[2026-08-31T21:25:27.188Z] WARN  module=sc message="scQuyetToan: role not allowed" actor=U-XUONG role=xuong
[2026-08-31T21:25:27.189Z] WARN  module=rpc message="RPC error" fn=scQuyetToan error=403 userId=U-XUONG
 POST /api/rpc 403 in 4ms
[2026-08-31T21:25:27.194Z] INFO  module=rpc message="RPC OK" fn=vattuList userId=U-XUONG
 POST /api/rpc 200 in 5ms
[2026-08-31T21:25:27.202Z] INFO  module=rpc message="RPC OK" fn=vattuGet userId=U-XUONG
 POST /api/rpc 200 in 6ms
[2026-08-31T21:25:27.207Z] WARN  module=rpc message="RPC error" fn=vattuCreate error=403 userId=U-XUONG
 POST /api/rpc 403 in 4ms
[2026-08-31T21:25:27.212Z] WARN  module=rpc message="RPC error" fn=nhapKho error=403 userId=U-XUONG
 POST /api/rpc 403 in 4ms
[2026-08-31T21:25:27.217Z] WARN  module=rpc message="RPC error" fn=xuatKho error=403 userId=U-XUONG
 POST /api/rpc 403 in 4ms
[2026-08-31T21:25:27.222Z] WARN  module=rpc message="RPC error" fn=dmCreate error=403 userId=U-XUONG
 POST /api/rpc 403 in 4ms
[2026-08-31T21:25:27.227Z] WARN  module=rpc message="RPC error" fn=dmNhap error=403 userId=U-XUONG
 POST /api/rpc 403 in 3ms
[2026-08-31T21:25:27.232Z] INFO  module=rpc message="RPC OK" fn=baogiaList userId=U-XUONG
 POST /api/rpc 200 in 4ms
[2026-08-31T21:25:27.240Z] INFO  module=rpc message="RPC OK" fn=baogiaGet userId=U-XUONG
 POST /api/rpc 200 in 6ms
[2026-08-31T21:25:27.247Z] WARN  module=rpc message="RPC error" fn=baogiaSave error=403 userId=U-XUONG
 POST /api/rpc 403 in 5ms
[2026-08-31T21:25:27.257Z] INFO  module=rpc message="RPC OK" fn=hoSoGet userId=U-XUONG
 POST /api/rpc 200 in 5ms
[2026-08-31T21:25:27.265Z] WARN  module=rpc message="RPC error" fn=hoSoSave error=403 userId=U-XUONG
 POST /api/rpc 403 in 4ms
[2026-08-31T21:25:27.271Z] INFO  module=rpc message="RPC OK" fn=hoSoList userId=U-XUONG
 POST /api/rpc 200 in 5ms
[2026-08-31T21:25:27.281Z] INFO  module=rpc message="RPC OK" fn=hoSoCheck userId=U-XUONG
 POST /api/rpc 200 in 9ms
[2026-08-31T21:25:27.293Z] INFO  module=ho_so message="keHoachSave: saved" sc_id=SC-000001 id=KH-000002 actor=U-XUONG
[2026-08-31T21:25:27.293Z] INFO  module=rpc message="RPC OK" fn=keHoachSave userId=U-XUONG
 POST /api/rpc 200 in 9ms
[2026-08-31T21:25:27.304Z] INFO  module=ho_so message="kiemTuSave: saved" sc_id=SC-000001 id=KT-000002 actor=U-XUONG
[2026-08-31T21:25:27.304Z] INFO  module=rpc message="RPC OK" fn=kiemTuSave userId=U-XUONG
 POST /api/rpc 200 in 9ms
[2026-08-31T21:25:27.314Z] INFO  module=ho_so message="nghiemThuSave: saved" sc_id=SC-000001 id=NN-000002 actor=U-XUONG
[2026-08-31T21:25:27.314Z] INFO  module=rpc message="RPC OK" fn=nghiemThuSave userId=U-XUONG
 POST /api/rpc 200 in 9ms
[2026-08-31T21:25:27.322Z] INFO  module=rpc message="RPC OK" fn=activityFeed userId=U-XUONG
 POST /api/rpc 200 in 5ms
[2026-08-31T21:25:27.327Z] INFO  module=rpc message="RPC OK" fn=dashboard userId=U-XUONG
 POST /api/rpc 200 in 4ms
[2026-08-31T21:25:27.332Z] WARN  module=rpc message="RPC error" fn=report error=403 userId=U-XUONG
 POST /api/rpc 403 in 4ms
[2026-08-31T21:25:27.338Z] INFO  module=rpc message="RPC OK" fn=phieuList userId=U-XUONG
 POST /api/rpc 200 in 5ms
 POST /api/rpc 400 in 5ms
[2026-08-31T21:25:27.351Z] INFO  module=rpc message="RPC OK" fn=assetXe userId=U-XUONG
 POST /api/rpc 200 in 5ms
[2026-08-31T21:25:27.359Z] INFO  module=rpc message="RPC OK" fn=assetReport userId=U-XUONG
 POST /api/rpc 200 in 6ms
[2026-08-31T21:25:27.366Z] INFO  module=rpc message="RPC OK" fn=tonKho userId=U-XUONG
 POST /api/rpc 200 in 6ms
[2026-08-31T21:25:27.374Z] INFO  module=rpc message="RPC OK" fn=giaLichSuList userId=U-XUONG
 POST /api/rpc 200 in 5ms
[2026-08-31T21:25:27.380Z] INFO  module=rpc message="RPC OK" fn=thanhLyList userId=U-XUONG
 POST /api/rpc 200 in 4ms
[2026-08-31T21:25:27.386Z] INFO  module=rpc message="RPC OK" fn=xeList userId=U-KETOAN
 POST /api/rpc 200 in 5ms
[2026-08-31T21:25:27.392Z] INFO  module=rpc message="RPC OK" fn=xeGet userId=U-KETOAN
 POST /api/rpc 200 in 4ms
[2026-08-31T21:25:27.397Z] WARN  module=rpc message="RPC error" fn=xeCreate error=403 userId=U-KETOAN
 POST /api/rpc 403 in 3ms
[2026-08-31T21:25:27.403Z] INFO  module=rpc message="RPC OK" fn=scList userId=U-KETOAN
 POST /api/rpc 200 in 4ms
 POST /api/rpc 400 in 5ms
[2026-08-31T21:25:27.416Z] WARN  module=rpc message="RPC error" fn=scCreate error=403 userId=U-KETOAN
 POST /api/rpc 403 in 4ms
[2026-08-31T21:25:27.421Z] WARN  module=rpc message="RPC error" fn=scAddCongViec error=403 userId=U-KETOAN
 POST /api/rpc 403 in 3ms
[2026-08-31T21:25:27.426Z] WARN  module=rpc message="RPC error" fn=scAddVatTu error=403 userId=U-KETOAN
 POST /api/rpc 403 in 3ms
[2026-08-31T21:25:27.431Z] WARN  module=rpc message="RPC error" fn=scBatDauSua error=403 userId=U-KETOAN
 POST /api/rpc 403 in 3ms
[2026-08-31T21:25:27.436Z] WARN  module=rpc message="RPC error" fn=scHoanThanh error=403 userId=U-KETOAN
 POST /api/rpc 403 in 3ms
[2026-08-31T21:25:27.441Z] WARN  module=rpc message="RPC error" fn=scTuChoi error=403 userId=U-KETOAN
 POST /api/rpc 403 in 3ms
[2026-08-31T21:25:27.450Z] WARN  module=sc message="scQuyetToan: incomplete ho so" sc_id=SC-000001 miss=["Phiếu nhập kho vật tư mới","Phiếu xuất kho cho SC"] actor=U-KETOAN
 POST /api/rpc 400 in 7ms
[2026-08-31T21:25:27.456Z] INFO  module=rpc message="RPC OK" fn=vattuList userId=U-KETOAN
 POST /api/rpc 200 in 4ms
[2026-08-31T21:25:27.461Z] INFO  module=rpc message="RPC OK" fn=vattuGet userId=U-KETOAN
 POST /api/rpc 200 in 4ms
[2026-08-31T21:25:27.466Z] WARN  module=rpc message="RPC error" fn=vattuCreate error=403 userId=U-KETOAN
 POST /api/rpc 403 in 3ms
[2026-08-31T21:25:27.471Z] WARN  module=rpc message="RPC error" fn=nhapKho error=403 userId=U-KETOAN
 POST /api/rpc 403 in 3ms
[2026-08-31T21:25:27.475Z] WARN  module=rpc message="RPC error" fn=xuatKho error=403 userId=U-KETOAN
 POST /api/rpc 403 in 4ms
[2026-08-31T21:25:27.480Z] WARN  module=rpc message="RPC error" fn=dmCreate error=403 userId=U-KETOAN
 POST /api/rpc 403 in 3ms
[2026-08-31T21:25:27.485Z] WARN  module=rpc message="RPC error" fn=dmNhap error=403 userId=U-KETOAN
 POST /api/rpc 403 in 3ms
[2026-08-31T21:25:27.491Z] INFO  module=rpc message="RPC OK" fn=baogiaList userId=U-KETOAN
 POST /api/rpc 200 in 4ms
[2026-08-31T21:25:27.496Z] INFO  module=rpc message="RPC OK" fn=baogiaGet userId=U-KETOAN
 POST /api/rpc 200 in 4ms
[2026-08-31T21:25:27.512Z] INFO  module=rpc message="RPC OK" fn=baogiaSave userId=U-KETOAN
 POST /api/rpc 200 in 13ms
[2026-08-31T21:25:27.518Z] INFO  module=rpc message="RPC OK" fn=hoSoGet userId=U-KETOAN
 POST /api/rpc 200 in 4ms
[2026-08-31T21:25:27.527Z] INFO  module=ho_so message="hoSoSave: saved" sc_id=SC-000001 id=HS-000002 actor=U-KETOAN
[2026-08-31T21:25:27.527Z] INFO  module=rpc message="RPC OK" fn=hoSoSave userId=U-KETOAN
 POST /api/rpc 200 in 8ms
[2026-08-31T21:25:27.533Z] INFO  module=rpc message="RPC OK" fn=hoSoList userId=U-KETOAN
 POST /api/rpc 200 in 5ms
[2026-08-31T21:25:27.542Z] INFO  module=rpc message="RPC OK" fn=hoSoCheck userId=U-KETOAN
 POST /api/rpc 200 in 7ms
[2026-08-31T21:25:27.547Z] WARN  module=rpc message="RPC error" fn=keHoachSave error=403 userId=U-KETOAN
 POST /api/rpc 403 in 3ms
[2026-08-31T21:25:27.551Z] WARN  module=rpc message="RPC error" fn=kiemTuSave error=403 userId=U-KETOAN
 POST /api/rpc 403 in 3ms
[2026-08-31T21:25:27.561Z] INFO  module=ho_so message="nghiemThuSave: saved" sc_id=SC-000001 id=NN-000003 actor=U-KETOAN
[2026-08-31T21:25:27.561Z] INFO  module=rpc message="RPC OK" fn=nghiemThuSave userId=U-KETOAN
 POST /api/rpc 200 in 9ms
[2026-08-31T21:25:27.567Z] INFO  module=rpc message="RPC OK" fn=activityFeed userId=U-KETOAN
 POST /api/rpc 200 in 5ms
[2026-08-31T21:25:27.572Z] INFO  module=rpc message="RPC OK" fn=dashboard userId=U-KETOAN
 POST /api/rpc 200 in 3ms
[2026-08-31T21:25:27.577Z] INFO  module=rpc message="RPC OK" fn=report userId=U-KETOAN
 POST /api/rpc 200 in 3ms
[2026-08-31T21:25:27.582Z] INFO  module=rpc message="RPC OK" fn=phieuList userId=U-KETOAN
 POST /api/rpc 200 in 5ms
 POST /api/rpc 400 in 5ms
[2026-08-31T21:25:27.595Z] INFO  module=rpc message="RPC OK" fn=assetXe userId=U-KETOAN
 POST /api/rpc 200 in 5ms
[2026-08-31T21:25:27.602Z] INFO  module=rpc message="RPC OK" fn=assetReport userId=U-KETOAN
 POST /api/rpc 200 in 5ms
[2026-08-31T21:25:27.607Z] INFO  module=rpc message="RPC OK" fn=tonKho userId=U-KETOAN
 POST /api/rpc 200 in 4ms
[2026-08-31T21:25:27.613Z] INFO  module=rpc message="RPC OK" fn=giaLichSuList userId=U-KETOAN
 POST /api/rpc 200 in 5ms
[2026-08-31T21:25:27.619Z] INFO  module=rpc message="RPC OK" fn=thanhLyList userId=U-KETOAN
 POST /api/rpc 200 in 4ms
[2026-08-31T21:25:27.625Z] INFO  module=rpc message="RPC OK" fn=xeList userId=U-KHO
 POST /api/rpc 200 in 4ms
[2026-08-31T21:25:27.630Z] INFO  module=rpc message="RPC OK" fn=xeGet userId=U-KHO
 POST /api/rpc 200 in 4ms
[2026-08-31T21:25:27.635Z] WARN  module=rpc message="RPC error" fn=xeCreate error=403 userId=U-KHO
 POST /api/rpc 403 in 4ms
[2026-08-31T21:25:27.640Z] INFO  module=rpc message="RPC OK" fn=scList userId=U-KHO
 POST /api/rpc 200 in 4ms
 POST /api/rpc 400 in 5ms
[2026-08-31T21:25:27.652Z] WARN  module=rpc message="RPC error" fn=scCreate error=403 userId=U-KHO
 POST /api/rpc 403 in 4ms
[2026-08-31T21:25:27.657Z] WARN  module=rpc message="RPC error" fn=scAddCongViec error=403 userId=U-KHO
 POST /api/rpc 403 in 4ms
[2026-08-31T21:25:27.662Z] WARN  module=rpc message="RPC error" fn=scAddVatTu error=403 userId=U-KHO
 POST /api/rpc 403 in 3ms
[2026-08-31T21:25:27.666Z] WARN  module=rpc message="RPC error" fn=scBatDauSua error=403 userId=U-KHO
 POST /api/rpc 403 in 4ms
[2026-08-31T21:25:27.671Z] WARN  module=rpc message="RPC error" fn=scHoanThanh error=403 userId=U-KHO
 POST /api/rpc 403 in 3ms
[2026-08-31T21:25:27.676Z] WARN  module=rpc message="RPC error" fn=scTuChoi error=403 userId=U-KHO
 POST /api/rpc 403 in 3ms
[2026-08-31T21:25:27.680Z] WARN  module=rpc message="RPC error" fn=scQuyetToan error=403 userId=U-KHO
 POST /api/rpc 403 in 4ms
[2026-08-31T21:25:27.687Z] INFO  module=rpc message="RPC OK" fn=vattuList userId=U-KHO
 POST /api/rpc 200 in 4ms
[2026-08-31T21:25:27.692Z] INFO  module=rpc message="RPC OK" fn=vattuGet userId=U-KHO
 POST /api/rpc 200 in 4ms
[2026-08-31T21:25:27.702Z] INFO  module=rpc message="RPC OK" fn=vattuCreate userId=U-KHO
 POST /api/rpc 200 in 8ms
[2026-08-31T21:25:27.714Z] INFO  module=rpc message="RPC OK" fn=nhapKho userId=U-KHO
 POST /api/rpc 200 in 10ms
[2026-08-31T21:25:27.724Z] INFO  module=rpc message="RPC OK" fn=xuatKho userId=U-KHO
 POST /api/rpc 200 in 9ms
[2026-08-31T21:25:27.738Z] INFO  module=rpc message="RPC OK" fn=dmCreate userId=U-KHO
 POST /api/rpc 200 in 13ms
[2026-08-31T21:25:27.755Z] INFO  module=rpc message="RPC OK" fn=dmNhap userId=U-KHO
 POST /api/rpc 200 in 14ms
[2026-08-31T21:25:27.762Z] INFO  module=rpc message="RPC OK" fn=baogiaList userId=U-KHO
 POST /api/rpc 200 in 6ms
[2026-08-31T21:25:27.770Z] INFO  module=rpc message="RPC OK" fn=baogiaGet userId=U-KHO
 POST /api/rpc 200 in 5ms
[2026-08-31T21:25:27.777Z] WARN  module=rpc message="RPC error" fn=baogiaSave error=403 userId=U-KHO
 POST /api/rpc 403 in 5ms
[2026-08-31T21:25:27.783Z] INFO  module=rpc message="RPC OK" fn=hoSoGet userId=U-KHO
 POST /api/rpc 200 in 4ms
[2026-08-31T21:25:27.788Z] WARN  module=rpc message="RPC error" fn=hoSoSave error=403 userId=U-KHO
 POST /api/rpc 403 in 3ms
[2026-08-31T21:25:27.793Z] INFO  module=rpc message="RPC OK" fn=hoSoList userId=U-KHO
 POST /api/rpc 200 in 4ms
[2026-08-31T21:25:27.802Z] INFO  module=rpc message="RPC OK" fn=hoSoCheck userId=U-KHO
 POST /api/rpc 200 in 6ms
[2026-08-31T21:25:27.807Z] WARN  module=rpc message="RPC error" fn=keHoachSave error=403 userId=U-KHO
 POST /api/rpc 403 in 4ms
[2026-08-31T21:25:27.812Z] WARN  module=rpc message="RPC error" fn=kiemTuSave error=403 userId=U-KHO
 POST /api/rpc 403 in 4ms
[2026-08-31T21:25:27.817Z] WARN  module=rpc message="RPC error" fn=nghiemThuSave error=403 userId=U-KHO
 POST /api/rpc 403 in 3ms
[2026-08-31T21:25:27.822Z] INFO  module=rpc message="RPC OK" fn=activityFeed userId=U-KHO
 POST /api/rpc 200 in 5ms
[2026-08-31T21:25:27.827Z] WARN  module=rpc message="RPC error" fn=dashboard error=403 userId=U-KHO
 POST /api/rpc 403 in 4ms
[2026-08-31T21:25:27.832Z] WARN  module=rpc message="RPC error" fn=report error=403 userId=U-KHO
 POST /api/rpc 403 in 3ms
[2026-08-31T21:25:27.838Z] INFO  module=rpc message="RPC OK" fn=phieuList userId=U-KHO
 POST /api/rpc 200 in 4ms
 POST /api/rpc 400 in 4ms
[2026-08-31T21:25:27.850Z] INFO  module=rpc message="RPC OK" fn=assetXe userId=U-KHO
 POST /api/rpc 200 in 5ms
[2026-08-31T21:25:27.857Z] INFO  module=rpc message="RPC OK" fn=assetReport userId=U-KHO
 POST /api/rpc 200 in 5ms
[2026-08-31T21:25:27.863Z] INFO  module=rpc message="RPC OK" fn=tonKho userId=U-KHO
 POST /api/rpc 200 in 4ms
[2026-08-31T21:25:27.868Z] INFO  module=rpc message="RPC OK" fn=giaLichSuList userId=U-KHO
 POST /api/rpc 200 in 4ms
[2026-08-31T21:25:27.874Z] INFO  module=rpc message="RPC OK" fn=thanhLyList userId=U-KHO
 POST /api/rpc 200 in 4ms
 ✓ Compiled /middleware in 77ms (76 modules)
 ✓ Compiled /api/auth in 140ms (87 modules)
[2026-08-31T21:25:28.633Z] INFO  module=auth message="Login successful" userId=U-ADMIN role=admin
 POST /api/auth 200 in 630ms
 ✓ Compiled in 90ms (87 modules)
 ✓ Compiled in 61ms (74 modules)
 ✓ Compiled /api/rpc in 38ms (77 modules)
[2026-08-31T21:27:39.742Z] INFO  module=rpc message="RPC OK" fn=xeList userId=U-ADMIN
 POST /api/rpc 200 in 484ms
[2026-08-31T21:27:39.755Z] INFO  module=rpc message="RPC OK" fn=xeGet userId=U-ADMIN
 POST /api/rpc 200 in 6ms
[2026-08-31T21:27:39.769Z] INFO  module=rpc message="RPC OK" fn=xeCreate userId=U-ADMIN
 POST /api/rpc 200 in 12ms
[2026-08-31T21:27:39.777Z] INFO  module=rpc message="RPC OK" fn=scList userId=U-ADMIN
 POST /api/rpc 200 in 5ms
 POST /api/rpc 400 in 5ms
[2026-08-31T21:27:39.799Z] INFO  module=rpc message="RPC OK" fn=scCreate userId=U-ADMIN
 POST /api/rpc 200 in 13ms
[2026-08-31T21:27:39.812Z] INFO  module=rpc message="RPC OK" fn=scAddCongViec userId=U-ADMIN
 POST /api/rpc 200 in 11ms
[2026-08-31T21:27:39.825Z] INFO  module=rpc message="RPC OK" fn=scAddVatTu userId=U-ADMIN
 POST /api/rpc 200 in 10ms
[2026-08-31T21:27:39.834Z] INFO  module=rpc message="RPC OK" fn=scBatDauSua userId=U-ADMIN
 POST /api/rpc 200 in 6ms
[2026-08-31T21:27:39.843Z] INFO  module=rpc message="RPC OK" fn=scHoanThanh userId=U-ADMIN
 POST /api/rpc 200 in 7ms
 POST /api/rpc 400 in 5ms
[2026-08-31T21:27:39.862Z] WARN  module=sc message="scQuyetToan: incomplete ho so" sc_id=SC-000001 miss=["Kế hoạch sửa chữa (mẫu 01)","Bản kiểm tu","Báo giá NCC (đã xác nhận)","Phiếu nhập kho vật tư mới","Phiếu xuất kho cho SC","Biên bản nghiệm thu"] actor=U-ADMIN
 POST /api/rpc 400 in 10ms
[2026-08-31T21:27:39.868Z] INFO  module=rpc message="RPC OK" fn=vattuList userId=U-ADMIN
 POST /api/rpc 200 in 5ms
[2026-08-31T21:27:39.874Z] INFO  module=rpc message="RPC OK" fn=vattuGet userId=U-ADMIN
 POST /api/rpc 200 in 5ms
[2026-08-31T21:27:39.884Z] INFO  module=rpc message="RPC OK" fn=vattuCreate userId=U-ADMIN
 POST /api/rpc 200 in 9ms
[2026-08-31T21:27:39.900Z] INFO  module=rpc message="RPC OK" fn=nhapKho userId=U-ADMIN
 POST /api/rpc 200 in 15ms
[2026-08-31T21:27:39.911Z] INFO  module=rpc message="RPC OK" fn=xuatKho userId=U-ADMIN
 POST /api/rpc 200 in 9ms
[2026-08-31T21:27:39.925Z] INFO  module=rpc message="RPC OK" fn=dmCreate userId=U-ADMIN
 POST /api/rpc 200 in 13ms
[2026-08-31T21:27:39.939Z] INFO  module=rpc message="RPC OK" fn=dmNhap userId=U-ADMIN
 POST /api/rpc 200 in 12ms
[2026-08-31T21:27:39.948Z] INFO  module=rpc message="RPC OK" fn=baogiaList userId=U-ADMIN
 POST /api/rpc 200 in 6ms
[2026-08-31T21:27:39.954Z] INFO  module=rpc message="RPC OK" fn=baogiaGet userId=U-ADMIN
 POST /api/rpc 200 in 5ms
[2026-08-31T21:27:39.971Z] INFO  module=rpc message="RPC OK" fn=baogiaSave userId=U-ADMIN
 POST /api/rpc 200 in 15ms
[2026-08-31T21:27:39.978Z] INFO  module=rpc message="RPC OK" fn=hoSoGet userId=U-ADMIN
 POST /api/rpc 200 in 5ms
[2026-08-31T21:27:39.989Z] INFO  module=ho_so message="hoSoSave: saved" sc_id=SC-000001 id=HS-000001 actor=U-ADMIN
[2026-08-31T21:27:39.989Z] INFO  module=rpc message="RPC OK" fn=hoSoSave userId=U-ADMIN
 POST /api/rpc 200 in 9ms
[2026-08-31T21:27:39.995Z] INFO  module=rpc message="RPC OK" fn=hoSoList userId=U-ADMIN
 POST /api/rpc 200 in 5ms
[2026-08-31T21:27:40.005Z] INFO  module=rpc message="RPC OK" fn=hoSoCheck userId=U-ADMIN
 POST /api/rpc 200 in 8ms
[2026-08-31T21:27:40.017Z] INFO  module=ho_so message="keHoachSave: saved" sc_id=SC-000001 id=KH-000001 actor=U-ADMIN
[2026-08-31T21:27:40.017Z] INFO  module=rpc message="RPC OK" fn=keHoachSave userId=U-ADMIN
 POST /api/rpc 200 in 10ms
[2026-08-31T21:27:40.027Z] INFO  module=ho_so message="kiemTuSave: saved" sc_id=SC-000001 id=KT-000001 actor=U-ADMIN
[2026-08-31T21:27:40.027Z] INFO  module=rpc message="RPC OK" fn=kiemTuSave userId=U-ADMIN
 POST /api/rpc 200 in 9ms
[2026-08-31T21:27:40.040Z] INFO  module=ho_so message="nghiemThuSave: saved" sc_id=SC-000001 id=NN-000001 actor=U-ADMIN
[2026-08-31T21:27:40.040Z] INFO  module=rpc message="RPC OK" fn=nghiemThuSave userId=U-ADMIN
 POST /api/rpc 200 in 10ms
[2026-08-31T21:27:40.048Z] INFO  module=rpc message="RPC OK" fn=activityFeed userId=U-ADMIN
 POST /api/rpc 200 in 6ms
[2026-08-31T21:27:40.053Z] INFO  module=rpc message="RPC OK" fn=dashboard userId=U-ADMIN
 POST /api/rpc 200 in 4ms
[2026-08-31T21:27:40.059Z] INFO  module=rpc message="RPC OK" fn=report userId=U-ADMIN
 POST /api/rpc 200 in 3ms
[2026-08-31T21:27:40.074Z] INFO  module=rpc message="RPC OK" fn=phieuList userId=U-ADMIN
 POST /api/rpc 200 in 13ms
 POST /api/rpc 400 in 6ms
[2026-08-31T21:27:40.090Z] INFO  module=rpc message="RPC OK" fn=assetXe userId=U-ADMIN
 POST /api/rpc 200 in 7ms
[2026-08-31T21:27:40.098Z] INFO  module=rpc message="RPC OK" fn=assetReport userId=U-ADMIN
 POST /api/rpc 200 in 7ms
[2026-08-31T21:27:40.105Z] INFO  module=rpc message="RPC OK" fn=tonKho userId=U-ADMIN
 POST /api/rpc 200 in 5ms
[2026-08-31T21:27:40.113Z] INFO  module=rpc message="RPC OK" fn=giaLichSuList userId=U-ADMIN
 POST /api/rpc 200 in 6ms
[2026-08-31T21:27:40.120Z] INFO  module=rpc message="RPC OK" fn=thanhLyList userId=U-ADMIN
 POST /api/rpc 200 in 6ms
[2026-08-31T21:27:40.127Z] INFO  module=rpc message="RPC OK" fn=dmList userId=U-ADMIN
 POST /api/rpc 200 in 6ms
[2026-08-31T21:27:40.133Z] INFO  module=rpc message="RPC OK" fn=dmDetail userId=U-ADMIN
 POST /api/rpc 200 in 4ms
[2026-08-31T21:27:40.139Z] INFO  module=rpc message="RPC OK" fn=dmListBySc userId=U-ADMIN
 POST /api/rpc 200 in 4ms
[2026-08-31T21:27:40.145Z] INFO  module=rpc message="RPC OK" fn=dmDelete userId=U-ADMIN
 POST /api/rpc 200 in 5ms
[2026-08-31T21:27:40.152Z] INFO  module=rpc message="RPC OK" fn=xeList userId=U-GIAMDOC
 POST /api/rpc 200 in 5ms
[2026-08-31T21:27:40.159Z] INFO  module=rpc message="RPC OK" fn=xeGet userId=U-GIAMDOC
 POST /api/rpc 200 in 5ms
[2026-08-31T21:27:40.165Z] WARN  module=rpc message="RPC error" fn=xeCreate error=403 userId=U-GIAMDOC
 POST /api/rpc 403 in 4ms
[2026-08-31T21:27:40.172Z] INFO  module=rpc message="RPC OK" fn=scList userId=U-GIAMDOC
 POST /api/rpc 200 in 6ms
 POST /api/rpc 400 in 5ms
[2026-08-31T21:27:40.186Z] WARN  module=rpc message="RPC error" fn=scCreate error=403 userId=U-GIAMDOC
 POST /api/rpc 403 in 3ms
[2026-08-31T21:27:40.191Z] WARN  module=rpc message="RPC error" fn=scAddCongViec error=403 userId=U-GIAMDOC
 POST /api/rpc 403 in 3ms
[2026-08-31T21:27:40.196Z] WARN  module=rpc message="RPC error" fn=scAddVatTu error=403 userId=U-GIAMDOC
 POST /api/rpc 403 in 3ms
[2026-08-31T21:27:40.200Z] WARN  module=rpc message="RPC error" fn=scBatDauSua error=403 userId=U-GIAMDOC
 POST /api/rpc 403 in 4ms
[2026-08-31T21:27:40.205Z] WARN  module=rpc message="RPC error" fn=scHoanThanh error=403 userId=U-GIAMDOC
 POST /api/rpc 403 in 4ms
[2026-08-31T21:27:40.210Z] WARN  module=rpc message="RPC error" fn=scTuChoi error=403 userId=U-GIAMDOC
 POST /api/rpc 403 in 3ms
[2026-08-31T21:27:40.214Z] WARN  module=rpc message="RPC error" fn=scQuyetToan error=403 userId=U-GIAMDOC
 POST /api/rpc 403 in 4ms
[2026-08-31T21:27:40.220Z] INFO  module=rpc message="RPC OK" fn=vattuList userId=U-GIAMDOC
 POST /api/rpc 200 in 4ms
[2026-08-31T21:27:40.226Z] INFO  module=rpc message="RPC OK" fn=vattuGet userId=U-GIAMDOC
 POST /api/rpc 200 in 4ms
[2026-08-31T21:27:40.231Z] WARN  module=rpc message="RPC error" fn=vattuCreate error=403 userId=U-GIAMDOC
 POST /api/rpc 403 in 4ms
[2026-08-31T21:27:40.237Z] WARN  module=rpc message="RPC error" fn=nhapKho error=403 userId=U-GIAMDOC
 POST /api/rpc 403 in 4ms
[2026-08-31T21:27:40.242Z] WARN  module=rpc message="RPC error" fn=xuatKho error=403 userId=U-GIAMDOC
 POST /api/rpc 403 in 3ms
[2026-08-31T21:27:40.246Z] WARN  module=rpc message="RPC error" fn=dmCreate error=403 userId=U-GIAMDOC
 POST /api/rpc 403 in 4ms
[2026-08-31T21:27:40.251Z] WARN  module=rpc message="RPC error" fn=dmNhap error=403 userId=U-GIAMDOC
 POST /api/rpc 403 in 3ms
[2026-08-31T21:27:40.257Z] INFO  module=rpc message="RPC OK" fn=baogiaList userId=U-GIAMDOC
 POST /api/rpc 200 in 4ms
[2026-08-31T21:27:40.262Z] INFO  module=rpc message="RPC OK" fn=baogiaGet userId=U-GIAMDOC
 POST /api/rpc 200 in 4ms
[2026-08-31T21:27:40.268Z] WARN  module=rpc message="RPC error" fn=baogiaSave error=403 userId=U-GIAMDOC
 POST /api/rpc 403 in 4ms
[2026-08-31T21:27:40.274Z] INFO  module=rpc message="RPC OK" fn=hoSoGet userId=U-GIAMDOC
 POST /api/rpc 200 in 6ms
[2026-08-31T21:27:40.280Z] WARN  module=rpc message="RPC error" fn=hoSoSave error=403 userId=U-GIAMDOC
 POST /api/rpc 403 in 4ms
[2026-08-31T21:27:40.286Z] INFO  module=rpc message="RPC OK" fn=hoSoList userId=U-GIAMDOC
 POST /api/rpc 200 in 4ms
[2026-08-31T21:27:40.296Z] INFO  module=rpc message="RPC OK" fn=hoSoCheck userId=U-GIAMDOC
 POST /api/rpc 200 in 9ms
[2026-08-31T21:27:40.301Z] WARN  module=rpc message="RPC error" fn=keHoachSave error=403 userId=U-GIAMDOC
 POST /api/rpc 403 in 3ms
[2026-08-31T21:27:40.306Z] WARN  module=rpc message="RPC error" fn=kiemTuSave error=403 userId=U-GIAMDOC
 POST /api/rpc 403 in 3ms
[2026-08-31T21:27:40.311Z] WARN  module=rpc message="RPC error" fn=nghiemThuSave error=403 userId=U-GIAMDOC
 POST /api/rpc 403 in 4ms
[2026-08-31T21:27:40.319Z] INFO  module=rpc message="RPC OK" fn=activityFeed userId=U-GIAMDOC
 POST /api/rpc 200 in 6ms
[2026-08-31T21:27:40.323Z] INFO  module=rpc message="RPC OK" fn=dashboard userId=U-GIAMDOC
 POST /api/rpc 200 in 4ms
[2026-08-31T21:27:40.329Z] INFO  module=rpc message="RPC OK" fn=report userId=U-GIAMDOC
 POST /api/rpc 200 in 4ms
[2026-08-31T21:27:40.335Z] INFO  module=rpc message="RPC OK" fn=phieuList userId=U-GIAMDOC
 POST /api/rpc 200 in 4ms
 POST /api/rpc 400 in 4ms
[2026-08-31T21:27:40.347Z] INFO  module=rpc message="RPC OK" fn=assetXe userId=U-GIAMDOC
 POST /api/rpc 200 in 5ms
[2026-08-31T21:27:40.353Z] INFO  module=rpc message="RPC OK" fn=assetReport userId=U-GIAMDOC
 POST /api/rpc 200 in 5ms
[2026-08-31T21:27:40.360Z] INFO  module=rpc message="RPC OK" fn=tonKho userId=U-GIAMDOC
 POST /api/rpc 200 in 5ms
[2026-08-31T21:27:40.366Z] INFO  module=rpc message="RPC OK" fn=giaLichSuList userId=U-GIAMDOC
 POST /api/rpc 200 in 4ms
[2026-08-31T21:27:40.372Z] INFO  module=rpc message="RPC OK" fn=thanhLyList userId=U-GIAMDOC
 POST /api/rpc 200 in 4ms
[2026-08-31T21:27:40.378Z] INFO  module=rpc message="RPC OK" fn=dmList userId=U-GIAMDOC
 POST /api/rpc 200 in 4ms
[2026-08-31T21:27:40.383Z] INFO  module=rpc message="RPC OK" fn=dmDetail userId=U-GIAMDOC
 POST /api/rpc 200 in 4ms
[2026-08-31T21:27:40.388Z] INFO  module=rpc message="RPC OK" fn=dmListBySc userId=U-GIAMDOC
 POST /api/rpc 200 in 4ms
[2026-08-31T21:27:40.393Z] WARN  module=rpc message="RPC error" fn=dmDelete error=403 userId=U-GIAMDOC
 POST /api/rpc 403 in 4ms
[2026-08-31T21:27:40.399Z] INFO  module=rpc message="RPC OK" fn=xeList userId=U-XUONG
 POST /api/rpc 200 in 4ms
[2026-08-31T21:27:40.404Z] INFO  module=rpc message="RPC OK" fn=xeGet userId=U-XUONG
 POST /api/rpc 200 in 3ms
[2026-08-31T21:27:40.409Z] WARN  module=rpc message="RPC error" fn=xeCreate error=403 userId=U-XUONG
 POST /api/rpc 403 in 3ms
[2026-08-31T21:27:40.414Z] INFO  module=rpc message="RPC OK" fn=scList userId=U-XUONG
 POST /api/rpc 200 in 4ms
 POST /api/rpc 400 in 4ms
[2026-08-31T21:27:40.433Z] INFO  module=rpc message="RPC OK" fn=scCreate userId=U-XUONG
 POST /api/rpc 200 in 12ms
[2026-08-31T21:27:40.444Z] INFO  module=rpc message="RPC OK" fn=scAddCongViec userId=U-XUONG
 POST /api/rpc 200 in 10ms
[2026-08-31T21:27:40.456Z] INFO  module=rpc message="RPC OK" fn=scAddVatTu userId=U-XUONG
 POST /api/rpc 200 in 11ms
 POST /api/rpc 400 in 6ms
 POST /api/rpc 400 in 4ms
 POST /api/rpc 400 in 4ms
[2026-08-31T21:27:40.480Z] WARN  module=sc message="scQuyetToan: role not allowed" actor=U-XUONG role=xuong
[2026-08-31T21:27:40.480Z] WARN  module=rpc message="RPC error" fn=scQuyetToan error=403 userId=U-XUONG
 POST /api/rpc 403 in 3ms
[2026-08-31T21:27:40.485Z] INFO  module=rpc message="RPC OK" fn=vattuList userId=U-XUONG
 POST /api/rpc 200 in 5ms
[2026-08-31T21:27:40.491Z] INFO  module=rpc message="RPC OK" fn=vattuGet userId=U-XUONG
 POST /api/rpc 200 in 4ms
[2026-08-31T21:27:40.496Z] WARN  module=rpc message="RPC error" fn=vattuCreate error=403 userId=U-XUONG
 POST /api/rpc 403 in 3ms
[2026-08-31T21:27:40.500Z] WARN  module=rpc message="RPC error" fn=nhapKho error=403 userId=U-XUONG
 POST /api/rpc 403 in 4ms
[2026-08-31T21:27:40.506Z] WARN  module=rpc message="RPC error" fn=xuatKho error=403 userId=U-XUONG
 POST /api/rpc 403 in 4ms
[2026-08-31T21:27:40.511Z] WARN  module=rpc message="RPC error" fn=dmCreate error=403 userId=U-XUONG
 POST /api/rpc 403 in 3ms
[2026-08-31T21:27:40.516Z] WARN  module=rpc message="RPC error" fn=dmNhap error=403 userId=U-XUONG
 POST /api/rpc 403 in 4ms
[2026-08-31T21:27:40.522Z] INFO  module=rpc message="RPC OK" fn=baogiaList userId=U-XUONG
 POST /api/rpc 200 in 4ms
[2026-08-31T21:27:40.527Z] INFO  module=rpc message="RPC OK" fn=baogiaGet userId=U-XUONG
 POST /api/rpc 200 in 4ms
[2026-08-31T21:27:40.532Z] WARN  module=rpc message="RPC error" fn=baogiaSave error=403 userId=U-XUONG
 POST /api/rpc 403 in 3ms
[2026-08-31T21:27:40.537Z] INFO  module=rpc message="RPC OK" fn=hoSoGet userId=U-XUONG
 POST /api/rpc 200 in 4ms
[2026-08-31T21:27:40.542Z] WARN  module=rpc message="RPC error" fn=hoSoSave error=403 userId=U-XUONG
 POST /api/rpc 403 in 4ms
[2026-08-31T21:27:40.548Z] INFO  module=rpc message="RPC OK" fn=hoSoList userId=U-XUONG
 POST /api/rpc 200 in 4ms
[2026-08-31T21:27:40.556Z] INFO  module=rpc message="RPC OK" fn=hoSoCheck userId=U-XUONG
 POST /api/rpc 200 in 7ms
[2026-08-31T21:27:40.566Z] INFO  module=ho_so message="keHoachSave: saved" sc_id=SC-000001 id=KH-000002 actor=U-XUONG
[2026-08-31T21:27:40.566Z] INFO  module=rpc message="RPC OK" fn=keHoachSave userId=U-XUONG
 POST /api/rpc 200 in 8ms
[2026-08-31T21:27:40.576Z] INFO  module=ho_so message="kiemTuSave: saved" sc_id=SC-000001 id=KT-000002 actor=U-XUONG
[2026-08-31T21:27:40.576Z] INFO  module=rpc message="RPC OK" fn=kiemTuSave userId=U-XUONG
 POST /api/rpc 200 in 8ms
[2026-08-31T21:27:40.585Z] INFO  module=ho_so message="nghiemThuSave: saved" sc_id=SC-000001 id=NN-000002 actor=U-XUONG
[2026-08-31T21:27:40.586Z] INFO  module=rpc message="RPC OK" fn=nghiemThuSave userId=U-XUONG
 POST /api/rpc 200 in 8ms
[2026-08-31T21:27:40.591Z] INFO  module=rpc message="RPC OK" fn=activityFeed userId=U-XUONG
 POST /api/rpc 200 in 4ms
[2026-08-31T21:27:40.596Z] INFO  module=rpc message="RPC OK" fn=dashboard userId=U-XUONG
 POST /api/rpc 200 in 4ms
[2026-08-31T21:27:40.601Z] WARN  module=rpc message="RPC error" fn=report error=403 userId=U-XUONG
 POST /api/rpc 403 in 3ms
[2026-08-31T21:27:40.607Z] INFO  module=rpc message="RPC OK" fn=phieuList userId=U-XUONG
 POST /api/rpc 200 in 4ms
 POST /api/rpc 400 in 4ms
[2026-08-31T21:27:40.619Z] INFO  module=rpc message="RPC OK" fn=assetXe userId=U-XUONG
 POST /api/rpc 200 in 6ms
[2026-08-31T21:27:40.626Z] INFO  module=rpc message="RPC OK" fn=assetReport userId=U-XUONG
 POST /api/rpc 200 in 5ms
[2026-08-31T21:27:40.632Z] INFO  module=rpc message="RPC OK" fn=tonKho userId=U-XUONG
 POST /api/rpc 200 in 5ms
[2026-08-31T21:27:40.638Z] INFO  module=rpc message="RPC OK" fn=giaLichSuList userId=U-XUONG
 POST /api/rpc 200 in 4ms
[2026-08-31T21:27:40.644Z] INFO  module=rpc message="RPC OK" fn=thanhLyList userId=U-XUONG
 POST /api/rpc 200 in 4ms
[2026-08-31T21:27:40.649Z] INFO  module=rpc message="RPC OK" fn=dmList userId=U-XUONG
 POST /api/rpc 200 in 4ms
[2026-08-31T21:27:40.655Z] INFO  module=rpc message="RPC OK" fn=dmDetail userId=U-XUONG
 POST /api/rpc 200 in 3ms
[2026-08-31T21:27:40.660Z] INFO  module=rpc message="RPC OK" fn=dmListBySc userId=U-XUONG
 POST /api/rpc 200 in 3ms
[2026-08-31T21:27:40.664Z] WARN  module=rpc message="RPC error" fn=dmDelete error=403 userId=U-XUONG
 POST /api/rpc 403 in 3ms
[2026-08-31T21:27:40.670Z] INFO  module=rpc message="RPC OK" fn=xeList userId=U-KETOAN
 POST /api/rpc 200 in 4ms
[2026-08-31T21:27:40.676Z] INFO  module=rpc message="RPC OK" fn=xeGet userId=U-KETOAN
 POST /api/rpc 200 in 5ms
[2026-08-31T21:27:40.681Z] WARN  module=rpc message="RPC error" fn=xeCreate error=403 userId=U-KETOAN
 POST /api/rpc 403 in 4ms
[2026-08-31T21:27:40.687Z] INFO  module=rpc message="RPC OK" fn=scList userId=U-KETOAN
 POST /api/rpc 200 in 5ms
 POST /api/rpc 400 in 5ms
[2026-08-31T21:27:40.699Z] WARN  module=rpc message="RPC error" fn=scCreate error=403 userId=U-KETOAN
 POST /api/rpc 403 in 4ms
[2026-08-31T21:27:40.704Z] WARN  module=rpc message="RPC error" fn=scAddCongViec error=403 userId=U-KETOAN
 POST /api/rpc 403 in 4ms
[2026-08-31T21:27:40.709Z] WARN  module=rpc message="RPC error" fn=scAddVatTu error=403 userId=U-KETOAN
 POST /api/rpc 403 in 3ms
[2026-08-31T21:27:40.714Z] WARN  module=rpc message="RPC error" fn=scBatDauSua error=403 userId=U-KETOAN
 POST /api/rpc 403 in 3ms
[2026-08-31T21:27:40.718Z] WARN  module=rpc message="RPC error" fn=scHoanThanh error=403 userId=U-KETOAN
 POST /api/rpc 403 in 4ms
[2026-08-31T21:27:40.724Z] WARN  module=rpc message="RPC error" fn=scTuChoi error=403 userId=U-KETOAN
 POST /api/rpc 403 in 4ms
[2026-08-31T21:27:40.732Z] WARN  module=sc message="scQuyetToan: incomplete ho so" sc_id=SC-000001 miss=["Phiếu nhập kho vật tư mới","Phiếu xuất kho cho SC"] actor=U-KETOAN
 POST /api/rpc 400 in 7ms
[2026-08-31T21:27:40.741Z] INFO  module=rpc message="RPC OK" fn=vattuList userId=U-KETOAN
 POST /api/rpc 200 in 5ms
[2026-08-31T21:27:40.748Z] INFO  module=rpc message="RPC OK" fn=vattuGet userId=U-KETOAN
 POST /api/rpc 200 in 4ms
[2026-08-31T21:27:40.753Z] WARN  module=rpc message="RPC error" fn=vattuCreate error=403 userId=U-KETOAN
 POST /api/rpc 403 in 3ms
[2026-08-31T21:27:40.758Z] WARN  module=rpc message="RPC error" fn=nhapKho error=403 userId=U-KETOAN
 POST /api/rpc 403 in 4ms
[2026-08-31T21:27:40.764Z] WARN  module=rpc message="RPC error" fn=xuatKho error=403 userId=U-KETOAN
 POST /api/rpc 403 in 3ms
[2026-08-31T21:27:40.769Z] WARN  module=rpc message="RPC error" fn=dmCreate error=403 userId=U-KETOAN
 POST /api/rpc 403 in 4ms
[2026-08-31T21:27:40.774Z] WARN  module=rpc message="RPC error" fn=dmNhap error=403 userId=U-KETOAN
 POST /api/rpc 403 in 4ms
[2026-08-31T21:27:40.780Z] INFO  module=rpc message="RPC OK" fn=baogiaList userId=U-KETOAN
 POST /api/rpc 200 in 4ms
[2026-08-31T21:27:40.786Z] INFO  module=rpc message="RPC OK" fn=baogiaGet userId=U-KETOAN
 POST /api/rpc 200 in 4ms
[2026-08-31T21:27:40.801Z] INFO  module=rpc message="RPC OK" fn=baogiaSave userId=U-KETOAN
 POST /api/rpc 200 in 14ms
[2026-08-31T21:27:40.808Z] INFO  module=rpc message="RPC OK" fn=hoSoGet userId=U-KETOAN
 POST /api/rpc 200 in 4ms
[2026-08-31T21:27:40.818Z] INFO  module=ho_so message="hoSoSave: saved" sc_id=SC-000001 id=HS-000002 actor=U-KETOAN
[2026-08-31T21:27:40.818Z] INFO  module=rpc message="RPC OK" fn=hoSoSave userId=U-KETOAN
 POST /api/rpc 200 in 8ms
[2026-08-31T21:27:40.824Z] INFO  module=rpc message="RPC OK" fn=hoSoList userId=U-KETOAN
 POST /api/rpc 200 in 4ms
[2026-08-31T21:27:40.833Z] INFO  module=rpc message="RPC OK" fn=hoSoCheck userId=U-KETOAN
 POST /api/rpc 200 in 7ms
[2026-08-31T21:27:40.838Z] WARN  module=rpc message="RPC error" fn=keHoachSave error=403 userId=U-KETOAN
 POST /api/rpc 403 in 3ms
[2026-08-31T21:27:40.843Z] WARN  module=rpc message="RPC error" fn=kiemTuSave error=403 userId=U-KETOAN
 POST /api/rpc 403 in 4ms
[2026-08-31T21:27:40.855Z] INFO  module=ho_so message="nghiemThuSave: saved" sc_id=SC-000001 id=NN-000003 actor=U-KETOAN
[2026-08-31T21:27:40.855Z] INFO  module=rpc message="RPC OK" fn=nghiemThuSave userId=U-KETOAN
 POST /api/rpc 200 in 9ms
[2026-08-31T21:27:40.862Z] INFO  module=rpc message="RPC OK" fn=activityFeed userId=U-KETOAN
 POST /api/rpc 200 in 5ms
[2026-08-31T21:27:40.867Z] INFO  module=rpc message="RPC OK" fn=dashboard userId=U-KETOAN
 POST /api/rpc 200 in 4ms
[2026-08-31T21:27:40.873Z] INFO  module=rpc message="RPC OK" fn=report userId=U-KETOAN
 POST /api/rpc 200 in 4ms
[2026-08-31T21:27:40.880Z] INFO  module=rpc message="RPC OK" fn=phieuList userId=U-KETOAN
 POST /api/rpc 200 in 5ms
 POST /api/rpc 400 in 5ms
[2026-08-31T21:27:40.894Z] INFO  module=rpc message="RPC OK" fn=assetXe userId=U-KETOAN
 POST /api/rpc 200 in 5ms
[2026-08-31T21:27:40.901Z] INFO  module=rpc message="RPC OK" fn=assetReport userId=U-KETOAN
 POST /api/rpc 200 in 5ms
[2026-08-31T21:27:40.907Z] INFO  module=rpc message="RPC OK" fn=tonKho userId=U-KETOAN
 POST /api/rpc 200 in 5ms
[2026-08-31T21:27:40.913Z] INFO  module=rpc message="RPC OK" fn=giaLichSuList userId=U-KETOAN
 POST /api/rpc 200 in 4ms
[2026-08-31T21:27:40.919Z] INFO  module=rpc message="RPC OK" fn=thanhLyList userId=U-KETOAN
 POST /api/rpc 200 in 5ms
[2026-08-31T21:27:40.927Z] INFO  module=rpc message="RPC OK" fn=dmList userId=U-KETOAN
 POST /api/rpc 200 in 5ms
[2026-08-31T21:27:40.932Z] INFO  module=rpc message="RPC OK" fn=dmDetail userId=U-KETOAN
 POST /api/rpc 200 in 4ms
[2026-08-31T21:27:40.938Z] INFO  module=rpc message="RPC OK" fn=dmListBySc userId=U-KETOAN
 POST /api/rpc 200 in 4ms
[2026-08-31T21:27:40.943Z] WARN  module=rpc message="RPC error" fn=dmDelete error=403 userId=U-KETOAN
 POST /api/rpc 403 in 3ms
[2026-08-31T21:27:40.948Z] INFO  module=rpc message="RPC OK" fn=xeList userId=U-KHO
 POST /api/rpc 200 in 4ms
[2026-08-31T21:27:40.954Z] INFO  module=rpc message="RPC OK" fn=xeGet userId=U-KHO
 POST /api/rpc 200 in 4ms
[2026-08-31T21:27:40.959Z] WARN  module=rpc message="RPC error" fn=xeCreate error=403 userId=U-KHO
 POST /api/rpc 403 in 3ms
[2026-08-31T21:27:40.964Z] INFO  module=rpc message="RPC OK" fn=scList userId=U-KHO
 POST /api/rpc 200 in 4ms
 POST /api/rpc 400 in 4ms
[2026-08-31T21:27:40.975Z] WARN  module=rpc message="RPC error" fn=scCreate error=403 userId=U-KHO
 POST /api/rpc 403 in 3ms
[2026-08-31T21:27:40.979Z] WARN  module=rpc message="RPC error" fn=scAddCongViec error=403 userId=U-KHO
 POST /api/rpc 403 in 4ms
[2026-08-31T21:27:40.984Z] WARN  module=rpc message="RPC error" fn=scAddVatTu error=403 userId=U-KHO
 POST /api/rpc 403 in 3ms
[2026-08-31T21:27:40.989Z] WARN  module=rpc message="RPC error" fn=scBatDauSua error=403 userId=U-KHO
 POST /api/rpc 403 in 3ms
[2026-08-31T21:27:40.993Z] WARN  module=rpc message="RPC error" fn=scHoanThanh error=403 userId=U-KHO
 POST /api/rpc 403 in 4ms
[2026-08-31T21:27:40.998Z] WARN  module=rpc message="RPC error" fn=scTuChoi error=403 userId=U-KHO
 POST /api/rpc 403 in 3ms
[2026-08-31T21:27:41.002Z] WARN  module=rpc message="RPC error" fn=scQuyetToan error=403 userId=U-KHO
 POST /api/rpc 403 in 3ms
[2026-08-31T21:27:41.009Z] INFO  module=rpc message="RPC OK" fn=vattuList userId=U-KHO
 POST /api/rpc 200 in 5ms
[2026-08-31T21:27:41.015Z] INFO  module=rpc message="RPC OK" fn=vattuGet userId=U-KHO
 POST /api/rpc 200 in 4ms
[2026-08-31T21:27:41.024Z] INFO  module=rpc message="RPC OK" fn=vattuCreate userId=U-KHO
 POST /api/rpc 200 in 8ms
[2026-08-31T21:27:41.035Z] INFO  module=rpc message="RPC OK" fn=nhapKho userId=U-KHO
 POST /api/rpc 200 in 9ms
[2026-08-31T21:27:41.045Z] INFO  module=rpc message="RPC OK" fn=xuatKho userId=U-KHO
 POST /api/rpc 200 in 8ms
[2026-08-31T21:27:41.057Z] INFO  module=rpc message="RPC OK" fn=dmCreate userId=U-KHO
 POST /api/rpc 200 in 10ms
[2026-08-31T21:27:41.069Z] INFO  module=rpc message="RPC OK" fn=dmNhap userId=U-KHO
 POST /api/rpc 200 in 10ms
[2026-08-31T21:27:41.075Z] INFO  module=rpc message="RPC OK" fn=baogiaList userId=U-KHO
 POST /api/rpc 200 in 4ms
[2026-08-31T21:27:41.080Z] INFO  module=rpc message="RPC OK" fn=baogiaGet userId=U-KHO
 POST /api/rpc 200 in 4ms
[2026-08-31T21:27:41.085Z] WARN  module=rpc message="RPC error" fn=baogiaSave error=403 userId=U-KHO
 POST /api/rpc 403 in 3ms
[2026-08-31T21:27:41.090Z] INFO  module=rpc message="RPC OK" fn=hoSoGet userId=U-KHO
 POST /api/rpc 200 in 4ms
[2026-08-31T21:27:41.095Z] WARN  module=rpc message="RPC error" fn=hoSoSave error=403 userId=U-KHO
 POST /api/rpc 403 in 3ms
[2026-08-31T21:27:41.101Z] INFO  module=rpc message="RPC OK" fn=hoSoList userId=U-KHO
 POST /api/rpc 200 in 4ms
[2026-08-31T21:27:41.109Z] INFO  module=rpc message="RPC OK" fn=hoSoCheck userId=U-KHO
 POST /api/rpc 200 in 6ms
[2026-08-31T21:27:41.114Z] WARN  module=rpc message="RPC error" fn=keHoachSave error=403 userId=U-KHO
 POST /api/rpc 403 in 3ms
[2026-08-31T21:27:41.119Z] WARN  module=rpc message="RPC error" fn=kiemTuSave error=403 userId=U-KHO
 POST /api/rpc 403 in 4ms
[2026-08-31T21:27:41.123Z] WARN  module=rpc message="RPC error" fn=nghiemThuSave error=403 userId=U-KHO
 POST /api/rpc 403 in 4ms
[2026-08-31T21:27:41.129Z] INFO  module=rpc message="RPC OK" fn=activityFeed userId=U-KHO
 POST /api/rpc 200 in 4ms
[2026-08-31T21:27:41.134Z] WARN  module=rpc message="RPC error" fn=dashboard error=403 userId=U-KHO
 POST /api/rpc 403 in 3ms
[2026-08-31T21:27:41.139Z] WARN  module=rpc message="RPC error" fn=report error=403 userId=U-KHO
 POST /api/rpc 403 in 3ms
[2026-08-31T21:27:41.144Z] INFO  module=rpc message="RPC OK" fn=phieuList userId=U-KHO
 POST /api/rpc 200 in 5ms
 POST /api/rpc 400 in 5ms
[2026-08-31T21:27:41.157Z] INFO  module=rpc message="RPC OK" fn=assetXe userId=U-KHO
 POST /api/rpc 200 in 5ms
[2026-08-31T21:27:41.163Z] INFO  module=rpc message="RPC OK" fn=assetReport userId=U-KHO
 POST /api/rpc 200 in 5ms
[2026-08-31T21:27:41.169Z] INFO  module=rpc message="RPC OK" fn=tonKho userId=U-KHO
 POST /api/rpc 200 in 4ms
[2026-08-31T21:27:41.175Z] INFO  module=rpc message="RPC OK" fn=giaLichSuList userId=U-KHO
 POST /api/rpc 200 in 4ms
[2026-08-31T21:27:41.189Z] INFO  module=rpc message="RPC OK" fn=thanhLyList userId=U-KHO
 POST /api/rpc 200 in 14ms
[2026-08-31T21:27:41.195Z] INFO  module=rpc message="RPC OK" fn=dmList userId=U-KHO
 POST /api/rpc 200 in 5ms
[2026-08-31T21:27:41.201Z] INFO  module=rpc message="RPC OK" fn=dmDetail userId=U-KHO
 POST /api/rpc 200 in 4ms
[2026-08-31T21:27:41.206Z] INFO  module=rpc message="RPC OK" fn=dmListBySc userId=U-KHO
 POST /api/rpc 200 in 4ms
[2026-08-31T21:27:41.212Z] INFO  module=rpc message="RPC OK" fn=dmDelete userId=U-KHO
 POST /api/rpc 200 in 4ms
 ✓ Compiled /api/auth in 19ms (87 modules)
[2026-08-31T21:27:41.758Z] INFO  module=auth message="Login successful" userId=U-ADMIN role=admin
 POST /api/auth 200 in 537ms
 ○ Compiling /_not-found ...
 ✓ Compiled /_not-found in 1643ms (505 modules)
 POST /api/rpc 404 in 1748ms
 POST /api/rpc 404 in 79ms
 POST /api/rpc 404 in 41ms
 POST /api/rpc 404 in 49ms
 POST /api/rpc 404 in 70ms
 POST /api/rpc 404 in 51ms
 POST /api/rpc 404 in 63ms
 POST /api/rpc 404 in 79ms
 POST /api/rpc 404 in 65ms
 POST /api/rpc 404 in 59ms
 POST /api/rpc 404 in 42ms
 POST /api/rpc 404 in 50ms
 POST /api/rpc 404 in 27ms
 POST /api/rpc 404 in 40ms
[2026-08-31T21:29:36.309Z] INFO  module=rpc message="RPC OK" fn=vattuCreate userId=U-ADMIN
 POST /api/rpc 200 in 47ms
[2026-08-31T21:29:36.325Z] INFO  module=rpc message="RPC OK" fn=nhapKho userId=U-ADMIN
 POST /api/rpc 200 in 14ms
[2026-08-31T21:29:36.337Z] INFO  module=rpc message="RPC OK" fn=xuatKho userId=U-ADMIN
 POST /api/rpc 200 in 9ms
[2026-08-31T21:29:36.352Z] INFO  module=rpc message="RPC OK" fn=dmCreate userId=U-ADMIN
 POST /api/rpc 200 in 13ms
[2026-08-31T21:29:36.366Z] INFO  module=rpc message="RPC OK" fn=dmNhap userId=U-ADMIN
 POST /api/rpc 200 in 13ms
[2026-08-31T21:29:36.374Z] INFO  module=rpc message="RPC OK" fn=baogiaList userId=U-ADMIN
 POST /api/rpc 200 in 5ms
[2026-08-31T21:29:36.381Z] INFO  module=rpc message="RPC OK" fn=baogiaGet userId=U-ADMIN
 POST /api/rpc 200 in 5ms
[2026-08-31T21:29:36.399Z] INFO  module=rpc message="RPC OK" fn=baogiaSave userId=U-ADMIN
 POST /api/rpc 200 in 16ms
[2026-08-31T21:29:36.406Z] INFO  module=rpc message="RPC OK" fn=hoSoGet userId=U-ADMIN
 POST /api/rpc 200 in 6ms
[2026-08-31T21:29:36.417Z] INFO  module=ho_so message="hoSoSave: saved" sc_id=SC-000001 id=HS-000001 actor=U-ADMIN
[2026-08-31T21:29:36.417Z] INFO  module=rpc message="RPC OK" fn=hoSoSave userId=U-ADMIN
 POST /api/rpc 200 in 9ms
[2026-08-31T21:29:36.430Z] INFO  module=rpc message="RPC OK" fn=hoSoList userId=U-ADMIN
 POST /api/rpc 200 in 10ms
[2026-08-31T21:29:36.454Z] INFO  module=rpc message="RPC OK" fn=hoSoCheck userId=U-ADMIN
 POST /api/rpc 200 in 21ms
[2026-08-31T21:29:36.475Z] INFO  module=ho_so message="keHoachSave: saved" sc_id=SC-000001 id=KH-000001 actor=U-ADMIN
[2026-08-31T21:29:36.475Z] INFO  module=rpc message="RPC OK" fn=keHoachSave userId=U-ADMIN
 POST /api/rpc 200 in 18ms
[2026-08-31T21:29:36.502Z] INFO  module=ho_so message="kiemTuSave: saved" sc_id=SC-000001 id=KT-000001 actor=U-ADMIN
[2026-08-31T21:29:36.502Z] INFO  module=rpc message="RPC OK" fn=kiemTuSave userId=U-ADMIN
 POST /api/rpc 200 in 24ms
[2026-08-31T21:29:36.530Z] INFO  module=ho_so message="nghiemThuSave: saved" sc_id=SC-000001 id=NN-000001 actor=U-ADMIN
[2026-08-31T21:29:36.530Z] INFO  module=rpc message="RPC OK" fn=nghiemThuSave userId=U-ADMIN
 POST /api/rpc 200 in 24ms
[2026-08-31T21:29:36.549Z] INFO  module=rpc message="RPC OK" fn=activityFeed userId=U-ADMIN
 POST /api/rpc 200 in 17ms
[2026-08-31T21:29:36.562Z] INFO  module=rpc message="RPC OK" fn=dashboard userId=U-ADMIN
 POST /api/rpc 200 in 11ms
[2026-08-31T21:29:36.575Z] INFO  module=rpc message="RPC OK" fn=report userId=U-ADMIN
 POST /api/rpc 200 in 10ms
[2026-08-31T21:29:36.605Z] INFO  module=rpc message="RPC OK" fn=phieuList userId=U-ADMIN
 POST /api/rpc 200 in 26ms
 POST /api/rpc 400 in 16ms
[2026-08-31T21:29:36.639Z] INFO  module=rpc message="RPC OK" fn=assetXe userId=U-ADMIN
 POST /api/rpc 200 in 12ms
[2026-08-31T21:29:36.656Z] INFO  module=rpc message="RPC OK" fn=assetReport userId=U-ADMIN
 POST /api/rpc 200 in 14ms
[2026-08-31T21:29:36.672Z] INFO  module=rpc message="RPC OK" fn=tonKho userId=U-ADMIN
 POST /api/rpc 200 in 13ms
[2026-08-31T21:29:36.687Z] INFO  module=rpc message="RPC OK" fn=giaLichSuList userId=U-ADMIN
 POST /api/rpc 200 in 13ms
[2026-08-31T21:29:36.696Z] INFO  module=rpc message="RPC OK" fn=thanhLyList userId=U-ADMIN
 POST /api/rpc 200 in 7ms
[2026-08-31T21:29:36.705Z] INFO  module=rpc message="RPC OK" fn=dmList userId=U-ADMIN
 POST /api/rpc 200 in 6ms
[2026-08-31T21:29:36.711Z] INFO  module=rpc message="RPC OK" fn=dmDetail userId=U-ADMIN
 POST /api/rpc 200 in 4ms
[2026-08-31T21:29:36.716Z] INFO  module=rpc message="RPC OK" fn=dmListBySc userId=U-ADMIN
 POST /api/rpc 200 in 3ms
[2026-08-31T21:29:36.721Z] INFO  module=rpc message="RPC OK" fn=dmDelete userId=U-ADMIN
 POST /api/rpc 200 in 4ms
[2026-08-31T21:29:36.728Z] INFO  module=rpc message="RPC OK" fn=xeList userId=U-GIAMDOC
 POST /api/rpc 200 in 5ms
[2026-08-31T21:29:36.734Z] INFO  module=rpc message="RPC OK" fn=xeGet userId=U-GIAMDOC
 POST /api/rpc 200 in 4ms
[2026-08-31T21:29:36.739Z] WARN  module=rpc message="RPC error" fn=xeCreate error=403 userId=U-GIAMDOC
 POST /api/rpc 403 in 4ms
[2026-08-31T21:29:36.746Z] INFO  module=rpc message="RPC OK" fn=scList userId=U-GIAMDOC
 POST /api/rpc 200 in 6ms
 POST /api/rpc 400 in 5ms
[2026-08-31T21:29:36.758Z] WARN  module=rpc message="RPC error" fn=scCreate error=403 userId=U-GIAMDOC
 POST /api/rpc 403 in 4ms
[2026-08-31T21:29:36.764Z] WARN  module=rpc message="RPC error" fn=scAddCongViec error=403 userId=U-GIAMDOC
 POST /api/rpc 403 in 4ms
[2026-08-31T21:29:36.769Z] WARN  module=rpc message="RPC error" fn=scAddVatTu error=403 userId=U-GIAMDOC
 POST /api/rpc 403 in 4ms
[2026-08-31T21:29:36.774Z] WARN  module=rpc message="RPC error" fn=scBatDauSua error=403 userId=U-GIAMDOC
 POST /api/rpc 403 in 4ms
[2026-08-31T21:29:36.780Z] WARN  module=rpc message="RPC error" fn=scHoanThanh error=403 userId=U-GIAMDOC
 POST /api/rpc 403 in 4ms
[2026-08-31T21:29:36.785Z] WARN  module=rpc message="RPC error" fn=scTuChoi error=403 userId=U-GIAMDOC
 POST /api/rpc 403 in 3ms
[2026-08-31T21:29:36.790Z] WARN  module=rpc message="RPC error" fn=scQuyetToan error=403 userId=U-GIAMDOC
 POST /api/rpc 403 in 4ms
[2026-08-31T21:29:36.796Z] INFO  module=rpc message="RPC OK" fn=vattuList userId=U-GIAMDOC
 POST /api/rpc 200 in 5ms
[2026-08-31T21:29:36.803Z] INFO  module=rpc message="RPC OK" fn=vattuGet userId=U-GIAMDOC
 POST /api/rpc 200 in 4ms
[2026-08-31T21:29:36.808Z] WARN  module=rpc message="RPC error" fn=vattuCreate error=403 userId=U-GIAMDOC
 POST /api/rpc 403 in 3ms
[2026-08-31T21:29:36.813Z] WARN  module=rpc message="RPC error" fn=nhapKho error=403 userId=U-GIAMDOC
 POST /api/rpc 403 in 4ms
[2026-08-31T21:29:36.818Z] WARN  module=rpc message="RPC error" fn=xuatKho error=403 userId=U-GIAMDOC
 POST /api/rpc 403 in 4ms
[2026-08-31T21:29:36.823Z] WARN  module=rpc message="RPC error" fn=dmCreate error=403 userId=U-GIAMDOC
 POST /api/rpc 403 in 4ms
[2026-08-31T21:29:36.830Z] WARN  module=rpc message="RPC error" fn=dmNhap error=403 userId=U-GIAMDOC
 POST /api/rpc 403 in 4ms
[2026-08-31T21:29:36.837Z] INFO  module=rpc message="RPC OK" fn=baogiaList userId=U-GIAMDOC
 POST /api/rpc 200 in 6ms
[2026-08-31T21:29:36.844Z] INFO  module=rpc message="RPC OK" fn=baogiaGet userId=U-GIAMDOC
 POST /api/rpc 200 in 4ms
[2026-08-31T21:29:36.850Z] WARN  module=rpc message="RPC error" fn=baogiaSave error=403 userId=U-GIAMDOC
 POST /api/rpc 403 in 4ms
[2026-08-31T21:29:36.857Z] INFO  module=rpc message="RPC OK" fn=hoSoGet userId=U-GIAMDOC
 POST /api/rpc 200 in 5ms
[2026-08-31T21:29:36.862Z] WARN  module=rpc message="RPC error" fn=hoSoSave error=403 userId=U-GIAMDOC
 POST /api/rpc 403 in 4ms
[2026-08-31T21:29:36.868Z] INFO  module=rpc message="RPC OK" fn=hoSoList userId=U-GIAMDOC
 POST /api/rpc 200 in 5ms
[2026-08-31T21:29:36.879Z] INFO  module=rpc message="RPC OK" fn=hoSoCheck userId=U-GIAMDOC
 POST /api/rpc 200 in 10ms
[2026-08-31T21:29:36.885Z] WARN  module=rpc message="RPC error" fn=keHoachSave error=403 userId=U-GIAMDOC
 POST /api/rpc 403 in 4ms
[2026-08-31T21:29:36.890Z] WARN  module=rpc message="RPC error" fn=kiemTuSave error=403 userId=U-GIAMDOC
 POST /api/rpc 403 in 3ms
[2026-08-31T21:29:36.895Z] WARN  module=rpc message="RPC error" fn=nghiemThuSave error=403 userId=U-GIAMDOC
 POST /api/rpc 403 in 4ms
[2026-08-31T21:29:36.902Z] INFO  module=rpc message="RPC OK" fn=activityFeed userId=U-GIAMDOC
 POST /api/rpc 200 in 6ms
[2026-08-31T21:29:36.909Z] INFO  module=rpc message="RPC OK" fn=dashboard userId=U-GIAMDOC
 POST /api/rpc 200 in 4ms
[2026-08-31T21:29:36.914Z] INFO  module=rpc message="RPC OK" fn=report userId=U-GIAMDOC
 POST /api/rpc 200 in 4ms
[2026-08-31T21:29:36.921Z] INFO  module=rpc message="RPC OK" fn=phieuList userId=U-GIAMDOC
 POST /api/rpc 200 in 5ms
 POST /api/rpc 400 in 5ms
[2026-08-31T21:29:36.935Z] INFO  module=rpc message="RPC OK" fn=assetXe userId=U-GIAMDOC
 POST /api/rpc 200 in 5ms
[2026-08-31T21:29:36.942Z] INFO  module=rpc message="RPC OK" fn=assetReport userId=U-GIAMDOC
 POST /api/rpc 200 in 5ms
[2026-08-31T21:29:36.948Z] INFO  module=rpc message="RPC OK" fn=tonKho userId=U-GIAMDOC
 POST /api/rpc 200 in 4ms
[2026-08-31T21:29:36.954Z] INFO  module=rpc message="RPC OK" fn=giaLichSuList userId=U-GIAMDOC
 POST /api/rpc 200 in 4ms
[2026-08-31T21:29:36.960Z] INFO  module=rpc message="RPC OK" fn=thanhLyList userId=U-GIAMDOC
 POST /api/rpc 200 in 4ms
[2026-08-31T21:29:36.967Z] INFO  module=rpc message="RPC OK" fn=dmList userId=U-GIAMDOC
 POST /api/rpc 200 in 6ms
[2026-08-31T21:29:36.973Z] INFO  module=rpc message="RPC OK" fn=dmDetail userId=U-GIAMDOC
 POST /api/rpc 200 in 4ms
[2026-08-31T21:29:36.977Z] INFO  module=rpc message="RPC OK" fn=dmListBySc userId=U-GIAMDOC
 POST /api/rpc 200 in 4ms
[2026-08-31T21:29:36.982Z] WARN  module=rpc message="RPC error" fn=dmDelete error=403 userId=U-GIAMDOC
 POST /api/rpc 403 in 4ms
[2026-08-31T21:29:36.988Z] INFO  module=rpc message="RPC OK" fn=xeList userId=U-XUONG
 POST /api/rpc 200 in 5ms
[2026-08-31T21:29:36.994Z] INFO  module=rpc message="RPC OK" fn=xeGet userId=U-XUONG
 POST /api/rpc 200 in 5ms
[2026-08-31T21:29:37.000Z] WARN  module=rpc message="RPC error" fn=xeCreate error=403 userId=U-XUONG
 POST /api/rpc 403 in 4ms
[2026-08-31T21:29:37.006Z] INFO  module=rpc message="RPC OK" fn=scList userId=U-XUONG
 POST /api/rpc 200 in 4ms
 POST /api/rpc 400 in 4ms
 POST /api/rpc 400 in 5ms
[2026-08-31T21:29:37.033Z] INFO  module=rpc message="RPC OK" fn=scAddCongViec userId=U-XUONG
 POST /api/rpc 200 in 15ms
[2026-08-31T21:29:37.046Z] INFO  module=rpc message="RPC OK" fn=scAddVatTu userId=U-XUONG
 POST /api/rpc 200 in 11ms
[2026-08-31T21:29:37.057Z] INFO  module=rpc message="RPC OK" fn=scBatDauSua userId=U-XUONG
 POST /api/rpc 200 in 8ms
[2026-08-31T21:29:37.066Z] INFO  module=rpc message="RPC OK" fn=scHoanThanh userId=U-XUONG
 POST /api/rpc 200 in 8ms
 POST /api/rpc 400 in 4ms
[2026-08-31T21:29:37.078Z] WARN  module=sc message="scQuyetToan: role not allowed" actor=U-XUONG role=xuong
[2026-08-31T21:29:37.078Z] WARN  module=rpc message="RPC error" fn=scQuyetToan error=403 userId=U-XUONG
 POST /api/rpc 403 in 4ms
[2026-08-31T21:29:37.085Z] INFO  module=rpc message="RPC OK" fn=vattuList userId=U-XUONG
 POST /api/rpc 200 in 4ms
[2026-08-31T21:29:37.093Z] INFO  module=rpc message="RPC OK" fn=vattuGet userId=U-XUONG
 POST /api/rpc 200 in 5ms
[2026-08-31T21:29:37.101Z] WARN  module=rpc message="RPC error" fn=vattuCreate error=403 userId=U-XUONG
 POST /api/rpc 403 in 4ms
[2026-08-31T21:29:37.106Z] WARN  module=rpc message="RPC error" fn=nhapKho error=403 userId=U-XUONG
 POST /api/rpc 403 in 3ms
[2026-08-31T21:29:37.112Z] WARN  module=rpc message="RPC error" fn=xuatKho error=403 userId=U-XUONG
 POST /api/rpc 403 in 4ms
[2026-08-31T21:29:37.117Z] WARN  module=rpc message="RPC error" fn=dmCreate error=403 userId=U-XUONG
 POST /api/rpc 403 in 4ms
[2026-08-31T21:29:37.123Z] WARN  module=rpc message="RPC error" fn=dmNhap error=403 userId=U-XUONG
 POST /api/rpc 403 in 3ms
[2026-08-31T21:29:37.129Z] INFO  module=rpc message="RPC OK" fn=baogiaList userId=U-XUONG
 POST /api/rpc 200 in 5ms
[2026-08-31T21:29:37.137Z] INFO  module=rpc message="RPC OK" fn=baogiaGet userId=U-XUONG
 POST /api/rpc 200 in 5ms
[2026-08-31T21:29:37.142Z] WARN  module=rpc message="RPC error" fn=baogiaSave error=403 userId=U-XUONG
 POST /api/rpc 403 in 4ms
[2026-08-31T21:29:37.148Z] INFO  module=rpc message="RPC OK" fn=hoSoGet userId=U-XUONG
 POST /api/rpc 200 in 4ms
[2026-08-31T21:29:37.153Z] WARN  module=rpc message="RPC error" fn=hoSoSave error=403 userId=U-XUONG
 POST /api/rpc 403 in 4ms
[2026-08-31T21:29:37.159Z] INFO  module=rpc message="RPC OK" fn=hoSoList userId=U-XUONG
 POST /api/rpc 200 in 5ms
[2026-08-31T21:29:37.169Z] INFO  module=rpc message="RPC OK" fn=hoSoCheck userId=U-XUONG
 POST /api/rpc 200 in 8ms
[2026-08-31T21:29:37.179Z] INFO  module=ho_so message="keHoachSave: saved" sc_id=SC-000001 id=KH-000002 actor=U-XUONG
[2026-08-31T21:29:37.179Z] INFO  module=rpc message="RPC OK" fn=keHoachSave userId=U-XUONG
 POST /api/rpc 200 in 9ms
[2026-08-31T21:29:37.191Z] INFO  module=ho_so message="kiemTuSave: saved" sc_id=SC-000001 id=KT-000002 actor=U-XUONG
[2026-08-31T21:29:37.191Z] INFO  module=rpc message="RPC OK" fn=kiemTuSave userId=U-XUONG
 POST /api/rpc 200 in 10ms
[2026-08-31T21:29:37.202Z] INFO  module=ho_so message="nghiemThuSave: saved" sc_id=SC-000001 id=NN-000002 actor=U-XUONG
[2026-08-31T21:29:37.203Z] INFO  module=rpc message="RPC OK" fn=nghiemThuSave userId=U-XUONG
 POST /api/rpc 200 in 10ms
[2026-08-31T21:29:37.209Z] INFO  module=rpc message="RPC OK" fn=activityFeed userId=U-XUONG
 POST /api/rpc 200 in 4ms
[2026-08-31T21:29:37.214Z] INFO  module=rpc message="RPC OK" fn=dashboard userId=U-XUONG
 POST /api/rpc 200 in 4ms
[2026-08-31T21:29:37.219Z] WARN  module=rpc message="RPC error" fn=report error=403 userId=U-XUONG
 POST /api/rpc 403 in 4ms
[2026-08-31T21:29:37.228Z] INFO  module=rpc message="RPC OK" fn=phieuList userId=U-XUONG
 POST /api/rpc 200 in 6ms
 POST /api/rpc 400 in 5ms
[2026-08-31T21:29:37.241Z] INFO  module=rpc message="RPC OK" fn=assetXe userId=U-XUONG
 POST /api/rpc 200 in 5ms
[2026-08-31T21:29:37.250Z] INFO  module=rpc message="RPC OK" fn=assetReport userId=U-XUONG
 POST /api/rpc 200 in 7ms
[2026-08-31T21:29:37.258Z] INFO  module=rpc message="RPC OK" fn=tonKho userId=U-XUONG
 POST /api/rpc 200 in 5ms
[2026-08-31T21:29:37.264Z] INFO  module=rpc message="RPC OK" fn=giaLichSuList userId=U-XUONG
 POST /api/rpc 200 in 5ms
[2026-08-31T21:29:37.271Z] INFO  module=rpc message="RPC OK" fn=thanhLyList userId=U-XUONG
 POST /api/rpc 200 in 5ms
[2026-08-31T21:29:37.277Z] INFO  module=rpc message="RPC OK" fn=dmList userId=U-XUONG
 POST /api/rpc 200 in 4ms
[2026-08-31T21:29:37.282Z] INFO  module=rpc message="RPC OK" fn=dmDetail userId=U-XUONG
 POST /api/rpc 200 in 4ms
[2026-08-31T21:29:37.287Z] INFO  module=rpc message="RPC OK" fn=dmListBySc userId=U-XUONG
 POST /api/rpc 200 in 4ms
[2026-08-31T21:29:37.292Z] WARN  module=rpc message="RPC error" fn=dmDelete error=403 userId=U-XUONG
 POST /api/rpc 403 in 4ms
[2026-08-31T21:29:37.299Z] INFO  module=rpc message="RPC OK" fn=xeList userId=U-KETOAN
 POST /api/rpc 200 in 6ms
[2026-08-31T21:29:37.306Z] INFO  module=rpc message="RPC OK" fn=xeGet userId=U-KETOAN
 POST /api/rpc 200 in 4ms
[2026-08-31T21:29:37.311Z] WARN  module=rpc message="RPC error" fn=xeCreate error=403 userId=U-KETOAN
 POST /api/rpc 403 in 4ms
[2026-08-31T21:29:37.318Z] INFO  module=rpc message="RPC OK" fn=scList userId=U-KETOAN
 POST /api/rpc 200 in 5ms
 POST /api/rpc 400 in 6ms
[2026-08-31T21:29:37.331Z] WARN  module=rpc message="RPC error" fn=scCreate error=403 userId=U-KETOAN
 POST /api/rpc 403 in 3ms
[2026-08-31T21:29:37.336Z] WARN  module=rpc message="RPC error" fn=scAddCongViec error=403 userId=U-KETOAN
 POST /api/rpc 403 in 4ms
[2026-08-31T21:29:37.342Z] WARN  module=rpc message="RPC error" fn=scAddVatTu error=403 userId=U-KETOAN
 POST /api/rpc 403 in 3ms
[2026-08-31T21:29:37.347Z] WARN  module=rpc message="RPC error" fn=scBatDauSua error=403 userId=U-KETOAN
 POST /api/rpc 403 in 3ms
[2026-08-31T21:29:37.353Z] WARN  module=rpc message="RPC error" fn=scHoanThanh error=403 userId=U-KETOAN
 POST /api/rpc 403 in 4ms
[2026-08-31T21:29:37.358Z] WARN  module=rpc message="RPC error" fn=scTuChoi error=403 userId=U-KETOAN
 POST /api/rpc 403 in 3ms
[2026-08-31T21:29:37.368Z] WARN  module=sc message="scQuyetToan: incomplete ho so" sc_id=SC-000001 miss=["Phiếu xuất kho cho SC"] actor=U-KETOAN
 POST /api/rpc 400 in 9ms
[2026-08-31T21:29:37.375Z] INFO  module=rpc message="RPC OK" fn=vattuList userId=U-KETOAN
 POST /api/rpc 200 in 4ms
[2026-08-31T21:29:37.381Z] INFO  module=rpc message="RPC OK" fn=vattuGet userId=U-KETOAN
 POST /api/rpc 200 in 4ms
[2026-08-31T21:29:37.386Z] WARN  module=rpc message="RPC error" fn=vattuCreate error=403 userId=U-KETOAN
 POST /api/rpc 403 in 4ms
[2026-08-31T21:29:37.391Z] WARN  module=rpc message="RPC error" fn=nhapKho error=403 userId=U-KETOAN
 POST /api/rpc 403 in 4ms
[2026-08-31T21:29:37.397Z] WARN  module=rpc message="RPC error" fn=xuatKho error=403 userId=U-KETOAN
 POST /api/rpc 403 in 3ms
[2026-08-31T21:29:37.403Z] WARN  module=rpc message="RPC error" fn=dmCreate error=403 userId=U-KETOAN
 POST /api/rpc 403 in 4ms
[2026-08-31T21:29:37.409Z] WARN  module=rpc message="RPC error" fn=dmNhap error=403 userId=U-KETOAN
 POST /api/rpc 403 in 4ms
[2026-08-31T21:29:37.417Z] INFO  module=rpc message="RPC OK" fn=baogiaList userId=U-KETOAN
 POST /api/rpc 200 in 5ms
[2026-08-31T21:29:37.423Z] INFO  module=rpc message="RPC OK" fn=baogiaGet userId=U-KETOAN
 POST /api/rpc 200 in 5ms
[2026-08-31T21:29:37.439Z] INFO  module=rpc message="RPC OK" fn=baogiaSave userId=U-KETOAN
 POST /api/rpc 200 in 15ms
[2026-08-31T21:29:37.446Z] INFO  module=rpc message="RPC OK" fn=hoSoGet userId=U-KETOAN
 POST /api/rpc 200 in 4ms
[2026-08-31T21:29:37.457Z] INFO  module=ho_so message="hoSoSave: saved" sc_id=SC-000001 id=HS-000002 actor=U-KETOAN
[2026-08-31T21:29:37.457Z] INFO  module=rpc message="RPC OK" fn=hoSoSave userId=U-KETOAN
 POST /api/rpc 200 in 10ms
[2026-08-31T21:29:37.465Z] INFO  module=rpc message="RPC OK" fn=hoSoList userId=U-KETOAN
 POST /api/rpc 200 in 6ms
[2026-08-31T21:29:37.474Z] INFO  module=rpc message="RPC OK" fn=hoSoCheck userId=U-KETOAN
 POST /api/rpc 200 in 7ms
[2026-08-31T21:29:37.480Z] WARN  module=rpc message="RPC error" fn=keHoachSave error=403 userId=U-KETOAN
 POST /api/rpc 403 in 4ms
[2026-08-31T21:29:37.485Z] WARN  module=rpc message="RPC error" fn=kiemTuSave error=403 userId=U-KETOAN
 POST /api/rpc 403 in 4ms
[2026-08-31T21:29:37.495Z] INFO  module=ho_so message="nghiemThuSave: saved" sc_id=SC-000001 id=NN-000003 actor=U-KETOAN
[2026-08-31T21:29:37.495Z] INFO  module=rpc message="RPC OK" fn=nghiemThuSave userId=U-KETOAN
 POST /api/rpc 200 in 9ms
[2026-08-31T21:29:37.502Z] INFO  module=rpc message="RPC OK" fn=activityFeed userId=U-KETOAN
 POST /api/rpc 200 in 4ms
[2026-08-31T21:29:37.507Z] INFO  module=rpc message="RPC OK" fn=dashboard userId=U-KETOAN
 POST /api/rpc 200 in 3ms
[2026-08-31T21:29:37.512Z] INFO  module=rpc message="RPC OK" fn=report userId=U-KETOAN
 POST /api/rpc 200 in 3ms
[2026-08-31T21:29:37.518Z] INFO  module=rpc message="RPC OK" fn=phieuList userId=U-KETOAN
 POST /api/rpc 200 in 4ms
 POST /api/rpc 400 in 5ms
[2026-08-31T21:29:37.530Z] INFO  module=rpc message="RPC OK" fn=assetXe userId=U-KETOAN
 POST /api/rpc 200 in 5ms
[2026-08-31T21:29:37.538Z] INFO  module=rpc message="RPC OK" fn=assetReport userId=U-KETOAN
 POST /api/rpc 200 in 6ms
[2026-08-31T21:29:37.544Z] INFO  module=rpc message="RPC OK" fn=tonKho userId=U-KETOAN
 POST /api/rpc 200 in 5ms
[2026-08-31T21:29:37.550Z] INFO  module=rpc message="RPC OK" fn=giaLichSuList userId=U-KETOAN
 POST /api/rpc 200 in 5ms
[2026-08-31T21:29:37.557Z] INFO  module=rpc message="RPC OK" fn=thanhLyList userId=U-KETOAN
 POST /api/rpc 200 in 5ms
[2026-08-31T21:29:37.563Z] INFO  module=rpc message="RPC OK" fn=dmList userId=U-KETOAN
 POST /api/rpc 200 in 4ms
[2026-08-31T21:29:37.568Z] INFO  module=rpc message="RPC OK" fn=dmDetail userId=U-KETOAN
 POST /api/rpc 200 in 3ms
[2026-08-31T21:29:37.573Z] INFO  module=rpc message="RPC OK" fn=dmListBySc userId=U-KETOAN
 POST /api/rpc 200 in 3ms
[2026-08-31T21:29:37.578Z] WARN  module=rpc message="RPC error" fn=dmDelete error=403 userId=U-KETOAN
 POST /api/rpc 403 in 3ms
[2026-08-31T21:29:37.583Z] INFO  module=rpc message="RPC OK" fn=xeList userId=U-KHO
 POST /api/rpc 200 in 4ms
[2026-08-31T21:29:37.589Z] INFO  module=rpc message="RPC OK" fn=xeGet userId=U-KHO
 POST /api/rpc 200 in 4ms
[2026-08-31T21:29:37.594Z] WARN  module=rpc message="RPC error" fn=xeCreate error=403 userId=U-KHO
 POST /api/rpc 403 in 4ms
[2026-08-31T21:29:37.601Z] INFO  module=rpc message="RPC OK" fn=scList userId=U-KHO
 POST /api/rpc 200 in 5ms
 POST /api/rpc 400 in 6ms
[2026-08-31T21:29:37.614Z] WARN  module=rpc message="RPC error" fn=scCreate error=403 userId=U-KHO
 POST /api/rpc 403 in 4ms
[2026-08-31T21:29:37.619Z] WARN  module=rpc message="RPC error" fn=scAddCongViec error=403 userId=U-KHO
 POST /api/rpc 403 in 3ms
[2026-08-31T21:29:37.624Z] WARN  module=rpc message="RPC error" fn=scAddVatTu error=403 userId=U-KHO
 POST /api/rpc 403 in 3ms
[2026-08-31T21:29:37.629Z] WARN  module=rpc message="RPC error" fn=scBatDauSua error=403 userId=U-KHO
 POST /api/rpc 403 in 3ms
[2026-08-31T21:29:37.634Z] WARN  module=rpc message="RPC error" fn=scHoanThanh error=403 userId=U-KHO
 POST /api/rpc 403 in 3ms
[2026-08-31T21:29:37.639Z] WARN  module=rpc message="RPC error" fn=scTuChoi error=403 userId=U-KHO
 POST /api/rpc 403 in 4ms
[2026-08-31T21:29:37.644Z] WARN  module=rpc message="RPC error" fn=scQuyetToan error=403 userId=U-KHO
 POST /api/rpc 403 in 4ms
[2026-08-31T21:29:37.650Z] INFO  module=rpc message="RPC OK" fn=vattuList userId=U-KHO
 POST /api/rpc 200 in 5ms
[2026-08-31T21:29:37.656Z] INFO  module=rpc message="RPC OK" fn=vattuGet userId=U-KHO
 POST /api/rpc 200 in 4ms
[2026-08-31T21:29:37.666Z] INFO  module=rpc message="RPC OK" fn=vattuCreate userId=U-KHO
 POST /api/rpc 200 in 8ms
[2026-08-31T21:29:37.677Z] INFO  module=rpc message="RPC OK" fn=nhapKho userId=U-KHO
 POST /api/rpc 200 in 10ms
[2026-08-31T21:29:37.688Z] INFO  module=rpc message="RPC OK" fn=xuatKho userId=U-KHO
 POST /api/rpc 200 in 9ms
[2026-08-31T21:29:37.701Z] INFO  module=rpc message="RPC OK" fn=dmCreate userId=U-KHO
 POST /api/rpc 200 in 11ms
[2026-08-31T21:29:37.714Z] INFO  module=rpc message="RPC OK" fn=dmNhap userId=U-KHO
 POST /api/rpc 200 in 12ms
[2026-08-31T21:29:37.721Z] INFO  module=rpc message="RPC OK" fn=baogiaList userId=U-KHO
 POST /api/rpc 200 in 5ms
[2026-08-31T21:29:37.727Z] INFO  module=rpc message="RPC OK" fn=baogiaGet userId=U-KHO
 POST /api/rpc 200 in 4ms
[2026-08-31T21:29:37.732Z] WARN  module=rpc message="RPC error" fn=baogiaSave error=403 userId=U-KHO
 POST /api/rpc 403 in 3ms
[2026-08-31T21:29:37.738Z] INFO  module=rpc message="RPC OK" fn=hoSoGet userId=U-KHO
 POST /api/rpc 200 in 4ms
[2026-08-31T21:29:37.743Z] WARN  module=rpc message="RPC error" fn=hoSoSave error=403 userId=U-KHO
 POST /api/rpc 403 in 3ms
[2026-08-31T21:29:37.749Z] INFO  module=rpc message="RPC OK" fn=hoSoList userId=U-KHO
 POST /api/rpc 200 in 4ms
[2026-08-31T21:29:37.759Z] INFO  module=rpc message="RPC OK" fn=hoSoCheck userId=U-KHO
 POST /api/rpc 200 in 8ms
[2026-08-31T21:29:37.765Z] WARN  module=rpc message="RPC error" fn=keHoachSave error=403 userId=U-KHO
 POST /api/rpc 403 in 3ms
[2026-08-31T21:29:37.770Z] WARN  module=rpc message="RPC error" fn=kiemTuSave error=403 userId=U-KHO
 POST /api/rpc 403 in 3ms
[2026-08-31T21:29:37.775Z] WARN  module=rpc message="RPC error" fn=nghiemThuSave error=403 userId=U-KHO
 POST /api/rpc 403 in 3ms
[2026-08-31T21:29:37.781Z] INFO  module=rpc message="RPC OK" fn=activityFeed userId=U-KHO
 POST /api/rpc 200 in 5ms
[2026-08-31T21:29:37.786Z] WARN  module=rpc message="RPC error" fn=dashboard error=403 userId=U-KHO
 POST /api/rpc 403 in 4ms
[2026-08-31T21:29:37.792Z] WARN  module=rpc message="RPC error" fn=report error=403 userId=U-KHO
 POST /api/rpc 403 in 4ms
[2026-08-31T21:29:37.798Z] INFO  module=rpc message="RPC OK" fn=phieuList userId=U-KHO
 POST /api/rpc 200 in 5ms
 POST /api/rpc 400 in 5ms
[2026-08-31T21:29:37.811Z] INFO  module=rpc message="RPC OK" fn=assetXe userId=U-KHO
 POST /api/rpc 200 in 4ms
[2026-08-31T21:29:37.817Z] INFO  module=rpc message="RPC OK" fn=assetReport userId=U-KHO
 POST /api/rpc 200 in 5ms
[2026-08-31T21:29:37.823Z] INFO  module=rpc message="RPC OK" fn=tonKho userId=U-KHO
 POST /api/rpc 200 in 4ms
[2026-08-31T21:29:37.828Z] INFO  module=rpc message="RPC OK" fn=giaLichSuList userId=U-KHO
 POST /api/rpc 200 in 4ms
[2026-08-31T21:29:37.834Z] INFO  module=rpc message="RPC OK" fn=thanhLyList userId=U-KHO
 POST /api/rpc 200 in 4ms
[2026-08-31T21:29:37.840Z] INFO  module=rpc message="RPC OK" fn=dmList userId=U-KHO
 POST /api/rpc 200 in 4ms
[2026-08-31T21:29:37.844Z] INFO  module=rpc message="RPC OK" fn=dmDetail userId=U-KHO
 POST /api/rpc 200 in 4ms
[2026-08-31T21:29:37.852Z] INFO  module=rpc message="RPC OK" fn=dmListBySc userId=U-KHO
 POST /api/rpc 200 in 3ms
[2026-08-31T21:29:37.857Z] INFO  module=rpc message="RPC OK" fn=dmDelete userId=U-KHO
 POST /api/rpc 200 in 3ms
 ✓ Compiled /api/auth in 36ms (277 modules)
[2026-08-31T21:29:38.562Z] INFO  module=auth message="Login successful" userId=U-ADMIN role=admin
 POST /api/auth 200 in 689ms
[2026-08-31T21:29:58.458Z] INFO  module=rpc message="RPC OK" fn=xeList userId=U-ADMIN
 POST /api/rpc 200 in 18ms
[2026-08-31T21:29:58.469Z] INFO  module=rpc message="RPC OK" fn=xeGet userId=U-ADMIN
 POST /api/rpc 200 in 6ms
[2026-08-31T21:29:58.482Z] INFO  module=rpc message="RPC OK" fn=xeCreate userId=U-ADMIN
 POST /api/rpc 200 in 11ms
[2026-08-31T21:29:58.489Z] INFO  module=rpc message="RPC OK" fn=scList userId=U-ADMIN
 POST /api/rpc 200 in 6ms
 POST /api/rpc 400 in 4ms
[2026-08-31T21:29:58.510Z] INFO  module=rpc message="RPC OK" fn=scCreate userId=U-ADMIN
 POST /api/rpc 200 in 13ms
[2026-08-31T21:29:58.523Z] INFO  module=rpc message="RPC OK" fn=scAddCongViec userId=U-ADMIN
 POST /api/rpc 200 in 11ms
[2026-08-31T21:29:58.536Z] INFO  module=rpc message="RPC OK" fn=scAddVatTu userId=U-ADMIN
 POST /api/rpc 200 in 10ms
[2026-08-31T21:29:58.545Z] INFO  module=rpc message="RPC OK" fn=scBatDauSua userId=U-ADMIN
 POST /api/rpc 200 in 7ms
[2026-08-31T21:29:58.554Z] INFO  module=rpc message="RPC OK" fn=scHoanThanh userId=U-ADMIN
 POST /api/rpc 200 in 7ms
 POST /api/rpc 400 in 5ms
[2026-08-31T21:29:58.574Z] WARN  module=sc message="scQuyetToan: incomplete ho so" sc_id=SC-000001 miss=["Kế hoạch sửa chữa (mẫu 01)","Bản kiểm tu","Báo giá NCC (đã xác nhận)","Phiếu nhập kho vật tư mới","Phiếu xuất kho cho SC","Biên bản nghiệm thu"] actor=U-ADMIN
 POST /api/rpc 400 in 13ms
[2026-08-31T21:29:58.583Z] INFO  module=rpc message="RPC OK" fn=vattuList userId=U-ADMIN
 POST /api/rpc 200 in 7ms
[2026-08-31T21:29:58.589Z] INFO  module=rpc message="RPC OK" fn=vattuGet userId=U-ADMIN
 POST /api/rpc 200 in 4ms
[2026-08-31T21:29:58.600Z] INFO  module=rpc message="RPC OK" fn=vattuCreate userId=U-ADMIN
 POST /api/rpc 200 in 9ms
[2026-08-31T21:29:58.613Z] INFO  module=rpc message="RPC OK" fn=nhapKho userId=U-ADMIN
 POST /api/rpc 200 in 12ms
[2026-08-31T21:29:58.627Z] INFO  module=rpc message="RPC OK" fn=xuatKho userId=U-ADMIN
 POST /api/rpc 200 in 11ms
[2026-08-31T21:29:58.646Z] INFO  module=rpc message="RPC OK" fn=dmCreate userId=U-ADMIN
 POST /api/rpc 200 in 16ms
[2026-08-31T21:29:58.658Z] INFO  module=rpc message="RPC OK" fn=dmNhap userId=U-ADMIN
 POST /api/rpc 200 in 10ms
[2026-08-31T21:29:58.665Z] INFO  module=rpc message="RPC OK" fn=baogiaList userId=U-ADMIN
 POST /api/rpc 200 in 5ms
[2026-08-31T21:29:58.670Z] INFO  module=rpc message="RPC OK" fn=baogiaGet userId=U-ADMIN
 POST /api/rpc 200 in 4ms
[2026-08-31T21:29:58.687Z] INFO  module=rpc message="RPC OK" fn=baogiaSave userId=U-ADMIN
 POST /api/rpc 200 in 16ms
[2026-08-31T21:29:58.694Z] INFO  module=rpc message="RPC OK" fn=hoSoGet userId=U-ADMIN
 POST /api/rpc 200 in 5ms
[2026-08-31T21:29:58.704Z] INFO  module=ho_so message="hoSoSave: saved" sc_id=SC-000001 id=HS-000001 actor=U-ADMIN
[2026-08-31T21:29:58.704Z] INFO  module=rpc message="RPC OK" fn=hoSoSave userId=U-ADMIN
 POST /api/rpc 200 in 9ms
[2026-08-31T21:29:58.711Z] INFO  module=rpc message="RPC OK" fn=hoSoList userId=U-ADMIN
 POST /api/rpc 200 in 5ms
[2026-08-31T21:29:58.719Z] INFO  module=rpc message="RPC OK" fn=hoSoCheck userId=U-ADMIN
 POST /api/rpc 200 in 6ms
[2026-08-31T21:29:58.730Z] INFO  module=ho_so message="keHoachSave: saved" sc_id=SC-000001 id=KH-000001 actor=U-ADMIN
[2026-08-31T21:29:58.730Z] INFO  module=rpc message="RPC OK" fn=keHoachSave userId=U-ADMIN
 POST /api/rpc 200 in 10ms
[2026-08-31T21:29:58.742Z] INFO  module=ho_so message="kiemTuSave: saved" sc_id=SC-000001 id=KT-000001 actor=U-ADMIN
[2026-08-31T21:29:58.742Z] INFO  module=rpc message="RPC OK" fn=kiemTuSave userId=U-ADMIN
 POST /api/rpc 200 in 11ms
[2026-08-31T21:29:58.754Z] INFO  module=ho_so message="nghiemThuSave: saved" sc_id=SC-000001 id=NN-000001 actor=U-ADMIN
[2026-08-31T21:29:58.754Z] INFO  module=rpc message="RPC OK" fn=nghiemThuSave userId=U-ADMIN
 POST /api/rpc 200 in 10ms
[2026-08-31T21:29:58.765Z] INFO  module=rpc message="RPC OK" fn=activityFeed userId=U-ADMIN
 POST /api/rpc 200 in 8ms
[2026-08-31T21:29:58.771Z] INFO  module=rpc message="RPC OK" fn=dashboard userId=U-ADMIN
 POST /api/rpc 200 in 3ms
[2026-08-31T21:29:58.776Z] INFO  module=rpc message="RPC OK" fn=report userId=U-ADMIN
 POST /api/rpc 200 in 4ms
[2026-08-31T21:29:58.792Z] INFO  module=rpc message="RPC OK" fn=phieuList userId=U-ADMIN
 POST /api/rpc 200 in 13ms
 POST /api/rpc 400 in 6ms
[2026-08-31T21:29:58.808Z] INFO  module=rpc message="RPC OK" fn=assetXe userId=U-ADMIN
 POST /api/rpc 200 in 6ms
[2026-08-31T21:29:58.816Z] INFO  module=rpc message="RPC OK" fn=assetReport userId=U-ADMIN
 POST /api/rpc 200 in 6ms
[2026-08-31T21:29:58.823Z] INFO  module=rpc message="RPC OK" fn=tonKho userId=U-ADMIN
 POST /api/rpc 200 in 5ms
[2026-08-31T21:29:58.830Z] INFO  module=rpc message="RPC OK" fn=giaLichSuList userId=U-ADMIN
 POST /api/rpc 200 in 5ms
[2026-08-31T21:29:58.837Z] INFO  module=rpc message="RPC OK" fn=thanhLyList userId=U-ADMIN
 POST /api/rpc 200 in 6ms
[2026-08-31T21:29:58.844Z] INFO  module=rpc message="RPC OK" fn=dmList userId=U-ADMIN
 POST /api/rpc 200 in 6ms
[2026-08-31T21:29:58.850Z] INFO  module=rpc message="RPC OK" fn=dmDetail userId=U-ADMIN
 POST /api/rpc 200 in 4ms
[2026-08-31T21:29:58.855Z] INFO  module=rpc message="RPC OK" fn=dmListBySc userId=U-ADMIN
 POST /api/rpc 200 in 3ms
[2026-08-31T21:29:58.861Z] INFO  module=rpc message="RPC OK" fn=dmDelete userId=U-ADMIN
 POST /api/rpc 200 in 4ms
[2026-08-31T21:29:58.869Z] INFO  module=rpc message="RPC OK" fn=xeList userId=U-GIAMDOC
 POST /api/rpc 200 in 6ms
[2026-08-31T21:29:58.876Z] INFO  module=rpc message="RPC OK" fn=xeGet userId=U-GIAMDOC
 POST /api/rpc 200 in 5ms
[2026-08-31T21:29:58.882Z] WARN  module=rpc message="RPC error" fn=xeCreate error=403 userId=U-GIAMDOC
 POST /api/rpc 403 in 5ms
[2026-08-31T21:29:58.888Z] INFO  module=rpc message="RPC OK" fn=scList userId=U-GIAMDOC
 POST /api/rpc 200 in 5ms
 POST /api/rpc 400 in 4ms
[2026-08-31T21:29:58.899Z] WARN  module=rpc message="RPC error" fn=scCreate error=403 userId=U-GIAMDOC
 POST /api/rpc 403 in 3ms
[2026-08-31T21:29:58.904Z] WARN  module=rpc message="RPC error" fn=scAddCongViec error=403 userId=U-GIAMDOC
 POST /api/rpc 403 in 4ms
[2026-08-31T21:29:58.909Z] WARN  module=rpc message="RPC error" fn=scAddVatTu error=403 userId=U-GIAMDOC
 POST /api/rpc 403 in 3ms
[2026-08-31T21:29:58.914Z] WARN  module=rpc message="RPC error" fn=scBatDauSua error=403 userId=U-GIAMDOC
 POST /api/rpc 403 in 3ms
[2026-08-31T21:29:58.920Z] WARN  module=rpc message="RPC error" fn=scHoanThanh error=403 userId=U-GIAMDOC
 POST /api/rpc 403 in 4ms
[2026-08-31T21:29:58.926Z] WARN  module=rpc message="RPC error" fn=scTuChoi error=403 userId=U-GIAMDOC
 POST /api/rpc 403 in 4ms
[2026-08-31T21:29:58.931Z] WARN  module=rpc message="RPC error" fn=scQuyetToan error=403 userId=U-GIAMDOC
 POST /api/rpc 403 in 4ms
[2026-08-31T21:29:58.938Z] INFO  module=rpc message="RPC OK" fn=vattuList userId=U-GIAMDOC
 POST /api/rpc 200 in 4ms
[2026-08-31T21:29:58.944Z] INFO  module=rpc message="RPC OK" fn=vattuGet userId=U-GIAMDOC
 POST /api/rpc 200 in 5ms
[2026-08-31T21:29:58.949Z] WARN  module=rpc message="RPC error" fn=vattuCreate error=403 userId=U-GIAMDOC
 POST /api/rpc 403 in 4ms
[2026-08-31T21:29:58.955Z] WARN  module=rpc message="RPC error" fn=nhapKho error=403 userId=U-GIAMDOC
 POST /api/rpc 403 in 3ms
[2026-08-31T21:29:58.960Z] WARN  module=rpc message="RPC error" fn=xuatKho error=403 userId=U-GIAMDOC
 POST /api/rpc 403 in 4ms
[2026-08-31T21:29:58.965Z] WARN  module=rpc message="RPC error" fn=dmCreate error=403 userId=U-GIAMDOC
 POST /api/rpc 403 in 4ms
[2026-08-31T21:29:58.970Z] WARN  module=rpc message="RPC error" fn=dmNhap error=403 userId=U-GIAMDOC
 POST /api/rpc 403 in 3ms
[2026-08-31T21:29:58.975Z] INFO  module=rpc message="RPC OK" fn=baogiaList userId=U-GIAMDOC
 POST /api/rpc 200 in 5ms
[2026-08-31T21:29:58.981Z] INFO  module=rpc message="RPC OK" fn=baogiaGet userId=U-GIAMDOC
 POST /api/rpc 200 in 5ms
[2026-08-31T21:29:58.990Z] WARN  module=rpc message="RPC error" fn=baogiaSave error=403 userId=U-GIAMDOC
 POST /api/rpc 403 in 3ms
[2026-08-31T21:29:58.996Z] INFO  module=rpc message="RPC OK" fn=hoSoGet userId=U-GIAMDOC
 POST /api/rpc 200 in 4ms
[2026-08-31T21:29:59.000Z] WARN  module=rpc message="RPC error" fn=hoSoSave error=403 userId=U-GIAMDOC
 POST /api/rpc 403 in 4ms
[2026-08-31T21:29:59.007Z] INFO  module=rpc message="RPC OK" fn=hoSoList userId=U-GIAMDOC
 POST /api/rpc 200 in 5ms
[2026-08-31T21:29:59.017Z] INFO  module=rpc message="RPC OK" fn=hoSoCheck userId=U-GIAMDOC
 POST /api/rpc 200 in 8ms
[2026-08-31T21:29:59.023Z] WARN  module=rpc message="RPC error" fn=keHoachSave error=403 userId=U-GIAMDOC
 POST /api/rpc 403 in 4ms
[2026-08-31T21:29:59.028Z] WARN  module=rpc message="RPC error" fn=kiemTuSave error=403 userId=U-GIAMDOC
 POST /api/rpc 403 in 3ms
[2026-08-31T21:29:59.033Z] WARN  module=rpc message="RPC error" fn=nghiemThuSave error=403 userId=U-GIAMDOC
 POST /api/rpc 403 in 3ms
[2026-08-31T21:29:59.039Z] INFO  module=rpc message="RPC OK" fn=activityFeed userId=U-GIAMDOC
 POST /api/rpc 200 in 6ms
[2026-08-31T21:29:59.045Z] INFO  module=rpc message="RPC OK" fn=dashboard userId=U-GIAMDOC
 POST /api/rpc 200 in 3ms
[2026-08-31T21:29:59.050Z] INFO  module=rpc message="RPC OK" fn=report userId=U-GIAMDOC
 POST /api/rpc 200 in 4ms
[2026-08-31T21:29:59.055Z] INFO  module=rpc message="RPC OK" fn=phieuList userId=U-GIAMDOC
 POST /api/rpc 200 in 4ms
 POST /api/rpc 400 in 5ms
[2026-08-31T21:29:59.068Z] INFO  module=rpc message="RPC OK" fn=assetXe userId=U-GIAMDOC
 POST /api/rpc 200 in 5ms
[2026-08-31T21:29:59.074Z] INFO  module=rpc message="RPC OK" fn=assetReport userId=U-GIAMDOC
 POST /api/rpc 200 in 5ms
[2026-08-31T21:29:59.081Z] INFO  module=rpc message="RPC OK" fn=tonKho userId=U-GIAMDOC
 POST /api/rpc 200 in 6ms
[2026-08-31T21:29:59.088Z] INFO  module=rpc message="RPC OK" fn=giaLichSuList userId=U-GIAMDOC
 POST /api/rpc 200 in 5ms
[2026-08-31T21:29:59.094Z] INFO  module=rpc message="RPC OK" fn=thanhLyList userId=U-GIAMDOC
 POST /api/rpc 200 in 5ms
[2026-08-31T21:29:59.100Z] INFO  module=rpc message="RPC OK" fn=dmList userId=U-GIAMDOC
 POST /api/rpc 200 in 5ms
[2026-08-31T21:29:59.105Z] INFO  module=rpc message="RPC OK" fn=dmDetail userId=U-GIAMDOC
 POST /api/rpc 200 in 4ms
[2026-08-31T21:29:59.110Z] INFO  module=rpc message="RPC OK" fn=dmListBySc userId=U-GIAMDOC
 POST /api/rpc 200 in 4ms
[2026-08-31T21:29:59.115Z] WARN  module=rpc message="RPC error" fn=dmDelete error=403 userId=U-GIAMDOC
 POST /api/rpc 403 in 4ms
[2026-08-31T21:29:59.121Z] INFO  module=rpc message="RPC OK" fn=xeList userId=U-XUONG
 POST /api/rpc 200 in 4ms
[2026-08-31T21:29:59.127Z] INFO  module=rpc message="RPC OK" fn=xeGet userId=U-XUONG
 POST /api/rpc 200 in 4ms
[2026-08-31T21:29:59.132Z] WARN  module=rpc message="RPC error" fn=xeCreate error=403 userId=U-XUONG
 POST /api/rpc 403 in 4ms
[2026-08-31T21:29:59.137Z] INFO  module=rpc message="RPC OK" fn=scList userId=U-XUONG
 POST /api/rpc 200 in 4ms
 POST /api/rpc 400 in 4ms
[2026-08-31T21:29:59.156Z] INFO  module=rpc message="RPC OK" fn=scCreate userId=U-XUONG
 POST /api/rpc 200 in 13ms
[2026-08-31T21:29:59.169Z] INFO  module=rpc message="RPC OK" fn=scAddCongViec userId=U-XUONG
 POST /api/rpc 200 in 10ms
[2026-08-31T21:29:59.182Z] INFO  module=rpc message="RPC OK" fn=scAddVatTu userId=U-XUONG
 POST /api/rpc 200 in 11ms
 POST /api/rpc 400 in 4ms
 POST /api/rpc 400 in 5ms
 POST /api/rpc 400 in 5ms
[2026-08-31T21:29:59.205Z] WARN  module=sc message="scQuyetToan: role not allowed" actor=U-XUONG role=xuong
[2026-08-31T21:29:59.205Z] WARN  module=rpc message="RPC error" fn=scQuyetToan error=403 userId=U-XUONG
 POST /api/rpc 403 in 4ms
[2026-08-31T21:29:59.219Z] INFO  module=rpc message="RPC OK" fn=vattuList userId=U-XUONG
 POST /api/rpc 200 in 4ms
[2026-08-31T21:29:59.224Z] INFO  module=rpc message="RPC OK" fn=vattuGet userId=U-XUONG
 POST /api/rpc 200 in 4ms
[2026-08-31T21:29:59.229Z] WARN  module=rpc message="RPC error" fn=vattuCreate error=403 userId=U-XUONG
 POST /api/rpc 403 in 3ms
[2026-08-31T21:29:59.234Z] WARN  module=rpc message="RPC error" fn=nhapKho error=403 userId=U-XUONG
 POST /api/rpc 403 in 3ms
[2026-08-31T21:29:59.239Z] WARN  module=rpc message="RPC error" fn=xuatKho error=403 userId=U-XUONG
 POST /api/rpc 403 in 3ms
[2026-08-31T21:29:59.243Z] WARN  module=rpc message="RPC error" fn=dmCreate error=403 userId=U-XUONG
 POST /api/rpc 403 in 3ms
[2026-08-31T21:29:59.248Z] WARN  module=rpc message="RPC error" fn=dmNhap error=403 userId=U-XUONG
 POST /api/rpc 403 in 3ms
[2026-08-31T21:29:59.254Z] INFO  module=rpc message="RPC OK" fn=baogiaList userId=U-XUONG
 POST /api/rpc 200 in 5ms
[2026-08-31T21:29:59.260Z] INFO  module=rpc message="RPC OK" fn=baogiaGet userId=U-XUONG
 POST /api/rpc 200 in 5ms
[2026-08-31T21:29:59.265Z] WARN  module=rpc message="RPC error" fn=baogiaSave error=403 userId=U-XUONG
 POST /api/rpc 403 in 4ms
[2026-08-31T21:29:59.271Z] INFO  module=rpc message="RPC OK" fn=hoSoGet userId=U-XUONG
 POST /api/rpc 200 in 5ms
[2026-08-31T21:29:59.277Z] WARN  module=rpc message="RPC error" fn=hoSoSave error=403 userId=U-XUONG
 POST /api/rpc 403 in 4ms
[2026-08-31T21:29:59.282Z] INFO  module=rpc message="RPC OK" fn=hoSoList userId=U-XUONG
 POST /api/rpc 200 in 4ms
[2026-08-31T21:29:59.291Z] INFO  module=rpc message="RPC OK" fn=hoSoCheck userId=U-XUONG
 POST /api/rpc 200 in 7ms
[2026-08-31T21:29:59.301Z] INFO  module=ho_so message="keHoachSave: saved" sc_id=SC-000001 id=KH-000002 actor=U-XUONG
[2026-08-31T21:29:59.301Z] INFO  module=rpc message="RPC OK" fn=keHoachSave userId=U-XUONG
 POST /api/rpc 200 in 9ms
[2026-08-31T21:29:59.312Z] INFO  module=ho_so message="kiemTuSave: saved" sc_id=SC-000001 id=KT-000002 actor=U-XUONG
[2026-08-31T21:29:59.312Z] INFO  module=rpc message="RPC OK" fn=kiemTuSave userId=U-XUONG
 POST /api/rpc 200 in 9ms
[2026-08-31T21:29:59.322Z] INFO  module=ho_so message="nghiemThuSave: saved" sc_id=SC-000001 id=NN-000002 actor=U-XUONG
[2026-08-31T21:29:59.322Z] INFO  module=rpc message="RPC OK" fn=nghiemThuSave userId=U-XUONG
 POST /api/rpc 200 in 8ms
[2026-08-31T21:29:59.328Z] INFO  module=rpc message="RPC OK" fn=activityFeed userId=U-XUONG
 POST /api/rpc 200 in 4ms
[2026-08-31T21:29:59.333Z] INFO  module=rpc message="RPC OK" fn=dashboard userId=U-XUONG
 POST /api/rpc 200 in 4ms
[2026-08-31T21:29:59.338Z] WARN  module=rpc message="RPC error" fn=report error=403 userId=U-XUONG
 POST /api/rpc 403 in 3ms
[2026-08-31T21:29:59.343Z] INFO  module=rpc message="RPC OK" fn=phieuList userId=U-XUONG
 POST /api/rpc 200 in 4ms
 POST /api/rpc 400 in 4ms
[2026-08-31T21:29:59.355Z] INFO  module=rpc message="RPC OK" fn=assetXe userId=U-XUONG
 POST /api/rpc 200 in 5ms
[2026-08-31T21:29:59.362Z] INFO  module=rpc message="RPC OK" fn=assetReport userId=U-XUONG
 POST /api/rpc 200 in 5ms
[2026-08-31T21:29:59.367Z] INFO  module=rpc message="RPC OK" fn=tonKho userId=U-XUONG
 POST /api/rpc 200 in 4ms
[2026-08-31T21:29:59.373Z] INFO  module=rpc message="RPC OK" fn=giaLichSuList userId=U-XUONG
 POST /api/rpc 200 in 4ms
[2026-08-31T21:29:59.379Z] INFO  module=rpc message="RPC OK" fn=thanhLyList userId=U-XUONG
 POST /api/rpc 200 in 4ms
[2026-08-31T21:29:59.385Z] INFO  module=rpc message="RPC OK" fn=dmList userId=U-XUONG
 POST /api/rpc 200 in 4ms
[2026-08-31T21:29:59.390Z] INFO  module=rpc message="RPC OK" fn=dmDetail userId=U-XUONG
 POST /api/rpc 200 in 3ms
[2026-08-31T21:29:59.394Z] INFO  module=rpc message="RPC OK" fn=dmListBySc userId=U-XUONG
 POST /api/rpc 200 in 3ms
[2026-08-31T21:29:59.399Z] WARN  module=rpc message="RPC error" fn=dmDelete error=403 userId=U-XUONG
 POST /api/rpc 403 in 3ms
[2026-08-31T21:29:59.404Z] INFO  module=rpc message="RPC OK" fn=xeList userId=U-KETOAN
 POST /api/rpc 200 in 5ms
[2026-08-31T21:29:59.410Z] INFO  module=rpc message="RPC OK" fn=xeGet userId=U-KETOAN
 POST /api/rpc 200 in 4ms
[2026-08-31T21:29:59.415Z] WARN  module=rpc message="RPC error" fn=xeCreate error=403 userId=U-KETOAN
 POST /api/rpc 403 in 3ms
[2026-08-31T21:29:59.421Z] INFO  module=rpc message="RPC OK" fn=scList userId=U-KETOAN
 POST /api/rpc 200 in 4ms
 POST /api/rpc 400 in 4ms
[2026-08-31T21:29:59.432Z] WARN  module=rpc message="RPC error" fn=scCreate error=403 userId=U-KETOAN
 POST /api/rpc 403 in 4ms
[2026-08-31T21:29:59.437Z] WARN  module=rpc message="RPC error" fn=scAddCongViec error=403 userId=U-KETOAN
 POST /api/rpc 403 in 3ms
[2026-08-31T21:29:59.442Z] WARN  module=rpc message="RPC error" fn=scAddVatTu error=403 userId=U-KETOAN
 POST /api/rpc 403 in 3ms
[2026-08-31T21:29:59.446Z] WARN  module=rpc message="RPC error" fn=scBatDauSua error=403 userId=U-KETOAN
 POST /api/rpc 403 in 3ms
[2026-08-31T21:29:59.451Z] WARN  module=rpc message="RPC error" fn=scHoanThanh error=403 userId=U-KETOAN
 POST /api/rpc 403 in 3ms
[2026-08-31T21:29:59.457Z] WARN  module=rpc message="RPC error" fn=scTuChoi error=403 userId=U-KETOAN
 POST /api/rpc 403 in 4ms
[2026-08-31T21:29:59.466Z] WARN  module=sc message="scQuyetToan: incomplete ho so" sc_id=SC-000001 miss=["Phiếu nhập kho vật tư mới","Phiếu xuất kho cho SC"] actor=U-KETOAN
 POST /api/rpc 400 in 7ms
[2026-08-31T21:29:59.472Z] INFO  module=rpc message="RPC OK" fn=vattuList userId=U-KETOAN
 POST /api/rpc 200 in 5ms
[2026-08-31T21:29:59.479Z] INFO  module=rpc message="RPC OK" fn=vattuGet userId=U-KETOAN
 POST /api/rpc 200 in 4ms
[2026-08-31T21:29:59.484Z] WARN  module=rpc message="RPC error" fn=vattuCreate error=403 userId=U-KETOAN
 POST /api/rpc 403 in 4ms
[2026-08-31T21:29:59.490Z] WARN  module=rpc message="RPC error" fn=nhapKho error=403 userId=U-KETOAN
 POST /api/rpc 403 in 4ms
[2026-08-31T21:29:59.496Z] WARN  module=rpc message="RPC error" fn=xuatKho error=403 userId=U-KETOAN
 POST /api/rpc 403 in 4ms
[2026-08-31T21:29:59.501Z] WARN  module=rpc message="RPC error" fn=dmCreate error=403 userId=U-KETOAN
 POST /api/rpc 403 in 3ms
[2026-08-31T21:29:59.506Z] WARN  module=rpc message="RPC error" fn=dmNhap error=403 userId=U-KETOAN
 POST /api/rpc 403 in 3ms
[2026-08-31T21:29:59.511Z] INFO  module=rpc message="RPC OK" fn=baogiaList userId=U-KETOAN
 POST /api/rpc 200 in 4ms
[2026-08-31T21:29:59.516Z] INFO  module=rpc message="RPC OK" fn=baogiaGet userId=U-KETOAN
 POST /api/rpc 200 in 4ms
[2026-08-31T21:29:59.531Z] INFO  module=rpc message="RPC OK" fn=baogiaSave userId=U-KETOAN
 POST /api/rpc 200 in 14ms
[2026-08-31T21:29:59.537Z] INFO  module=rpc message="RPC OK" fn=hoSoGet userId=U-KETOAN
 POST /api/rpc 200 in 5ms
[2026-08-31T21:29:59.548Z] INFO  module=ho_so message="hoSoSave: saved" sc_id=SC-000001 id=HS-000002 actor=U-KETOAN
[2026-08-31T21:29:59.548Z] INFO  module=rpc message="RPC OK" fn=hoSoSave userId=U-KETOAN
 POST /api/rpc 200 in 9ms
[2026-08-31T21:29:59.554Z] INFO  module=rpc message="RPC OK" fn=hoSoList userId=U-KETOAN
 POST /api/rpc 200 in 4ms
[2026-08-31T21:29:59.561Z] INFO  module=rpc message="RPC OK" fn=hoSoCheck userId=U-KETOAN
 POST /api/rpc 200 in 7ms
[2026-08-31T21:29:59.567Z] WARN  module=rpc message="RPC error" fn=keHoachSave error=403 userId=U-KETOAN
 POST /api/rpc 403 in 4ms
[2026-08-31T21:29:59.572Z] WARN  module=rpc message="RPC error" fn=kiemTuSave error=403 userId=U-KETOAN
 POST /api/rpc 403 in 4ms
[2026-08-31T21:29:59.584Z] INFO  module=ho_so message="nghiemThuSave: saved" sc_id=SC-000001 id=NN-000003 actor=U-KETOAN
[2026-08-31T21:29:59.584Z] INFO  module=rpc message="RPC OK" fn=nghiemThuSave userId=U-KETOAN
 POST /api/rpc 200 in 10ms
[2026-08-31T21:29:59.591Z] INFO  module=rpc message="RPC OK" fn=activityFeed userId=U-KETOAN
 POST /api/rpc 200 in 4ms
[2026-08-31T21:29:59.596Z] INFO  module=rpc message="RPC OK" fn=dashboard userId=U-KETOAN
 POST /api/rpc 200 in 4ms
[2026-08-31T21:29:59.601Z] INFO  module=rpc message="RPC OK" fn=report userId=U-KETOAN
 POST /api/rpc 200 in 4ms
[2026-08-31T21:29:59.607Z] INFO  module=rpc message="RPC OK" fn=phieuList userId=U-KETOAN
 POST /api/rpc 200 in 4ms
 POST /api/rpc 400 in 4ms
[2026-08-31T21:29:59.619Z] INFO  module=rpc message="RPC OK" fn=assetXe userId=U-KETOAN
 POST /api/rpc 200 in 4ms
[2026-08-31T21:29:59.625Z] INFO  module=rpc message="RPC OK" fn=assetReport userId=U-KETOAN
 POST /api/rpc 200 in 5ms
[2026-08-31T21:29:59.631Z] INFO  module=rpc message="RPC OK" fn=tonKho userId=U-KETOAN
 POST /api/rpc 200 in 4ms
[2026-08-31T21:29:59.637Z] INFO  module=rpc message="RPC OK" fn=giaLichSuList userId=U-KETOAN
 POST /api/rpc 200 in 4ms
[2026-08-31T21:29:59.643Z] INFO  module=rpc message="RPC OK" fn=thanhLyList userId=U-KETOAN
 POST /api/rpc 200 in 5ms
[2026-08-31T21:29:59.650Z] INFO  module=rpc message="RPC OK" fn=dmList userId=U-KETOAN
 POST /api/rpc 200 in 5ms
[2026-08-31T21:29:59.656Z] INFO  module=rpc message="RPC OK" fn=dmDetail userId=U-KETOAN
 POST /api/rpc 200 in 3ms
[2026-08-31T21:29:59.661Z] INFO  module=rpc message="RPC OK" fn=dmListBySc userId=U-KETOAN
 POST /api/rpc 200 in 4ms
[2026-08-31T21:29:59.666Z] WARN  module=rpc message="RPC error" fn=dmDelete error=403 userId=U-KETOAN
 POST /api/rpc 403 in 3ms
[2026-08-31T21:29:59.671Z] INFO  module=rpc message="RPC OK" fn=xeList userId=U-KHO
 POST /api/rpc 200 in 4ms
[2026-08-31T21:29:59.677Z] INFO  module=rpc message="RPC OK" fn=xeGet userId=U-KHO
 POST /api/rpc 200 in 4ms
[2026-08-31T21:29:59.682Z] WARN  module=rpc message="RPC error" fn=xeCreate error=403 userId=U-KHO
 POST /api/rpc 403 in 3ms
[2026-08-31T21:29:59.687Z] INFO  module=rpc message="RPC OK" fn=scList userId=U-KHO
 POST /api/rpc 200 in 4ms
 POST /api/rpc 400 in 4ms
[2026-08-31T21:29:59.698Z] WARN  module=rpc message="RPC error" fn=scCreate error=403 userId=U-KHO
 POST /api/rpc 403 in 3ms
[2026-08-31T21:29:59.703Z] WARN  module=rpc message="RPC error" fn=scAddCongViec error=403 userId=U-KHO
 POST /api/rpc 403 in 3ms
[2026-08-31T21:29:59.707Z] WARN  module=rpc message="RPC error" fn=scAddVatTu error=403 userId=U-KHO
 POST /api/rpc 403 in 4ms
[2026-08-31T21:29:59.712Z] WARN  module=rpc message="RPC error" fn=scBatDauSua error=403 userId=U-KHO
 POST /api/rpc 403 in 4ms
[2026-08-31T21:29:59.718Z] WARN  module=rpc message="RPC error" fn=scHoanThanh error=403 userId=U-KHO
 POST /api/rpc 403 in 3ms
[2026-08-31T21:29:59.722Z] WARN  module=rpc message="RPC error" fn=scTuChoi error=403 userId=U-KHO
 POST /api/rpc 403 in 4ms
[2026-08-31T21:29:59.727Z] WARN  module=rpc message="RPC error" fn=scQuyetToan error=403 userId=U-KHO
 POST /api/rpc 403 in 4ms
[2026-08-31T21:29:59.733Z] INFO  module=rpc message="RPC OK" fn=vattuList userId=U-KHO
 POST /api/rpc 200 in 4ms
[2026-08-31T21:29:59.738Z] INFO  module=rpc message="RPC OK" fn=vattuGet userId=U-KHO
 POST /api/rpc 200 in 4ms
[2026-08-31T21:29:59.748Z] INFO  module=rpc message="RPC OK" fn=vattuCreate userId=U-KHO
 POST /api/rpc 200 in 8ms
[2026-08-31T21:29:59.758Z] INFO  module=rpc message="RPC OK" fn=nhapKho userId=U-KHO
 POST /api/rpc 200 in 9ms
[2026-08-31T21:29:59.769Z] INFO  module=rpc message="RPC OK" fn=xuatKho userId=U-KHO
 POST /api/rpc 200 in 9ms
[2026-08-31T21:29:59.781Z] INFO  module=rpc message="RPC OK" fn=dmCreate userId=U-KHO
 POST /api/rpc 200 in 11ms
[2026-08-31T21:29:59.793Z] INFO  module=rpc message="RPC OK" fn=dmNhap userId=U-KHO
 POST /api/rpc 200 in 11ms
[2026-08-31T21:29:59.799Z] INFO  module=rpc message="RPC OK" fn=baogiaList userId=U-KHO
 POST /api/rpc 200 in 4ms
[2026-08-31T21:29:59.805Z] INFO  module=rpc message="RPC OK" fn=baogiaGet userId=U-KHO
 POST /api/rpc 200 in 4ms
[2026-08-31T21:29:59.809Z] WARN  module=rpc message="RPC error" fn=baogiaSave error=403 userId=U-KHO
 POST /api/rpc 403 in 3ms
[2026-08-31T21:29:59.815Z] INFO  module=rpc message="RPC OK" fn=hoSoGet userId=U-KHO
 POST /api/rpc 200 in 4ms
[2026-08-31T21:29:59.820Z] WARN  module=rpc message="RPC error" fn=hoSoSave error=403 userId=U-KHO
 POST /api/rpc 403 in 3ms
[2026-08-31T21:29:59.825Z] INFO  module=rpc message="RPC OK" fn=hoSoList userId=U-KHO
 POST /api/rpc 200 in 4ms
[2026-08-31T21:29:59.834Z] INFO  module=rpc message="RPC OK" fn=hoSoCheck userId=U-KHO
 POST /api/rpc 200 in 7ms
[2026-08-31T21:29:59.839Z] WARN  module=rpc message="RPC error" fn=keHoachSave error=403 userId=U-KHO
 POST /api/rpc 403 in 3ms
[2026-08-31T21:29:59.844Z] WARN  module=rpc message="RPC error" fn=kiemTuSave error=403 userId=U-KHO
 POST /api/rpc 403 in 3ms
[2026-08-31T21:29:59.849Z] WARN  module=rpc message="RPC error" fn=nghiemThuSave error=403 userId=U-KHO
 POST /api/rpc 403 in 3ms
[2026-08-31T21:29:59.854Z] INFO  module=rpc message="RPC OK" fn=activityFeed userId=U-KHO
 POST /api/rpc 200 in 5ms
[2026-08-31T21:29:59.860Z] WARN  module=rpc message="RPC error" fn=dashboard error=403 userId=U-KHO
 POST /api/rpc 403 in 4ms
[2026-08-31T21:29:59.864Z] WARN  module=rpc message="RPC error" fn=report error=403 userId=U-KHO
 POST /api/rpc 403 in 3ms
[2026-08-31T21:29:59.870Z] INFO  module=rpc message="RPC OK" fn=phieuList userId=U-KHO
 POST /api/rpc 200 in 4ms
 POST /api/rpc 400 in 4ms
[2026-08-31T21:29:59.882Z] INFO  module=rpc message="RPC OK" fn=assetXe userId=U-KHO
 POST /api/rpc 200 in 5ms
[2026-08-31T21:29:59.889Z] INFO  module=rpc message="RPC OK" fn=assetReport userId=U-KHO
 POST /api/rpc 200 in 5ms
[2026-08-31T21:29:59.894Z] INFO  module=rpc message="RPC OK" fn=tonKho userId=U-KHO
 POST /api/rpc 200 in 4ms
[2026-08-31T21:29:59.901Z] INFO  module=rpc message="RPC OK" fn=giaLichSuList userId=U-KHO
 POST /api/rpc 200 in 5ms
[2026-08-31T21:29:59.906Z] INFO  module=rpc message="RPC OK" fn=thanhLyList userId=U-KHO
 POST /api/rpc 200 in 5ms
[2026-08-31T21:29:59.912Z] INFO  module=rpc message="RPC OK" fn=dmList userId=U-KHO
 POST /api/rpc 200 in 5ms
[2026-08-31T21:29:59.917Z] INFO  module=rpc message="RPC OK" fn=dmDetail userId=U-KHO
 POST /api/rpc 200 in 4ms
[2026-08-31T21:29:59.922Z] INFO  module=rpc message="RPC OK" fn=dmListBySc userId=U-KHO
 POST /api/rpc 200 in 3ms
[2026-08-31T21:29:59.927Z] INFO  module=rpc message="RPC OK" fn=dmDelete userId=U-KHO
 POST /api/rpc 200 in 3ms
[2026-08-31T21:29:59.963Z] INFO  module=auth message="Login successful" userId=U-ADMIN role=admin
 POST /api/auth 200 in 32ms
[2026-08-31T21:30:27.769Z] INFO  module=rpc message="RPC OK" fn=xeList userId=U-ADMIN
 POST /api/rpc 200 in 14ms
[2026-08-31T21:30:27.778Z] INFO  module=rpc message="RPC OK" fn=xeGet userId=U-ADMIN
 POST /api/rpc 200 in 5ms
[2026-08-31T21:30:27.790Z] INFO  module=rpc message="RPC OK" fn=xeCreate userId=U-ADMIN
 POST /api/rpc 200 in 10ms
[2026-08-31T21:30:27.797Z] INFO  module=rpc message="RPC OK" fn=scList userId=U-ADMIN
 POST /api/rpc 200 in 5ms
 POST /api/rpc 400 in 4ms
[2026-08-31T21:30:27.816Z] INFO  module=rpc message="RPC OK" fn=scCreate userId=U-ADMIN
 POST /api/rpc 200 in 12ms
[2026-08-31T21:30:27.829Z] INFO  module=rpc message="RPC OK" fn=scAddCongViec userId=U-ADMIN
 POST /api/rpc 200 in 10ms
[2026-08-31T21:30:27.841Z] INFO  module=rpc message="RPC OK" fn=scAddVatTu userId=U-ADMIN
 POST /api/rpc 200 in 11ms
[2026-08-31T21:30:27.850Z] INFO  module=rpc message="RPC OK" fn=scBatDauSua userId=U-ADMIN
 POST /api/rpc 200 in 7ms
[2026-08-31T21:30:27.859Z] INFO  module=rpc message="RPC OK" fn=scHoanThanh userId=U-ADMIN
 POST /api/rpc 200 in 7ms
 POST /api/rpc 400 in 5ms
[2026-08-31T21:30:27.877Z] WARN  module=sc message="scQuyetToan: incomplete ho so" sc_id=SC-000001 miss=["Kế hoạch sửa chữa (mẫu 01)","Bản kiểm tu","Báo giá NCC (đã xác nhận)","Phiếu nhập kho vật tư mới","Phiếu xuất kho cho SC","Biên bản nghiệm thu"] actor=U-ADMIN
 POST /api/rpc 400 in 10ms
[2026-08-31T21:30:27.883Z] INFO  module=rpc message="RPC OK" fn=vattuList userId=U-ADMIN
 POST /api/rpc 200 in 4ms
[2026-08-31T21:30:27.888Z] INFO  module=rpc message="RPC OK" fn=vattuGet userId=U-ADMIN
 POST /api/rpc 200 in 4ms
[2026-08-31T21:30:27.898Z] INFO  module=rpc message="RPC OK" fn=vattuCreate userId=U-ADMIN
 POST /api/rpc 200 in 9ms
[2026-08-31T21:30:27.911Z] INFO  module=rpc message="RPC OK" fn=nhapKho userId=U-ADMIN
 POST /api/rpc 200 in 10ms
[2026-08-31T21:30:27.921Z] INFO  module=rpc message="RPC OK" fn=xuatKho userId=U-ADMIN
 POST /api/rpc 200 in 9ms
[2026-08-31T21:30:27.934Z] INFO  module=rpc message="RPC OK" fn=dmCreate userId=U-ADMIN
 POST /api/rpc 200 in 12ms
[2026-08-31T21:30:27.947Z] INFO  module=rpc message="RPC OK" fn=dmNhap userId=U-ADMIN
 POST /api/rpc 200 in 10ms
[2026-08-31T21:30:27.955Z] INFO  module=rpc message="RPC OK" fn=baogiaList userId=U-ADMIN
 POST /api/rpc 200 in 6ms
[2026-08-31T21:30:27.960Z] INFO  module=rpc message="RPC OK" fn=baogiaGet userId=U-ADMIN
 POST /api/rpc 200 in 4ms
[2026-08-31T21:30:27.977Z] INFO  module=rpc message="RPC OK" fn=baogiaSave userId=U-ADMIN
 POST /api/rpc 200 in 15ms
[2026-08-31T21:30:27.984Z] INFO  module=rpc message="RPC OK" fn=hoSoGet userId=U-ADMIN
 POST /api/rpc 200 in 5ms
[2026-08-31T21:30:27.993Z] INFO  module=ho_so message="hoSoSave: saved" sc_id=SC-000001 id=HS-000001 actor=U-ADMIN
[2026-08-31T21:30:27.993Z] INFO  module=rpc message="RPC OK" fn=hoSoSave userId=U-ADMIN
 POST /api/rpc 200 in 7ms
[2026-08-31T21:30:27.999Z] INFO  module=rpc message="RPC OK" fn=hoSoList userId=U-ADMIN
 POST /api/rpc 200 in 5ms
[2026-08-31T21:30:28.007Z] INFO  module=rpc message="RPC OK" fn=hoSoCheck userId=U-ADMIN
 POST /api/rpc 200 in 7ms
[2026-08-31T21:30:28.019Z] INFO  module=ho_so message="keHoachSave: saved" sc_id=SC-000001 id=KH-000001 actor=U-ADMIN
[2026-08-31T21:30:28.019Z] INFO  module=rpc message="RPC OK" fn=keHoachSave userId=U-ADMIN
 POST /api/rpc 200 in 11ms
[2026-08-31T21:30:28.030Z] INFO  module=ho_so message="kiemTuSave: saved" sc_id=SC-000001 id=KT-000001 actor=U-ADMIN
[2026-08-31T21:30:28.030Z] INFO  module=rpc message="RPC OK" fn=kiemTuSave userId=U-ADMIN
 POST /api/rpc 200 in 9ms
[2026-08-31T21:30:28.042Z] INFO  module=ho_so message="nghiemThuSave: saved" sc_id=SC-000001 id=NN-000001 actor=U-ADMIN
[2026-08-31T21:30:28.042Z] INFO  module=rpc message="RPC OK" fn=nghiemThuSave userId=U-ADMIN
 POST /api/rpc 200 in 10ms
[2026-08-31T21:30:28.052Z] INFO  module=rpc message="RPC OK" fn=activityFeed userId=U-ADMIN
 POST /api/rpc 200 in 8ms
[2026-08-31T21:30:28.058Z] INFO  module=rpc message="RPC OK" fn=dashboard userId=U-ADMIN
 POST /api/rpc 200 in 4ms
[2026-08-31T21:30:28.064Z] INFO  module=rpc message="RPC OK" fn=report userId=U-ADMIN
 POST /api/rpc 200 in 4ms
[2026-08-31T21:30:28.079Z] INFO  module=rpc message="RPC OK" fn=phieuList userId=U-ADMIN
 POST /api/rpc 200 in 14ms
 POST /api/rpc 400 in 8ms
[2026-08-31T21:30:28.100Z] INFO  module=rpc message="RPC OK" fn=assetXe userId=U-ADMIN
 POST /api/rpc 200 in 9ms
[2026-08-31T21:30:28.110Z] INFO  module=rpc message="RPC OK" fn=assetReport userId=U-ADMIN
 POST /api/rpc 200 in 7ms
[2026-08-31T21:30:28.118Z] INFO  module=rpc message="RPC OK" fn=tonKho userId=U-ADMIN
 POST /api/rpc 200 in 6ms
[2026-08-31T21:30:28.125Z] INFO  module=rpc message="RPC OK" fn=giaLichSuList userId=U-ADMIN
 POST /api/rpc 200 in 6ms
[2026-08-31T21:30:28.135Z] INFO  module=rpc message="RPC OK" fn=thanhLyList userId=U-ADMIN
 POST /api/rpc 200 in 7ms
[2026-08-31T21:30:28.143Z] INFO  module=rpc message="RPC OK" fn=dmList userId=U-ADMIN
 POST /api/rpc 200 in 7ms
[2026-08-31T21:30:28.150Z] INFO  module=rpc message="RPC OK" fn=dmDetail userId=U-ADMIN
 POST /api/rpc 200 in 4ms
[2026-08-31T21:30:28.155Z] INFO  module=rpc message="RPC OK" fn=dmListBySc userId=U-ADMIN
 POST /api/rpc 200 in 4ms
[2026-08-31T21:30:28.161Z] INFO  module=rpc message="RPC OK" fn=dmDelete userId=U-ADMIN
 POST /api/rpc 200 in 4ms
[2026-08-31T21:30:28.167Z] INFO  module=rpc message="RPC OK" fn=xeList userId=U-GIAMDOC
 POST /api/rpc 200 in 5ms
[2026-08-31T21:30:28.173Z] INFO  module=rpc message="RPC OK" fn=xeGet userId=U-GIAMDOC
 POST /api/rpc 200 in 4ms
[2026-08-31T21:30:28.178Z] WARN  module=rpc message="RPC error" fn=xeCreate error=403 userId=U-GIAMDOC
 POST /api/rpc 403 in 3ms
[2026-08-31T21:30:28.184Z] INFO  module=rpc message="RPC OK" fn=scList userId=U-GIAMDOC
 POST /api/rpc 200 in 4ms
 POST /api/rpc 400 in 4ms
[2026-08-31T21:30:28.195Z] WARN  module=rpc message="RPC error" fn=scCreate error=403 userId=U-GIAMDOC
 POST /api/rpc 403 in 3ms
[2026-08-31T21:30:28.201Z] WARN  module=rpc message="RPC error" fn=scAddCongViec error=403 userId=U-GIAMDOC
 POST /api/rpc 403 in 5ms
[2026-08-31T21:30:28.207Z] WARN  module=rpc message="RPC error" fn=scAddVatTu error=403 userId=U-GIAMDOC
 POST /api/rpc 403 in 4ms
[2026-08-31T21:30:28.212Z] WARN  module=rpc message="RPC error" fn=scBatDauSua error=403 userId=U-GIAMDOC
 POST /api/rpc 403 in 3ms
[2026-08-31T21:30:28.217Z] WARN  module=rpc message="RPC error" fn=scHoanThanh error=403 userId=U-GIAMDOC
 POST /api/rpc 403 in 3ms
[2026-08-31T21:30:28.222Z] WARN  module=rpc message="RPC error" fn=scTuChoi error=403 userId=U-GIAMDOC
 POST /api/rpc 403 in 3ms
[2026-08-31T21:30:28.226Z] WARN  module=rpc message="RPC error" fn=scQuyetToan error=403 userId=U-GIAMDOC
 POST /api/rpc 403 in 3ms
[2026-08-31T21:30:28.232Z] INFO  module=rpc message="RPC OK" fn=vattuList userId=U-GIAMDOC
 POST /api/rpc 200 in 4ms
[2026-08-31T21:30:28.237Z] INFO  module=rpc message="RPC OK" fn=vattuGet userId=U-GIAMDOC
 POST /api/rpc 200 in 4ms
[2026-08-31T21:30:28.242Z] WARN  module=rpc message="RPC error" fn=vattuCreate error=403 userId=U-GIAMDOC
 POST /api/rpc 403 in 4ms
[2026-08-31T21:30:28.247Z] WARN  module=rpc message="RPC error" fn=nhapKho error=403 userId=U-GIAMDOC
 POST /api/rpc 403 in 4ms
[2026-08-31T21:30:28.252Z] WARN  module=rpc message="RPC error" fn=xuatKho error=403 userId=U-GIAMDOC
 POST /api/rpc 403 in 3ms
[2026-08-31T21:30:28.257Z] WARN  module=rpc message="RPC error" fn=dmCreate error=403 userId=U-GIAMDOC
 POST /api/rpc 403 in 3ms
[2026-08-31T21:30:28.261Z] WARN  module=rpc message="RPC error" fn=dmNhap error=403 userId=U-GIAMDOC
 POST /api/rpc 403 in 3ms
[2026-08-31T21:30:28.276Z] INFO  module=rpc message="RPC OK" fn=baogiaList userId=U-GIAMDOC
 POST /api/rpc 200 in 5ms
[2026-08-31T21:30:28.281Z] INFO  module=rpc message="RPC OK" fn=baogiaGet userId=U-GIAMDOC
 POST /api/rpc 200 in 4ms
[2026-08-31T21:30:28.286Z] WARN  module=rpc message="RPC error" fn=baogiaSave error=403 userId=U-GIAMDOC
 POST /api/rpc 403 in 3ms
[2026-08-31T21:30:28.292Z] INFO  module=rpc message="RPC OK" fn=hoSoGet userId=U-GIAMDOC
 POST /api/rpc 200 in 4ms
[2026-08-31T21:30:28.297Z] WARN  module=rpc message="RPC error" fn=hoSoSave error=403 userId=U-GIAMDOC
 POST /api/rpc 403 in 3ms
[2026-08-31T21:30:28.303Z] INFO  module=rpc message="RPC OK" fn=hoSoList userId=U-GIAMDOC
 POST /api/rpc 200 in 4ms
[2026-08-31T21:30:28.313Z] INFO  module=rpc message="RPC OK" fn=hoSoCheck userId=U-GIAMDOC
 POST /api/rpc 200 in 8ms
[2026-08-31T21:30:28.319Z] WARN  module=rpc message="RPC error" fn=keHoachSave error=403 userId=U-GIAMDOC
 POST /api/rpc 403 in 4ms
[2026-08-31T21:30:28.324Z] WARN  module=rpc message="RPC error" fn=kiemTuSave error=403 userId=U-GIAMDOC
 POST /api/rpc 403 in 4ms
[2026-08-31T21:30:28.329Z] WARN  module=rpc message="RPC error" fn=nghiemThuSave error=403 userId=U-GIAMDOC
 POST /api/rpc 403 in 4ms
[2026-08-31T21:30:28.336Z] INFO  module=rpc message="RPC OK" fn=activityFeed userId=U-GIAMDOC
 POST /api/rpc 200 in 5ms
[2026-08-31T21:30:28.341Z] INFO  module=rpc message="RPC OK" fn=dashboard userId=U-GIAMDOC
 POST /api/rpc 200 in 4ms
[2026-08-31T21:30:28.347Z] INFO  module=rpc message="RPC OK" fn=report userId=U-GIAMDOC
 POST /api/rpc 200 in 4ms
[2026-08-31T21:30:28.352Z] INFO  module=rpc message="RPC OK" fn=phieuList userId=U-GIAMDOC
 POST /api/rpc 200 in 5ms
 POST /api/rpc 400 in 5ms
[2026-08-31T21:30:28.365Z] INFO  module=rpc message="RPC OK" fn=assetXe userId=U-GIAMDOC
 POST /api/rpc 200 in 5ms
[2026-08-31T21:30:28.371Z] INFO  module=rpc message="RPC OK" fn=assetReport userId=U-GIAMDOC
 POST /api/rpc 200 in 5ms
[2026-08-31T21:30:28.377Z] INFO  module=rpc message="RPC OK" fn=tonKho userId=U-GIAMDOC
 POST /api/rpc 200 in 4ms
[2026-08-31T21:30:28.383Z] INFO  module=rpc message="RPC OK" fn=giaLichSuList userId=U-GIAMDOC
 POST /api/rpc 200 in 4ms
[2026-08-31T21:30:28.389Z] INFO  module=rpc message="RPC OK" fn=thanhLyList userId=U-GIAMDOC
 POST /api/rpc 200 in 4ms
[2026-08-31T21:30:28.395Z] INFO  module=rpc message="RPC OK" fn=dmList userId=U-GIAMDOC
 POST /api/rpc 200 in 4ms
[2026-08-31T21:30:28.400Z] INFO  module=rpc message="RPC OK" fn=dmDetail userId=U-GIAMDOC
 POST /api/rpc 200 in 3ms
[2026-08-31T21:30:28.405Z] INFO  module=rpc message="RPC OK" fn=dmListBySc userId=U-GIAMDOC
 POST /api/rpc 200 in 3ms
[2026-08-31T21:30:28.410Z] WARN  module=rpc message="RPC error" fn=dmDelete error=403 userId=U-GIAMDOC
 POST /api/rpc 403 in 3ms
[2026-08-31T21:30:28.416Z] INFO  module=rpc message="RPC OK" fn=xeList userId=U-XUONG
 POST /api/rpc 200 in 4ms
[2026-08-31T21:30:28.421Z] INFO  module=rpc message="RPC OK" fn=xeGet userId=U-XUONG
 POST /api/rpc 200 in 4ms
[2026-08-31T21:30:28.427Z] WARN  module=rpc message="RPC error" fn=xeCreate error=403 userId=U-XUONG
 POST /api/rpc 403 in 4ms
[2026-08-31T21:30:28.433Z] INFO  module=rpc message="RPC OK" fn=scList userId=U-XUONG
 POST /api/rpc 200 in 4ms
 POST /api/rpc 400 in 5ms
[2026-08-31T21:30:28.452Z] INFO  module=rpc message="RPC OK" fn=scCreate userId=U-XUONG
 POST /api/rpc 200 in 12ms
[2026-08-31T21:30:28.463Z] INFO  module=rpc message="RPC OK" fn=scAddCongViec userId=U-XUONG
 POST /api/rpc 200 in 10ms
[2026-08-31T21:30:28.475Z] INFO  module=rpc message="RPC OK" fn=scAddVatTu userId=U-XUONG
 POST /api/rpc 200 in 10ms
 POST /api/rpc 400 in 4ms
 POST /api/rpc 400 in 4ms
 POST /api/rpc 400 in 5ms
[2026-08-31T21:30:28.498Z] WARN  module=sc message="scQuyetToan: role not allowed" actor=U-XUONG role=xuong
[2026-08-31T21:30:28.498Z] WARN  module=rpc message="RPC error" fn=scQuyetToan error=403 userId=U-XUONG
 POST /api/rpc 403 in 4ms
[2026-08-31T21:30:28.504Z] INFO  module=rpc message="RPC OK" fn=vattuList userId=U-XUONG
 POST /api/rpc 200 in 5ms
[2026-08-31T21:30:28.510Z] INFO  module=rpc message="RPC OK" fn=vattuGet userId=U-XUONG
 POST /api/rpc 200 in 5ms
[2026-08-31T21:30:28.515Z] WARN  module=rpc message="RPC error" fn=vattuCreate error=403 userId=U-XUONG
 POST /api/rpc 403 in 3ms
[2026-08-31T21:30:28.520Z] WARN  module=rpc message="RPC error" fn=nhapKho error=403 userId=U-XUONG
 POST /api/rpc 403 in 3ms
[2026-08-31T21:30:28.525Z] WARN  module=rpc message="RPC error" fn=xuatKho error=403 userId=U-XUONG
 POST /api/rpc 403 in 3ms
[2026-08-31T21:30:28.531Z] WARN  module=rpc message="RPC error" fn=dmCreate error=403 userId=U-XUONG
 POST /api/rpc 403 in 5ms
[2026-08-31T21:30:28.539Z] WARN  module=rpc message="RPC error" fn=dmNhap error=403 userId=U-XUONG
 POST /api/rpc 403 in 5ms
[2026-08-31T21:30:28.548Z] INFO  module=rpc message="RPC OK" fn=baogiaList userId=U-XUONG
 POST /api/rpc 200 in 6ms
[2026-08-31T21:30:28.560Z] INFO  module=rpc message="RPC OK" fn=baogiaGet userId=U-XUONG
 POST /api/rpc 200 in 10ms
[2026-08-31T21:30:28.566Z] WARN  module=rpc message="RPC error" fn=baogiaSave error=403 userId=U-XUONG
 POST /api/rpc 403 in 4ms
[2026-08-31T21:30:28.572Z] INFO  module=rpc message="RPC OK" fn=hoSoGet userId=U-XUONG
 POST /api/rpc 200 in 4ms
[2026-08-31T21:30:28.577Z] WARN  module=rpc message="RPC error" fn=hoSoSave error=403 userId=U-XUONG
 POST /api/rpc 403 in 3ms
[2026-08-31T21:30:28.582Z] INFO  module=rpc message="RPC OK" fn=hoSoList userId=U-XUONG
 POST /api/rpc 200 in 4ms
[2026-08-31T21:30:28.593Z] INFO  module=rpc message="RPC OK" fn=hoSoCheck userId=U-XUONG
 POST /api/rpc 200 in 10ms
[2026-08-31T21:30:28.603Z] INFO  module=ho_so message="keHoachSave: saved" sc_id=SC-000001 id=KH-000002 actor=U-XUONG
[2026-08-31T21:30:28.603Z] INFO  module=rpc message="RPC OK" fn=keHoachSave userId=U-XUONG
 POST /api/rpc 200 in 8ms
[2026-08-31T21:30:28.613Z] INFO  module=ho_so message="kiemTuSave: saved" sc_id=SC-000001 id=KT-000002 actor=U-XUONG
[2026-08-31T21:30:28.613Z] INFO  module=rpc message="RPC OK" fn=kiemTuSave userId=U-XUONG
 POST /api/rpc 200 in 9ms
[2026-08-31T21:30:28.623Z] INFO  module=ho_so message="nghiemThuSave: saved" sc_id=SC-000001 id=NN-000002 actor=U-XUONG
[2026-08-31T21:30:28.623Z] INFO  module=rpc message="RPC OK" fn=nghiemThuSave userId=U-XUONG
 POST /api/rpc 200 in 8ms
[2026-08-31T21:30:28.629Z] INFO  module=rpc message="RPC OK" fn=activityFeed userId=U-XUONG
 POST /api/rpc 200 in 4ms
[2026-08-31T21:30:28.634Z] INFO  module=rpc message="RPC OK" fn=dashboard userId=U-XUONG
 POST /api/rpc 200 in 3ms
[2026-08-31T21:30:28.638Z] WARN  module=rpc message="RPC error" fn=report error=403 userId=U-XUONG
 POST /api/rpc 403 in 4ms
[2026-08-31T21:30:28.644Z] INFO  module=rpc message="RPC OK" fn=phieuList userId=U-XUONG
 POST /api/rpc 200 in 4ms
 POST /api/rpc 400 in 4ms
[2026-08-31T21:30:28.656Z] INFO  module=rpc message="RPC OK" fn=assetXe userId=U-XUONG
 POST /api/rpc 200 in 5ms
[2026-08-31T21:30:28.663Z] INFO  module=rpc message="RPC OK" fn=assetReport userId=U-XUONG
 POST /api/rpc 200 in 6ms
[2026-08-31T21:30:28.669Z] INFO  module=rpc message="RPC OK" fn=tonKho userId=U-XUONG
 POST /api/rpc 200 in 5ms
[2026-08-31T21:30:28.675Z] INFO  module=rpc message="RPC OK" fn=giaLichSuList userId=U-XUONG
 POST /api/rpc 200 in 4ms
[2026-08-31T21:30:28.681Z] INFO  module=rpc message="RPC OK" fn=thanhLyList userId=U-XUONG
 POST /api/rpc 200 in 4ms
[2026-08-31T21:30:28.686Z] INFO  module=rpc message="RPC OK" fn=dmList userId=U-XUONG
 POST /api/rpc 200 in 4ms
[2026-08-31T21:30:28.691Z] INFO  module=rpc message="RPC OK" fn=dmDetail userId=U-XUONG
 POST /api/rpc 200 in 4ms
[2026-08-31T21:30:28.696Z] INFO  module=rpc message="RPC OK" fn=dmListBySc userId=U-XUONG
 POST /api/rpc 200 in 4ms
[2026-08-31T21:30:28.701Z] WARN  module=rpc message="RPC error" fn=dmDelete error=403 userId=U-XUONG
 POST /api/rpc 403 in 4ms
[2026-08-31T21:30:28.706Z] INFO  module=rpc message="RPC OK" fn=xeList userId=U-KETOAN
 POST /api/rpc 200 in 4ms
[2026-08-31T21:30:28.712Z] INFO  module=rpc message="RPC OK" fn=xeGet userId=U-KETOAN
 POST /api/rpc 200 in 4ms
[2026-08-31T21:30:28.717Z] WARN  module=rpc message="RPC error" fn=xeCreate error=403 userId=U-KETOAN
 POST /api/rpc 403 in 3ms
[2026-08-31T21:30:28.722Z] INFO  module=rpc message="RPC OK" fn=scList userId=U-KETOAN
 POST /api/rpc 200 in 4ms
 POST /api/rpc 400 in 4ms
[2026-08-31T21:30:28.732Z] WARN  module=rpc message="RPC error" fn=scCreate error=403 userId=U-KETOAN
 POST /api/rpc 403 in 3ms
[2026-08-31T21:30:28.737Z] WARN  module=rpc message="RPC error" fn=scAddCongViec error=403 userId=U-KETOAN
 POST /api/rpc 403 in 4ms
[2026-08-31T21:30:28.741Z] WARN  module=rpc message="RPC error" fn=scAddVatTu error=403 userId=U-KETOAN
 POST /api/rpc 403 in 4ms
[2026-08-31T21:30:28.746Z] WARN  module=rpc message="RPC error" fn=scBatDauSua error=403 userId=U-KETOAN
 POST /api/rpc 403 in 3ms
[2026-08-31T21:30:28.750Z] WARN  module=rpc message="RPC error" fn=scHoanThanh error=403 userId=U-KETOAN
 POST /api/rpc 403 in 4ms
[2026-08-31T21:30:28.755Z] WARN  module=rpc message="RPC error" fn=scTuChoi error=403 userId=U-KETOAN
 POST /api/rpc 403 in 3ms
[2026-08-31T21:30:28.764Z] WARN  module=sc message="scQuyetToan: incomplete ho so" sc_id=SC-000001 miss=["Phiếu nhập kho vật tư mới","Phiếu xuất kho cho SC"] actor=U-KETOAN
 POST /api/rpc 400 in 9ms
[2026-08-31T21:30:28.771Z] INFO  module=rpc message="RPC OK" fn=vattuList userId=U-KETOAN
 POST /api/rpc 200 in 5ms
[2026-08-31T21:30:28.780Z] INFO  module=rpc message="RPC OK" fn=vattuGet userId=U-KETOAN
 POST /api/rpc 200 in 7ms
[2026-08-31T21:30:28.787Z] WARN  module=rpc message="RPC error" fn=vattuCreate error=403 userId=U-KETOAN
 POST /api/rpc 403 in 5ms
[2026-08-31T21:30:28.793Z] WARN  module=rpc message="RPC error" fn=nhapKho error=403 userId=U-KETOAN
 POST /api/rpc 403 in 4ms
[2026-08-31T21:30:28.799Z] WARN  module=rpc message="RPC error" fn=xuatKho error=403 userId=U-KETOAN
 POST /api/rpc 403 in 4ms
[2026-08-31T21:30:28.804Z] WARN  module=rpc message="RPC error" fn=dmCreate error=403 userId=U-KETOAN
 POST /api/rpc 403 in 4ms
[2026-08-31T21:30:28.809Z] WARN  module=rpc message="RPC error" fn=dmNhap error=403 userId=U-KETOAN
 POST /api/rpc 403 in 4ms
[2026-08-31T21:30:28.817Z] INFO  module=rpc message="RPC OK" fn=baogiaList userId=U-KETOAN
 POST /api/rpc 200 in 7ms
[2026-08-31T21:30:28.823Z] INFO  module=rpc message="RPC OK" fn=baogiaGet userId=U-KETOAN
 POST /api/rpc 200 in 5ms
[2026-08-31T21:30:28.844Z] INFO  module=rpc message="RPC OK" fn=baogiaSave userId=U-KETOAN
 POST /api/rpc 200 in 19ms
[2026-08-31T21:30:28.850Z] INFO  module=rpc message="RPC OK" fn=hoSoGet userId=U-KETOAN
 POST /api/rpc 200 in 4ms
[2026-08-31T21:30:28.860Z] INFO  module=ho_so message="hoSoSave: saved" sc_id=SC-000001 id=HS-000002 actor=U-KETOAN
[2026-08-31T21:30:28.860Z] INFO  module=rpc message="RPC OK" fn=hoSoSave userId=U-KETOAN
 POST /api/rpc 200 in 9ms
[2026-08-31T21:30:28.867Z] INFO  module=rpc message="RPC OK" fn=hoSoList userId=U-KETOAN
 POST /api/rpc 200 in 4ms
[2026-08-31T21:30:28.876Z] INFO  module=rpc message="RPC OK" fn=hoSoCheck userId=U-KETOAN
 POST /api/rpc 200 in 8ms
[2026-08-31T21:30:28.882Z] WARN  module=rpc message="RPC error" fn=keHoachSave error=403 userId=U-KETOAN
 POST /api/rpc 403 in 4ms
[2026-08-31T21:30:28.887Z] WARN  module=rpc message="RPC error" fn=kiemTuSave error=403 userId=U-KETOAN
 POST /api/rpc 403 in 4ms
[2026-08-31T21:30:28.899Z] INFO  module=ho_so message="nghiemThuSave: saved" sc_id=SC-000001 id=NN-000003 actor=U-KETOAN
[2026-08-31T21:30:28.899Z] INFO  module=rpc message="RPC OK" fn=nghiemThuSave userId=U-KETOAN
 POST /api/rpc 200 in 9ms
[2026-08-31T21:30:28.906Z] INFO  module=rpc message="RPC OK" fn=activityFeed userId=U-KETOAN
 POST /api/rpc 200 in 5ms
[2026-08-31T21:30:28.911Z] INFO  module=rpc message="RPC OK" fn=dashboard userId=U-KETOAN
 POST /api/rpc 200 in 3ms
[2026-08-31T21:30:28.915Z] INFO  module=rpc message="RPC OK" fn=report userId=U-KETOAN
 POST /api/rpc 200 in 3ms
[2026-08-31T21:30:28.921Z] INFO  module=rpc message="RPC OK" fn=phieuList userId=U-KETOAN
 POST /api/rpc 200 in 4ms
 POST /api/rpc 400 in 5ms
[2026-08-31T21:30:28.934Z] INFO  module=rpc message="RPC OK" fn=assetXe userId=U-KETOAN
 POST /api/rpc 200 in 6ms
[2026-08-31T21:30:28.943Z] INFO  module=rpc message="RPC OK" fn=assetReport userId=U-KETOAN
 POST /api/rpc 200 in 7ms
[2026-08-31T21:30:28.950Z] INFO  module=rpc message="RPC OK" fn=tonKho userId=U-KETOAN
 POST /api/rpc 200 in 4ms
[2026-08-31T21:30:28.956Z] INFO  module=rpc message="RPC OK" fn=giaLichSuList userId=U-KETOAN
 POST /api/rpc 200 in 4ms
[2026-08-31T21:30:28.962Z] INFO  module=rpc message="RPC OK" fn=thanhLyList userId=U-KETOAN
 POST /api/rpc 200 in 4ms
[2026-08-31T21:30:28.968Z] INFO  module=rpc message="RPC OK" fn=dmList userId=U-KETOAN
 POST /api/rpc 200 in 4ms
[2026-08-31T21:30:28.973Z] INFO  module=rpc message="RPC OK" fn=dmDetail userId=U-KETOAN
 POST /api/rpc 200 in 3ms
[2026-08-31T21:30:28.977Z] INFO  module=rpc message="RPC OK" fn=dmListBySc userId=U-KETOAN
 POST /api/rpc 200 in 4ms
[2026-08-31T21:30:28.983Z] WARN  module=rpc message="RPC error" fn=dmDelete error=403 userId=U-KETOAN
 POST /api/rpc 403 in 4ms
[2026-08-31T21:30:28.988Z] INFO  module=rpc message="RPC OK" fn=xeList userId=U-KHO
 POST /api/rpc 200 in 5ms
[2026-08-31T21:30:28.994Z] INFO  module=rpc message="RPC OK" fn=xeGet userId=U-KHO
 POST /api/rpc 200 in 4ms
[2026-08-31T21:30:28.999Z] WARN  module=rpc message="RPC error" fn=xeCreate error=403 userId=U-KHO
 POST /api/rpc 403 in 3ms
[2026-08-31T21:30:29.004Z] INFO  module=rpc message="RPC OK" fn=scList userId=U-KHO
 POST /api/rpc 200 in 4ms
 POST /api/rpc 400 in 5ms
[2026-08-31T21:30:29.015Z] WARN  module=rpc message="RPC error" fn=scCreate error=403 userId=U-KHO
 POST /api/rpc 403 in 4ms
[2026-08-31T21:30:29.020Z] WARN  module=rpc message="RPC error" fn=scAddCongViec error=403 userId=U-KHO
 POST /api/rpc 403 in 4ms
[2026-08-31T21:30:29.025Z] WARN  module=rpc message="RPC error" fn=scAddVatTu error=403 userId=U-KHO
 POST /api/rpc 403 in 4ms
[2026-08-31T21:30:29.030Z] WARN  module=rpc message="RPC error" fn=scBatDauSua error=403 userId=U-KHO
 POST /api/rpc 403 in 3ms
[2026-08-31T21:30:29.035Z] WARN  module=rpc message="RPC error" fn=scHoanThanh error=403 userId=U-KHO
 POST /api/rpc 403 in 3ms
[2026-08-31T21:30:29.039Z] WARN  module=rpc message="RPC error" fn=scTuChoi error=403 userId=U-KHO
 POST /api/rpc 403 in 3ms
[2026-08-31T21:30:29.044Z] WARN  module=rpc message="RPC error" fn=scQuyetToan error=403 userId=U-KHO
 POST /api/rpc 403 in 4ms
[2026-08-31T21:30:29.049Z] INFO  module=rpc message="RPC OK" fn=vattuList userId=U-KHO
 POST /api/rpc 200 in 4ms
[2026-08-31T21:30:29.054Z] INFO  module=rpc message="RPC OK" fn=vattuGet userId=U-KHO
 POST /api/rpc 200 in 3ms
[2026-08-31T21:30:29.066Z] INFO  module=rpc message="RPC OK" fn=vattuCreate userId=U-KHO
 POST /api/rpc 200 in 9ms
[2026-08-31T21:30:29.076Z] INFO  module=rpc message="RPC OK" fn=nhapKho userId=U-KHO
 POST /api/rpc 200 in 9ms
[2026-08-31T21:30:29.086Z] INFO  module=rpc message="RPC OK" fn=xuatKho userId=U-KHO
 POST /api/rpc 200 in 8ms
[2026-08-31T21:30:29.097Z] INFO  module=rpc message="RPC OK" fn=dmCreate userId=U-KHO
 POST /api/rpc 200 in 10ms
[2026-08-31T21:30:29.109Z] INFO  module=rpc message="RPC OK" fn=dmNhap userId=U-KHO
 POST /api/rpc 200 in 10ms
[2026-08-31T21:30:29.114Z] INFO  module=rpc message="RPC OK" fn=baogiaList userId=U-KHO
 POST /api/rpc 200 in 4ms
[2026-08-31T21:30:29.119Z] INFO  module=rpc message="RPC OK" fn=baogiaGet userId=U-KHO
 POST /api/rpc 200 in 4ms
[2026-08-31T21:30:29.127Z] WARN  module=rpc message="RPC error" fn=baogiaSave error=403 userId=U-KHO
 POST /api/rpc 403 in 6ms
[2026-08-31T21:30:29.134Z] INFO  module=rpc message="RPC OK" fn=hoSoGet userId=U-KHO
 POST /api/rpc 200 in 4ms
[2026-08-31T21:30:29.139Z] WARN  module=rpc message="RPC error" fn=hoSoSave error=403 userId=U-KHO
 POST /api/rpc 403 in 3ms
[2026-08-31T21:30:29.144Z] INFO  module=rpc message="RPC OK" fn=hoSoList userId=U-KHO
 POST /api/rpc 200 in 4ms
[2026-08-31T21:30:29.152Z] INFO  module=rpc message="RPC OK" fn=hoSoCheck userId=U-KHO
 POST /api/rpc 200 in 6ms
[2026-08-31T21:30:29.157Z] WARN  module=rpc message="RPC error" fn=keHoachSave error=403 userId=U-KHO
 POST /api/rpc 403 in 3ms
[2026-08-31T21:30:29.162Z] WARN  module=rpc message="RPC error" fn=kiemTuSave error=403 userId=U-KHO
 POST /api/rpc 403 in 3ms
[2026-08-31T21:30:29.167Z] WARN  module=rpc message="RPC error" fn=nghiemThuSave error=403 userId=U-KHO
 POST /api/rpc 403 in 3ms
[2026-08-31T21:30:29.173Z] INFO  module=rpc message="RPC OK" fn=activityFeed userId=U-KHO
 POST /api/rpc 200 in 4ms
[2026-08-31T21:30:29.177Z] WARN  module=rpc message="RPC error" fn=dashboard error=403 userId=U-KHO
 POST /api/rpc 403 in 4ms
[2026-08-31T21:30:29.182Z] WARN  module=rpc message="RPC error" fn=report error=403 userId=U-KHO
 POST /api/rpc 403 in 4ms
[2026-08-31T21:30:29.188Z] INFO  module=rpc message="RPC OK" fn=phieuList userId=U-KHO
 POST /api/rpc 200 in 4ms
 POST /api/rpc 400 in 4ms
[2026-08-31T21:30:29.200Z] INFO  module=rpc message="RPC OK" fn=assetXe userId=U-KHO
 POST /api/rpc 200 in 5ms
[2026-08-31T21:30:29.207Z] INFO  module=rpc message="RPC OK" fn=assetReport userId=U-KHO
 POST /api/rpc 200 in 6ms
[2026-08-31T21:30:29.213Z] INFO  module=rpc message="RPC OK" fn=tonKho userId=U-KHO
 POST /api/rpc 200 in 5ms
[2026-08-31T21:30:29.219Z] INFO  module=rpc message="RPC OK" fn=giaLichSuList userId=U-KHO
 POST /api/rpc 200 in 4ms
[2026-08-31T21:30:29.224Z] INFO  module=rpc message="RPC OK" fn=thanhLyList userId=U-KHO
 POST /api/rpc 200 in 4ms
[2026-08-31T21:30:29.230Z] INFO  module=rpc message="RPC OK" fn=dmList userId=U-KHO
 POST /api/rpc 200 in 4ms
[2026-08-31T21:30:29.234Z] INFO  module=rpc message="RPC OK" fn=dmDetail userId=U-KHO
 POST /api/rpc 200 in 4ms
[2026-08-31T21:30:29.239Z] INFO  module=rpc message="RPC OK" fn=dmListBySc userId=U-KHO
 POST /api/rpc 200 in 3ms
[2026-08-31T21:30:29.243Z] INFO  module=rpc message="RPC OK" fn=dmDelete userId=U-KHO
 POST /api/rpc 200 in 3ms
[2026-08-31T21:30:29.279Z] INFO  module=auth message="Login successful" userId=U-ADMIN role=admin
 POST /api/auth 200 in 32ms
 ✓ Compiled in 86ms (277 modules)
[2026-08-31T21:32:01.794Z] INFO  module=rpc message="RPC OK" fn=xeList userId=U-ADMIN
 POST /api/rpc 200 in 38ms
[2026-08-31T21:32:01.807Z] INFO  module=rpc message="RPC OK" fn=xeGet userId=U-ADMIN
 POST /api/rpc 200 in 8ms
[2026-08-31T21:32:01.819Z] INFO  module=rpc message="RPC OK" fn=xeCreate userId=U-ADMIN
 POST /api/rpc 200 in 11ms
[2026-08-31T21:32:01.826Z] INFO  module=rpc message="RPC OK" fn=scList userId=U-ADMIN
 POST /api/rpc 200 in 5ms
 POST /api/rpc 400 in 4ms
[2026-08-31T21:32:01.847Z] INFO  module=rpc message="RPC OK" fn=scCreate userId=U-ADMIN
 POST /api/rpc 200 in 13ms
[2026-08-31T21:32:01.860Z] INFO  module=rpc message="RPC OK" fn=scAddCongViec userId=U-ADMIN
 POST /api/rpc 200 in 11ms
[2026-08-31T21:32:01.873Z] INFO  module=rpc message="RPC OK" fn=scAddVatTu userId=U-ADMIN
 POST /api/rpc 200 in 10ms
[2026-08-31T21:32:01.882Z] INFO  module=rpc message="RPC OK" fn=scBatDauSua userId=U-ADMIN
 POST /api/rpc 200 in 7ms
[2026-08-31T21:32:01.890Z] INFO  module=rpc message="RPC OK" fn=scHoanThanh userId=U-ADMIN
 POST /api/rpc 200 in 7ms
 POST /api/rpc 400 in 4ms
[2026-08-31T21:32:01.907Z] WARN  module=sc message="scQuyetToan: incomplete ho so" sc_id=SC-000001 miss=["Kế hoạch sửa chữa (mẫu 01)","Bản kiểm tu","Báo giá NCC (đã xác nhận)","Phiếu nhập kho vật tư mới","Phiếu xuất kho cho SC","Biên bản nghiệm thu"] actor=U-ADMIN
 POST /api/rpc 400 in 9ms
[2026-08-31T21:32:01.915Z] INFO  module=rpc message="RPC OK" fn=vattuList userId=U-ADMIN
 POST /api/rpc 200 in 5ms
[2026-08-31T21:32:01.922Z] INFO  module=rpc message="RPC OK" fn=vattuGet userId=U-ADMIN
 POST /api/rpc 200 in 5ms
[2026-08-31T21:32:01.931Z] INFO  module=rpc message="RPC OK" fn=vattuCreate userId=U-ADMIN
 POST /api/rpc 200 in 7ms
[2026-08-31T21:32:01.943Z] INFO  module=rpc message="RPC OK" fn=nhapKho userId=U-ADMIN
 POST /api/rpc 200 in 10ms
[2026-08-31T21:32:01.953Z] INFO  module=rpc message="RPC OK" fn=xuatKho userId=U-ADMIN
 POST /api/rpc 200 in 8ms
[2026-08-31T21:32:01.967Z] INFO  module=rpc message="RPC OK" fn=dmCreate userId=U-ADMIN
 POST /api/rpc 200 in 12ms
[2026-08-31T21:32:01.980Z] INFO  module=rpc message="RPC OK" fn=dmNhap userId=U-ADMIN
 POST /api/rpc 200 in 12ms
[2026-08-31T21:32:01.987Z] INFO  module=rpc message="RPC OK" fn=baogiaList userId=U-ADMIN
 POST /api/rpc 200 in 4ms
[2026-08-31T21:32:01.993Z] INFO  module=rpc message="RPC OK" fn=baogiaGet userId=U-ADMIN
 POST /api/rpc 200 in 5ms
[2026-08-31T21:32:02.009Z] INFO  module=rpc message="RPC OK" fn=baogiaSave userId=U-ADMIN
 POST /api/rpc 200 in 15ms
[2026-08-31T21:32:02.016Z] INFO  module=rpc message="RPC OK" fn=hoSoGet userId=U-ADMIN
 POST /api/rpc 200 in 5ms
[2026-08-31T21:32:02.026Z] INFO  module=ho_so message="hoSoSave: saved" sc_id=SC-000001 id=HS-000001 actor=U-ADMIN
[2026-08-31T21:32:02.026Z] INFO  module=rpc message="RPC OK" fn=hoSoSave userId=U-ADMIN
 POST /api/rpc 200 in 9ms
[2026-08-31T21:32:02.032Z] INFO  module=rpc message="RPC OK" fn=hoSoList userId=U-ADMIN
 POST /api/rpc 200 in 5ms
[2026-08-31T21:32:02.041Z] INFO  module=rpc message="RPC OK" fn=hoSoCheck userId=U-ADMIN
 POST /api/rpc 200 in 7ms
[2026-08-31T21:32:02.052Z] INFO  module=ho_so message="keHoachSave: saved" sc_id=SC-000001 id=KH-000001 actor=U-ADMIN
[2026-08-31T21:32:02.052Z] INFO  module=rpc message="RPC OK" fn=keHoachSave userId=U-ADMIN
 POST /api/rpc 200 in 9ms
[2026-08-31T21:32:02.062Z] INFO  module=ho_so message="kiemTuSave: saved" sc_id=SC-000001 id=KT-000001 actor=U-ADMIN
[2026-08-31T21:32:02.062Z] INFO  module=rpc message="RPC OK" fn=kiemTuSave userId=U-ADMIN
 POST /api/rpc 200 in 9ms
[2026-08-31T21:32:02.073Z] INFO  module=ho_so message="nghiemThuSave: saved" sc_id=SC-000001 id=NN-000001 actor=U-ADMIN
[2026-08-31T21:32:02.073Z] INFO  module=rpc message="RPC OK" fn=nghiemThuSave userId=U-ADMIN
 POST /api/rpc 200 in 8ms
[2026-08-31T21:32:02.081Z] INFO  module=rpc message="RPC OK" fn=activityFeed userId=U-ADMIN
 POST /api/rpc 200 in 6ms
[2026-08-31T21:32:02.086Z] INFO  module=rpc message="RPC OK" fn=dashboard userId=U-ADMIN
 POST /api/rpc 200 in 3ms
[2026-08-31T21:32:02.091Z] INFO  module=rpc message="RPC OK" fn=report userId=U-ADMIN
 POST /api/rpc 200 in 3ms
[2026-08-31T21:32:02.106Z] INFO  module=rpc message="RPC OK" fn=phieuList userId=U-ADMIN
 POST /api/rpc 200 in 13ms
 POST /api/rpc 400 in 6ms
[2026-08-31T21:32:02.123Z] INFO  module=rpc message="RPC OK" fn=assetXe userId=U-ADMIN
 POST /api/rpc 200 in 7ms
[2026-08-31T21:32:02.130Z] INFO  module=rpc message="RPC OK" fn=assetReport userId=U-ADMIN
 POST /api/rpc 200 in 6ms
[2026-08-31T21:32:02.137Z] INFO  module=rpc message="RPC OK" fn=tonKho userId=U-ADMIN
 POST /api/rpc 200 in 4ms
[2026-08-31T21:32:02.144Z] INFO  module=rpc message="RPC OK" fn=giaLichSuList userId=U-ADMIN
 POST /api/rpc 200 in 5ms
[2026-08-31T21:32:02.150Z] INFO  module=rpc message="RPC OK" fn=thanhLyList userId=U-ADMIN
 POST /api/rpc 200 in 4ms
[2026-08-31T21:32:02.157Z] INFO  module=rpc message="RPC OK" fn=dmList userId=U-ADMIN
 POST /api/rpc 200 in 5ms
[2026-08-31T21:32:02.162Z] INFO  module=rpc message="RPC OK" fn=dmDetail userId=U-ADMIN
 POST /api/rpc 200 in 3ms
[2026-08-31T21:32:02.168Z] INFO  module=rpc message="RPC OK" fn=dmListBySc userId=U-ADMIN
 POST /api/rpc 200 in 4ms
[2026-08-31T21:32:02.173Z] INFO  module=rpc message="RPC OK" fn=dmDelete userId=U-ADMIN
 POST /api/rpc 200 in 3ms
[2026-08-31T21:32:02.178Z] INFO  module=rpc message="RPC OK" fn=xeList userId=U-GIAMDOC
 POST /api/rpc 200 in 5ms
[2026-08-31T21:32:02.184Z] INFO  module=rpc message="RPC OK" fn=xeGet userId=U-GIAMDOC
 POST /api/rpc 200 in 4ms
[2026-08-31T21:32:02.189Z] WARN  module=rpc message="RPC error" fn=xeCreate error=403 userId=U-GIAMDOC
 POST /api/rpc 403 in 4ms
[2026-08-31T21:32:02.195Z] INFO  module=rpc message="RPC OK" fn=scList userId=U-GIAMDOC
 POST /api/rpc 200 in 4ms
 POST /api/rpc 400 in 4ms
[2026-08-31T21:32:02.206Z] WARN  module=rpc message="RPC error" fn=scCreate error=403 userId=U-GIAMDOC
 POST /api/rpc 403 in 3ms
[2026-08-31T21:32:02.211Z] WARN  module=rpc message="RPC error" fn=scAddCongViec error=403 userId=U-GIAMDOC
 POST /api/rpc 403 in 3ms
[2026-08-31T21:32:02.216Z] WARN  module=rpc message="RPC error" fn=scAddVatTu error=403 userId=U-GIAMDOC
 POST /api/rpc 403 in 3ms
[2026-08-31T21:32:02.220Z] WARN  module=rpc message="RPC error" fn=scBatDauSua error=403 userId=U-GIAMDOC
 POST /api/rpc 403 in 4ms
[2026-08-31T21:32:02.225Z] WARN  module=rpc message="RPC error" fn=scHoanThanh error=403 userId=U-GIAMDOC
 POST /api/rpc 403 in 4ms
[2026-08-31T21:32:02.230Z] WARN  module=rpc message="RPC error" fn=scTuChoi error=403 userId=U-GIAMDOC
 POST /api/rpc 403 in 3ms
[2026-08-31T21:32:02.234Z] WARN  module=rpc message="RPC error" fn=scQuyetToan error=403 userId=U-GIAMDOC
 POST /api/rpc 403 in 3ms
[2026-08-31T21:32:02.240Z] INFO  module=rpc message="RPC OK" fn=vattuList userId=U-GIAMDOC
 POST /api/rpc 200 in 4ms
[2026-08-31T21:32:02.245Z] INFO  module=rpc message="RPC OK" fn=vattuGet userId=U-GIAMDOC
 POST /api/rpc 200 in 4ms
[2026-08-31T21:32:02.250Z] WARN  module=rpc message="RPC error" fn=vattuCreate error=403 userId=U-GIAMDOC
 POST /api/rpc 403 in 4ms
[2026-08-31T21:32:02.255Z] WARN  module=rpc message="RPC error" fn=nhapKho error=403 userId=U-GIAMDOC
 POST /api/rpc 403 in 3ms
[2026-08-31T21:32:02.260Z] WARN  module=rpc message="RPC error" fn=xuatKho error=403 userId=U-GIAMDOC
 POST /api/rpc 403 in 3ms
[2026-08-31T21:32:02.265Z] WARN  module=rpc message="RPC error" fn=dmCreate error=403 userId=U-GIAMDOC
 POST /api/rpc 403 in 3ms
[2026-08-31T21:32:02.269Z] WARN  module=rpc message="RPC error" fn=dmNhap error=403 userId=U-GIAMDOC
 POST /api/rpc 403 in 4ms
[2026-08-31T21:32:02.275Z] INFO  module=rpc message="RPC OK" fn=baogiaList userId=U-GIAMDOC
 POST /api/rpc 200 in 4ms
[2026-08-31T21:32:02.281Z] INFO  module=rpc message="RPC OK" fn=baogiaGet userId=U-GIAMDOC
 POST /api/rpc 200 in 4ms
[2026-08-31T21:32:02.286Z] WARN  module=rpc message="RPC error" fn=baogiaSave error=403 userId=U-GIAMDOC
 POST /api/rpc 403 in 3ms
[2026-08-31T21:32:02.293Z] INFO  module=rpc message="RPC OK" fn=hoSoGet userId=U-GIAMDOC
 POST /api/rpc 200 in 4ms
[2026-08-31T21:32:02.298Z] WARN  module=rpc message="RPC error" fn=hoSoSave error=403 userId=U-GIAMDOC
 POST /api/rpc 403 in 3ms
[2026-08-31T21:32:02.304Z] INFO  module=rpc message="RPC OK" fn=hoSoList userId=U-GIAMDOC
 POST /api/rpc 200 in 4ms
[2026-08-31T21:32:02.313Z] INFO  module=rpc message="RPC OK" fn=hoSoCheck userId=U-GIAMDOC
 POST /api/rpc 200 in 8ms
[2026-08-31T21:32:02.319Z] WARN  module=rpc message="RPC error" fn=keHoachSave error=403 userId=U-GIAMDOC
 POST /api/rpc 403 in 3ms
[2026-08-31T21:32:02.325Z] WARN  module=rpc message="RPC error" fn=kiemTuSave error=403 userId=U-GIAMDOC
 POST /api/rpc 403 in 4ms
[2026-08-31T21:32:02.329Z] WARN  module=rpc message="RPC error" fn=nghiemThuSave error=403 userId=U-GIAMDOC
 POST /api/rpc 403 in 4ms
[2026-08-31T21:32:02.337Z] INFO  module=rpc message="RPC OK" fn=activityFeed userId=U-GIAMDOC
 POST /api/rpc 200 in 6ms
[2026-08-31T21:32:02.342Z] INFO  module=rpc message="RPC OK" fn=dashboard userId=U-GIAMDOC
 POST /api/rpc 200 in 4ms
[2026-08-31T21:32:02.348Z] INFO  module=rpc message="RPC OK" fn=report userId=U-GIAMDOC
 POST /api/rpc 200 in 4ms
[2026-08-31T21:32:02.353Z] INFO  module=rpc message="RPC OK" fn=phieuList userId=U-GIAMDOC
 POST /api/rpc 200 in 5ms
 POST /api/rpc 400 in 5ms
[2026-08-31T21:32:02.366Z] INFO  module=rpc message="RPC OK" fn=assetXe userId=U-GIAMDOC
 POST /api/rpc 200 in 6ms
[2026-08-31T21:32:02.373Z] INFO  module=rpc message="RPC OK" fn=assetReport userId=U-GIAMDOC
 POST /api/rpc 200 in 5ms
[2026-08-31T21:32:02.378Z] INFO  module=rpc message="RPC OK" fn=tonKho userId=U-GIAMDOC
 POST /api/rpc 200 in 4ms
[2026-08-31T21:32:02.385Z] INFO  module=rpc message="RPC OK" fn=giaLichSuList userId=U-GIAMDOC
 POST /api/rpc 200 in 5ms
[2026-08-31T21:32:02.391Z] INFO  module=rpc message="RPC OK" fn=thanhLyList userId=U-GIAMDOC
 POST /api/rpc 200 in 5ms
[2026-08-31T21:32:02.397Z] INFO  module=rpc message="RPC OK" fn=dmList userId=U-GIAMDOC
 POST /api/rpc 200 in 4ms
[2026-08-31T21:32:02.402Z] INFO  module=rpc message="RPC OK" fn=dmDetail userId=U-GIAMDOC
 POST /api/rpc 200 in 4ms
[2026-08-31T21:32:02.407Z] INFO  module=rpc message="RPC OK" fn=dmListBySc userId=U-GIAMDOC
 POST /api/rpc 200 in 3ms
[2026-08-31T21:32:02.412Z] WARN  module=rpc message="RPC error" fn=dmDelete error=403 userId=U-GIAMDOC
 POST /api/rpc 403 in 3ms
[2026-08-31T21:32:02.418Z] INFO  module=rpc message="RPC OK" fn=xeList userId=U-XUONG
 POST /api/rpc 200 in 5ms
[2026-08-31T21:32:02.424Z] INFO  module=rpc message="RPC OK" fn=xeGet userId=U-XUONG
 POST /api/rpc 200 in 4ms
[2026-08-31T21:32:02.430Z] WARN  module=rpc message="RPC error" fn=xeCreate error=403 userId=U-XUONG
 POST /api/rpc 403 in 4ms
[2026-08-31T21:32:02.436Z] INFO  module=rpc message="RPC OK" fn=scList userId=U-XUONG
 POST /api/rpc 200 in 5ms
 POST /api/rpc 400 in 5ms
[2026-08-31T21:32:02.459Z] INFO  module=rpc message="RPC OK" fn=scCreate userId=U-XUONG
 POST /api/rpc 200 in 13ms
[2026-08-31T21:32:02.471Z] INFO  module=rpc message="RPC OK" fn=scAddCongViec userId=U-XUONG
 POST /api/rpc 200 in 10ms
[2026-08-31T21:32:02.482Z] INFO  module=rpc message="RPC OK" fn=scAddVatTu userId=U-XUONG
 POST /api/rpc 200 in 10ms
 POST /api/rpc 400 in 5ms
 POST /api/rpc 400 in 5ms
 POST /api/rpc 400 in 5ms
[2026-08-31T21:32:02.508Z] WARN  module=sc message="scQuyetToan: role not allowed" actor=U-XUONG role=xuong
[2026-08-31T21:32:02.508Z] WARN  module=rpc message="RPC error" fn=scQuyetToan error=403 userId=U-XUONG
 POST /api/rpc 403 in 3ms
[2026-08-31T21:32:02.514Z] INFO  module=rpc message="RPC OK" fn=vattuList userId=U-XUONG
 POST /api/rpc 200 in 4ms
[2026-08-31T21:32:02.519Z] INFO  module=rpc message="RPC OK" fn=vattuGet userId=U-XUONG
 POST /api/rpc 200 in 3ms
[2026-08-31T21:32:02.524Z] WARN  module=rpc message="RPC error" fn=vattuCreate error=403 userId=U-XUONG
 POST /api/rpc 403 in 3ms
[2026-08-31T21:32:02.529Z] WARN  module=rpc message="RPC error" fn=nhapKho error=403 userId=U-XUONG
 POST /api/rpc 403 in 3ms
[2026-08-31T21:32:02.534Z] WARN  module=rpc message="RPC error" fn=xuatKho error=403 userId=U-XUONG
 POST /api/rpc 403 in 3ms
[2026-08-31T21:32:02.540Z] WARN  module=rpc message="RPC error" fn=dmCreate error=403 userId=U-XUONG
 POST /api/rpc 403 in 4ms
[2026-08-31T21:32:02.545Z] WARN  module=rpc message="RPC error" fn=dmNhap error=403 userId=U-XUONG
 POST /api/rpc 403 in 3ms
[2026-08-31T21:32:02.551Z] INFO  module=rpc message="RPC OK" fn=baogiaList userId=U-XUONG
 POST /api/rpc 200 in 4ms
[2026-08-31T21:32:02.556Z] INFO  module=rpc message="RPC OK" fn=baogiaGet userId=U-XUONG
 POST /api/rpc 200 in 4ms
[2026-08-31T21:32:02.561Z] WARN  module=rpc message="RPC error" fn=baogiaSave error=403 userId=U-XUONG
 POST /api/rpc 403 in 3ms
[2026-08-31T21:32:02.566Z] INFO  module=rpc message="RPC OK" fn=hoSoGet userId=U-XUONG
 POST /api/rpc 200 in 3ms
[2026-08-31T21:32:02.571Z] WARN  module=rpc message="RPC error" fn=hoSoSave error=403 userId=U-XUONG
 POST /api/rpc 403 in 4ms
[2026-08-31T21:32:02.577Z] INFO  module=rpc message="RPC OK" fn=hoSoList userId=U-XUONG
 POST /api/rpc 200 in 5ms
[2026-08-31T21:32:02.586Z] INFO  module=rpc message="RPC OK" fn=hoSoCheck userId=U-XUONG
 POST /api/rpc 200 in 7ms
[2026-08-31T21:32:02.595Z] INFO  module=ho_so message="keHoachSave: saved" sc_id=SC-000001 id=KH-000002 actor=U-XUONG
[2026-08-31T21:32:02.595Z] INFO  module=rpc message="RPC OK" fn=keHoachSave userId=U-XUONG
 POST /api/rpc 200 in 8ms
[2026-08-31T21:32:02.605Z] INFO  module=ho_so message="kiemTuSave: saved" sc_id=SC-000001 id=KT-000002 actor=U-XUONG
[2026-08-31T21:32:02.606Z] INFO  module=rpc message="RPC OK" fn=kiemTuSave userId=U-XUONG
 POST /api/rpc 200 in 9ms
[2026-08-31T21:32:02.615Z] INFO  module=ho_so message="nghiemThuSave: saved" sc_id=SC-000001 id=NN-000002 actor=U-XUONG
[2026-08-31T21:32:02.615Z] INFO  module=rpc message="RPC OK" fn=nghiemThuSave userId=U-XUONG
 POST /api/rpc 200 in 8ms
[2026-08-31T21:32:02.621Z] INFO  module=rpc message="RPC OK" fn=activityFeed userId=U-XUONG
 POST /api/rpc 200 in 4ms
[2026-08-31T21:32:02.626Z] INFO  module=rpc message="RPC OK" fn=dashboard userId=U-XUONG
 POST /api/rpc 200 in 3ms
[2026-08-31T21:32:02.631Z] WARN  module=rpc message="RPC error" fn=report error=403 userId=U-XUONG
 POST /api/rpc 403 in 4ms
[2026-08-31T21:32:02.637Z] INFO  module=rpc message="RPC OK" fn=phieuList userId=U-XUONG
 POST /api/rpc 200 in 4ms
 POST /api/rpc 400 in 4ms
[2026-08-31T21:32:02.649Z] INFO  module=rpc message="RPC OK" fn=assetXe userId=U-XUONG
 POST /api/rpc 200 in 4ms
[2026-08-31T21:32:02.655Z] INFO  module=rpc message="RPC OK" fn=assetReport userId=U-XUONG
 POST /api/rpc 200 in 5ms
[2026-08-31T21:32:02.661Z] INFO  module=rpc message="RPC OK" fn=tonKho userId=U-XUONG
 POST /api/rpc 200 in 4ms
[2026-08-31T21:32:02.667Z] INFO  module=rpc message="RPC OK" fn=giaLichSuList userId=U-XUONG
 POST /api/rpc 200 in 4ms
[2026-08-31T21:32:02.673Z] INFO  module=rpc message="RPC OK" fn=thanhLyList userId=U-XUONG
 POST /api/rpc 200 in 4ms
[2026-08-31T21:32:02.678Z] INFO  module=rpc message="RPC OK" fn=dmList userId=U-XUONG
 POST /api/rpc 200 in 5ms
[2026-08-31T21:32:02.683Z] INFO  module=rpc message="RPC OK" fn=dmDetail userId=U-XUONG
 POST /api/rpc 200 in 3ms
[2026-08-31T21:32:02.687Z] INFO  module=rpc message="RPC OK" fn=dmListBySc userId=U-XUONG
 POST /api/rpc 200 in 3ms
[2026-08-31T21:32:02.692Z] WARN  module=rpc message="RPC error" fn=dmDelete error=403 userId=U-XUONG
 POST /api/rpc 403 in 3ms
[2026-08-31T21:32:02.697Z] INFO  module=rpc message="RPC OK" fn=xeList userId=U-KETOAN
 POST /api/rpc 200 in 5ms
[2026-08-31T21:32:02.703Z] INFO  module=rpc message="RPC OK" fn=xeGet userId=U-KETOAN
 POST /api/rpc 200 in 4ms
[2026-08-31T21:32:02.707Z] WARN  module=rpc message="RPC error" fn=xeCreate error=403 userId=U-KETOAN
 POST /api/rpc 403 in 3ms
[2026-08-31T21:32:02.714Z] INFO  module=rpc message="RPC OK" fn=scList userId=U-KETOAN
 POST /api/rpc 200 in 4ms
 POST /api/rpc 400 in 3ms
[2026-08-31T21:32:02.724Z] WARN  module=rpc message="RPC error" fn=scCreate error=403 userId=U-KETOAN
 POST /api/rpc 403 in 3ms
[2026-08-31T21:32:02.728Z] WARN  module=rpc message="RPC error" fn=scAddCongViec error=403 userId=U-KETOAN
 POST /api/rpc 403 in 4ms
[2026-08-31T21:32:02.733Z] WARN  module=rpc message="RPC error" fn=scAddVatTu error=403 userId=U-KETOAN
 POST /api/rpc 403 in 3ms
[2026-08-31T21:32:02.737Z] WARN  module=rpc message="RPC error" fn=scBatDauSua error=403 userId=U-KETOAN
 POST /api/rpc 403 in 3ms
[2026-08-31T21:32:02.742Z] WARN  module=rpc message="RPC error" fn=scHoanThanh error=403 userId=U-KETOAN
 POST /api/rpc 403 in 3ms
[2026-08-31T21:32:02.746Z] WARN  module=rpc message="RPC error" fn=scTuChoi error=403 userId=U-KETOAN
 POST /api/rpc 403 in 4ms
[2026-08-31T21:32:02.754Z] WARN  module=sc message="scQuyetToan: incomplete ho so" sc_id=SC-000001 miss=["Phiếu nhập kho vật tư mới","Phiếu xuất kho cho SC"] actor=U-KETOAN
 POST /api/rpc 400 in 7ms
[2026-08-31T21:32:02.760Z] INFO  module=rpc message="RPC OK" fn=vattuList userId=U-KETOAN
 POST /api/rpc 200 in 5ms
[2026-08-31T21:32:02.766Z] INFO  module=rpc message="RPC OK" fn=vattuGet userId=U-KETOAN
 POST /api/rpc 200 in 4ms
[2026-08-31T21:32:02.771Z] WARN  module=rpc message="RPC error" fn=vattuCreate error=403 userId=U-KETOAN
 POST /api/rpc 403 in 3ms
[2026-08-31T21:32:02.775Z] WARN  module=rpc message="RPC error" fn=nhapKho error=403 userId=U-KETOAN
 POST /api/rpc 403 in 3ms
[2026-08-31T21:32:02.779Z] WARN  module=rpc message="RPC error" fn=xuatKho error=403 userId=U-KETOAN
 POST /api/rpc 403 in 4ms
[2026-08-31T21:32:02.784Z] WARN  module=rpc message="RPC error" fn=dmCreate error=403 userId=U-KETOAN
 POST /api/rpc 403 in 3ms
[2026-08-31T21:32:02.789Z] WARN  module=rpc message="RPC error" fn=dmNhap error=403 userId=U-KETOAN
 POST /api/rpc 403 in 3ms
[2026-08-31T21:32:02.794Z] INFO  module=rpc message="RPC OK" fn=baogiaList userId=U-KETOAN
 POST /api/rpc 200 in 4ms
[2026-08-31T21:32:02.799Z] INFO  module=rpc message="RPC OK" fn=baogiaGet userId=U-KETOAN
 POST /api/rpc 200 in 4ms
[2026-08-31T21:32:02.814Z] INFO  module=rpc message="RPC OK" fn=baogiaSave userId=U-KETOAN
 POST /api/rpc 200 in 14ms
[2026-08-31T21:32:02.820Z] INFO  module=rpc message="RPC OK" fn=hoSoGet userId=U-KETOAN
 POST /api/rpc 200 in 4ms
[2026-08-31T21:32:02.829Z] INFO  module=ho_so message="hoSoSave: saved" sc_id=SC-000001 id=HS-000002 actor=U-KETOAN
[2026-08-31T21:32:02.829Z] INFO  module=rpc message="RPC OK" fn=hoSoSave userId=U-KETOAN
 POST /api/rpc 200 in 8ms
[2026-08-31T21:32:02.835Z] INFO  module=rpc message="RPC OK" fn=hoSoList userId=U-KETOAN
 POST /api/rpc 200 in 4ms
[2026-08-31T21:32:02.843Z] INFO  module=rpc message="RPC OK" fn=hoSoCheck userId=U-KETOAN
 POST /api/rpc 200 in 6ms
[2026-08-31T21:32:02.848Z] WARN  module=rpc message="RPC error" fn=keHoachSave error=403 userId=U-KETOAN
 POST /api/rpc 403 in 3ms
[2026-08-31T21:32:02.853Z] WARN  module=rpc message="RPC error" fn=kiemTuSave error=403 userId=U-KETOAN
 POST /api/rpc 403 in 3ms
[2026-08-31T21:32:02.862Z] INFO  module=ho_so message="nghiemThuSave: saved" sc_id=SC-000001 id=NN-000003 actor=U-KETOAN
[2026-08-31T21:32:02.862Z] INFO  module=rpc message="RPC OK" fn=nghiemThuSave userId=U-KETOAN
 POST /api/rpc 200 in 8ms
[2026-08-31T21:32:02.869Z] INFO  module=rpc message="RPC OK" fn=activityFeed userId=U-KETOAN
 POST /api/rpc 200 in 5ms
[2026-08-31T21:32:02.873Z] INFO  module=rpc message="RPC OK" fn=dashboard userId=U-KETOAN
 POST /api/rpc 200 in 4ms
[2026-08-31T21:32:02.878Z] INFO  module=rpc message="RPC OK" fn=report userId=U-KETOAN
 POST /api/rpc 200 in 3ms
[2026-08-31T21:32:02.884Z] INFO  module=rpc message="RPC OK" fn=phieuList userId=U-KETOAN
 POST /api/rpc 200 in 5ms
 POST /api/rpc 400 in 4ms
[2026-08-31T21:32:02.896Z] INFO  module=rpc message="RPC OK" fn=assetXe userId=U-KETOAN
 POST /api/rpc 200 in 4ms
[2026-08-31T21:32:02.902Z] INFO  module=rpc message="RPC OK" fn=assetReport userId=U-KETOAN
 POST /api/rpc 200 in 5ms
[2026-08-31T21:32:02.908Z] INFO  module=rpc message="RPC OK" fn=tonKho userId=U-KETOAN
 POST /api/rpc 200 in 4ms
[2026-08-31T21:32:02.914Z] INFO  module=rpc message="RPC OK" fn=giaLichSuList userId=U-KETOAN
 POST /api/rpc 200 in 4ms
[2026-08-31T21:32:02.920Z] INFO  module=rpc message="RPC OK" fn=thanhLyList userId=U-KETOAN
 POST /api/rpc 200 in 4ms
[2026-08-31T21:32:02.926Z] INFO  module=rpc message="RPC OK" fn=dmList userId=U-KETOAN
 POST /api/rpc 200 in 4ms
[2026-08-31T21:32:02.941Z] INFO  module=rpc message="RPC OK" fn=dmDetail userId=U-KETOAN
 POST /api/rpc 200 in 4ms
[2026-08-31T21:32:02.946Z] INFO  module=rpc message="RPC OK" fn=dmListBySc userId=U-KETOAN
 POST /api/rpc 200 in 3ms
[2026-08-31T21:32:02.950Z] WARN  module=rpc message="RPC error" fn=dmDelete error=403 userId=U-KETOAN
 POST /api/rpc 403 in 3ms
[2026-08-31T21:32:02.956Z] INFO  module=rpc message="RPC OK" fn=xeList userId=U-KHO
 POST /api/rpc 200 in 4ms
[2026-08-31T21:32:02.961Z] INFO  module=rpc message="RPC OK" fn=xeGet userId=U-KHO
 POST /api/rpc 200 in 4ms
[2026-08-31T21:32:02.966Z] WARN  module=rpc message="RPC error" fn=xeCreate error=403 userId=U-KHO
 POST /api/rpc 403 in 3ms
[2026-08-31T21:32:02.971Z] INFO  module=rpc message="RPC OK" fn=scList userId=U-KHO
 POST /api/rpc 200 in 4ms
 POST /api/rpc 400 in 4ms
[2026-08-31T21:32:02.981Z] WARN  module=rpc message="RPC error" fn=scCreate error=403 userId=U-KHO
 POST /api/rpc 403 in 3ms
[2026-08-31T21:32:02.985Z] WARN  module=rpc message="RPC error" fn=scAddCongViec error=403 userId=U-KHO
 POST /api/rpc 403 in 3ms
[2026-08-31T21:32:02.989Z] WARN  module=rpc message="RPC error" fn=scAddVatTu error=403 userId=U-KHO
 POST /api/rpc 403 in 3ms
[2026-08-31T21:32:02.994Z] WARN  module=rpc message="RPC error" fn=scBatDauSua error=403 userId=U-KHO
 POST /api/rpc 403 in 3ms
[2026-08-31T21:32:02.999Z] WARN  module=rpc message="RPC error" fn=scHoanThanh error=403 userId=U-KHO
 POST /api/rpc 403 in 3ms
[2026-08-31T21:32:03.004Z] WARN  module=rpc message="RPC error" fn=scTuChoi error=403 userId=U-KHO
 POST /api/rpc 403 in 3ms
[2026-08-31T21:32:03.009Z] WARN  module=rpc message="RPC error" fn=scQuyetToan error=403 userId=U-KHO
 POST /api/rpc 403 in 3ms
[2026-08-31T21:32:03.014Z] INFO  module=rpc message="RPC OK" fn=vattuList userId=U-KHO
 POST /api/rpc 200 in 3ms
[2026-08-31T21:32:03.019Z] INFO  module=rpc message="RPC OK" fn=vattuGet userId=U-KHO
 POST /api/rpc 200 in 4ms
[2026-08-31T21:32:03.028Z] INFO  module=rpc message="RPC OK" fn=vattuCreate userId=U-KHO
 POST /api/rpc 200 in 7ms
[2026-08-31T21:32:03.039Z] INFO  module=rpc message="RPC OK" fn=nhapKho userId=U-KHO
 POST /api/rpc 200 in 9ms
[2026-08-31T21:32:03.050Z] INFO  module=rpc message="RPC OK" fn=xuatKho userId=U-KHO
 POST /api/rpc 200 in 8ms
[2026-08-31T21:32:03.063Z] INFO  module=rpc message="RPC OK" fn=dmCreate userId=U-KHO
 POST /api/rpc 200 in 11ms
[2026-08-31T21:32:03.075Z] INFO  module=rpc message="RPC OK" fn=dmNhap userId=U-KHO
 POST /api/rpc 200 in 10ms
[2026-08-31T21:32:03.080Z] INFO  module=rpc message="RPC OK" fn=baogiaList userId=U-KHO
 POST /api/rpc 200 in 5ms
[2026-08-31T21:32:03.086Z] INFO  module=rpc message="RPC OK" fn=baogiaGet userId=U-KHO
 POST /api/rpc 200 in 4ms
[2026-08-31T21:32:03.091Z] WARN  module=rpc message="RPC error" fn=baogiaSave error=403 userId=U-KHO
 POST /api/rpc 403 in 3ms
[2026-08-31T21:32:03.096Z] INFO  module=rpc message="RPC OK" fn=hoSoGet userId=U-KHO
 POST /api/rpc 200 in 4ms
[2026-08-31T21:32:03.101Z] WARN  module=rpc message="RPC error" fn=hoSoSave error=403 userId=U-KHO
 POST /api/rpc 403 in 3ms
[2026-08-31T21:32:03.106Z] INFO  module=rpc message="RPC OK" fn=hoSoList userId=U-KHO
 POST /api/rpc 200 in 4ms
[2026-08-31T21:32:03.116Z] INFO  module=rpc message="RPC OK" fn=hoSoCheck userId=U-KHO
 POST /api/rpc 200 in 8ms
[2026-08-31T21:32:03.121Z] WARN  module=rpc message="RPC error" fn=keHoachSave error=403 userId=U-KHO
 POST /api/rpc 403 in 3ms
[2026-08-31T21:32:03.126Z] WARN  module=rpc message="RPC error" fn=kiemTuSave error=403 userId=U-KHO
 POST /api/rpc 403 in 4ms
[2026-08-31T21:32:03.131Z] WARN  module=rpc message="RPC error" fn=nghiemThuSave error=403 userId=U-KHO
 POST /api/rpc 403 in 4ms
[2026-08-31T21:32:03.138Z] INFO  module=rpc message="RPC OK" fn=activityFeed userId=U-KHO
 POST /api/rpc 200 in 5ms
[2026-08-31T21:32:03.142Z] WARN  module=rpc message="RPC error" fn=dashboard error=403 userId=U-KHO
 POST /api/rpc 403 in 4ms
[2026-08-31T21:32:03.147Z] WARN  module=rpc message="RPC error" fn=report error=403 userId=U-KHO
 POST /api/rpc 403 in 3ms
[2026-08-31T21:32:03.152Z] INFO  module=rpc message="RPC OK" fn=phieuList userId=U-KHO
 POST /api/rpc 200 in 4ms
 POST /api/rpc 400 in 5ms
[2026-08-31T21:32:03.166Z] INFO  module=rpc message="RPC OK" fn=assetXe userId=U-KHO
 POST /api/rpc 200 in 6ms
[2026-08-31T21:32:03.173Z] INFO  module=rpc message="RPC OK" fn=assetReport userId=U-KHO
 POST /api/rpc 200 in 6ms
[2026-08-31T21:32:03.179Z] INFO  module=rpc message="RPC OK" fn=tonKho userId=U-KHO
 POST /api/rpc 200 in 5ms
[2026-08-31T21:32:03.185Z] INFO  module=rpc message="RPC OK" fn=giaLichSuList userId=U-KHO
 POST /api/rpc 200 in 4ms
[2026-08-31T21:32:03.191Z] INFO  module=rpc message="RPC OK" fn=thanhLyList userId=U-KHO
 POST /api/rpc 200 in 4ms
[2026-08-31T21:32:03.196Z] INFO  module=rpc message="RPC OK" fn=dmList userId=U-KHO
 POST /api/rpc 200 in 5ms
[2026-08-31T21:32:03.202Z] INFO  module=rpc message="RPC OK" fn=dmDetail userId=U-KHO
 POST /api/rpc 200 in 4ms
[2026-08-31T21:32:03.207Z] INFO  module=rpc message="RPC OK" fn=dmListBySc userId=U-KHO
 POST /api/rpc 200 in 3ms
[2026-08-31T21:32:03.212Z] INFO  module=rpc message="RPC OK" fn=dmDelete userId=U-KHO
 POST /api/rpc 200 in 3ms
[2026-08-31T21:32:03.252Z] INFO  module=auth message="Login successful" userId=U-ADMIN role=admin
 POST /api/auth 200 in 35ms
 ✓ Compiled in 137ms (233 modules)
 ✓ Compiled in 72ms (233 modules)
 ✓ Compiled in 74ms (233 modules)
 ✓ Compiled in 77ms (233 modules)
 ✓ Compiled in 75ms (233 modules)
 ✓ Compiled in 100ms (233 modules)
 ✓ Compiled in 94ms (319 modules)
 ✓ Compiled in 74ms (233 modules)
 ✓ Compiled in 69ms (233 modules)
 ✓ Compiled in 68ms (233 modules)
 ✓ Compiled in 76ms (233 modules)
 ✓ Compiled in 109ms (233 modules)
 ✓ Compiled in 63ms (233 modules)
 ✓ Compiled in 121ms (233 modules)
 ✓ Compiled in 63ms (233 modules)
 ✓ Compiled in 63ms (233 modules)
 ✓ Compiled in 74ms (233 modules)
 ✓ Compiled in 123ms (233 modules)
 ✓ Compiled in 62ms (305 modules)
 ✓ Compiled in 83ms (233 modules)
 ✓ Compiled in 61ms (233 modules)
 ✓ Compiled in 60ms (233 modules)
 ✓ Compiled in 72ms (233 modules)
 ✓ Compiled in 70ms (233 modules)
 ✓ Compiled in 77ms (233 modules)
 ✓ Compiled in 64ms (233 modules)
 ✓ Compiled in 53ms (233 modules)
 ✓ Compiled in 93ms (233 modules)
 ✓ Compiled in 100ms (233 modules)
 ✓ Compiled in 73ms (233 modules)
 ✓ Compiled in 146ms (233 modules)
 ✓ Compiled in 94ms (233 modules)
 ✓ Compiled in 64ms (233 modules)
 ✓ Compiled in 130ms (233 modules)
 ✓ Compiled in 73ms (233 modules)
 ✓ Compiled in 77ms (233 modules)
 ✓ Compiled in 155ms (233 modules)
 ✓ Compiled in 74ms (233 modules)
 ✓ Compiled in 72ms (233 modules)
 ✓ Compiled in 81ms (233 modules)
 ✓ Compiled in 101ms (233 modules)
 ✓ Compiled in 107ms (233 modules)
 ✓ Compiled in 95ms (233 modules)
 ✓ Compiled in 128ms (233 modules)
 ✓ Compiled in 101ms (233 modules)
 ✓ Compiled in 118ms (233 modules)
 ✓ Compiled in 123ms (233 modules)
 ✓ Compiled in 72ms (233 modules)
 ✓ Compiled in 81ms (233 modules)
 ✓ Compiled in 88ms (233 modules)
 ✓ Compiled in 101ms (233 modules)
 ✓ Compiled in 112ms (233 modules)
 ✓ Compiled in 108ms (233 modules)
 ✓ Compiled in 127ms (233 modules)
 ✓ Compiled in 116ms (233 modules)
 ✓ Compiled in 128ms (233 modules)
 ✓ Compiled in 92ms (233 modules)
 ✓ Compiled in 101ms (233 modules)
 ✓ Compiled in 85ms (233 modules)
 ✓ Compiled in 115ms (233 modules)
 ✓ Compiled in 128ms (233 modules)
 ✓ Compiled in 57ms (233 modules)
 ✓ Compiled in 102ms (233 modules)
 ✓ Compiled in 132ms (233 modules)
 ✓ Compiled in 99ms (233 modules)
 ✓ Compiled in 104ms (233 modules)
 ✓ Compiled in 72ms (233 modules)
 ✓ Compiled in 115ms (233 modules)
 ✓ Compiled in 117ms (233 modules)
 ✓ Compiled in 81ms (233 modules)
 ✓ Compiled in 367ms (233 modules)
 ✓ Compiled in 92ms (233 modules)
 ✓ Compiled in 56ms (305 modules)
 ✓ Compiled in 123ms (233 modules)
 ✓ Compiled in 46ms (305 modules)
 ✓ Compiled in 124ms (233 modules)
 ✓ Compiled in 92ms (233 modules)
 ✓ Compiled in 112ms (233 modules)
 ✓ Compiled in 130ms (233 modules)
 ✓ Compiled in 163ms (233 modules)
 ✓ Compiled in 138ms (233 modules)
 ✓ Compiled in 132ms (233 modules)
 ✓ Compiled in 64ms (233 modules)
 ✓ Compiled in 125ms (233 modules)
 ✓ Compiled in 59ms (233 modules)
 ✓ Compiled in 108ms (319 modules)
 ✓ Compiled in 119ms (233 modules)
 ✓ Compiled in 70ms (233 modules)
 ✓ Compiled in 136ms (233 modules)
 ✓ Compiled in 132ms (233 modules)
 ✓ Compiled in 90ms (233 modules)
 ✓ Compiled in 129ms (233 modules)
 ✓ Compiled in 121ms (233 modules)
 ✓ Compiled in 80ms (233 modules)
 ✓ Compiled in 133ms (233 modules)
 ✓ Compiled in 118ms (233 modules)
 ✓ Compiled in 118ms (233 modules)
 ✓ Compiled in 121ms (233 modules)
 ✓ Compiled in 114ms (233 modules)
 ✓ Compiled in 300ms (233 modules)
 ✓ Compiled in 101ms (233 modules)
 ✓ Compiled in 128ms (233 modules)
 ✓ Compiled in 146ms (233 modules)
 ✓ Compiled in 150ms (233 modules)
 ✓ Compiled in 138ms (233 modules)
 ✓ Compiled in 134ms (233 modules)
 ✓ Compiled in 91ms (233 modules)
 ✓ Compiled in 135ms (233 modules)
 ✓ Compiled in 99ms (233 modules)
 ✓ Compiled in 127ms (233 modules)
 ✓ Compiled in 92ms (233 modules)
 ✓ Compiled in 129ms (233 modules)
 ✓ Compiled in 95ms (233 modules)
 ✓ Compiled in 144ms (233 modules)
 ✓ Compiled in 117ms (233 modules)
 ✓ Compiled in 116ms (233 modules)
 ✓ Compiled in 136ms (233 modules)
 ✓ Compiled in 126ms (233 modules)
 ✓ Compiled in 126ms (233 modules)
 ✓ Compiled in 77ms (233 modules)
 ✓ Compiled in 153ms (233 modules)
 ✓ Compiled in 146ms (233 modules)
 ✓ Compiled in 113ms (233 modules)
 ✓ Compiled in 127ms (233 modules)
 ✓ Compiled in 128ms (233 modules)
 ✓ Compiled in 138ms (233 modules)
 ✓ Compiled in 158ms (233 modules)
 ✓ Compiled in 127ms (233 modules)
 ✓ Compiled in 143ms (233 modules)
 ✓ Compiled in 125ms (233 modules)
 ✓ Compiled in 87ms (233 modules)
 ✓ Compiled in 84ms (233 modules)
 ✓ Compiled in 125ms (233 modules)
 ✓ Compiled in 117ms (233 modules)
 ✓ Compiled in 104ms (233 modules)
 ✓ Compiled in 174ms (233 modules)
 ✓ Compiled in 90ms (233 modules)
 ✓ Compiled in 140ms (233 modules)
 ✓ Compiled in 117ms (233 modules)
 ✓ Compiled in 113ms (233 modules)
 ✓ Compiled in 131ms (233 modules)
 ✓ Compiled in 114ms (233 modules)
 ✓ Compiled in 136ms (233 modules)
 ✓ Compiled in 138ms (233 modules)
 ✓ Compiled in 125ms (233 modules)
 ✓ Compiled in 120ms (233 modules)
 ✓ Compiled in 120ms (233 modules)
 ✓ Compiled in 132ms (233 modules)
 ✓ Compiled in 100ms (233 modules)
 ✓ Compiled in 123ms (233 modules)
 ✓ Compiled in 125ms (233 modules)
 ✓ Compiled in 163ms (233 modules)
 ✓ Compiled in 143ms (233 modules)
 ✓ Compiled in 117ms (233 modules)
 ✓ Compiled in 94ms (233 modules)
 ✓ Compiled in 115ms (233 modules)
 ✓ Compiled in 116ms (233 modules)
 ✓ Compiled in 78ms (233 modules)
 ✓ Compiled in 147ms (233 modules)
 ✓ Compiled in 135ms (233 modules)
 ✓ Compiled in 131ms (233 modules)
 ✓ Compiled in 119ms (233 modules)
 ✓ Compiled in 110ms (233 modules)
 ✓ Compiled in 132ms (233 modules)
 ✓ Compiled in 136ms (233 modules)
 ✓ Compiled in 119ms (233 modules)
 ✓ Compiled in 113ms (233 modules)
 ✓ Compiled in 118ms (233 modules)
 ✓ Compiled in 118ms (233 modules)
 ✓ Compiled in 467ms (305 modules)
 ✓ Compiled in 116ms (233 modules)
 ✓ Compiled in 197ms (305 modules)
 ✓ Compiled in 131ms (233 modules)
 ✓ Compiled in 122ms (319 modules)
 ✓ Compiled in 138ms (233 modules)
 ✓ Compiled in 55ms (305 modules)
