[2026-08-31T19:01:55.953Z] ERROR module=rpc message="RPC handler failed" fn=scAddVatTu error=relation "sc" does not exist stack=error: relation "sc" does not exist
    at E:\APP-LAPTOP-SYNC\cencomOS_gara_4.0_supa\gara_reconstruction_v5\node_modules\pg-pool\index.js:45:11
    at process.processTicksAndRejections (node:internal/process/task_queues:104:5)
    at async row (webpack-internal:///(rsc)/./lib/db.ts:40:15)
    at async getSc (webpack-internal:///(rsc)/./lib/core/sc.ts:65:15)
    at async Module.scAddVatTu (webpack-internal:///(rsc)/./lib/core/sc.ts:228:5)
    at async dispatch (webpack-internal:///(rsc)/./lib/rpc.ts:296:12)
    at async POST (webpack-internal:///(rsc)/./app/api/rpc/route.ts:67:24)
    at async E:\APP-LAPTOP-SYNC\cencomOS_gara_4.0_supa\gara_reconstruction_v5\node_modules\next\dist\compiled\next-server\app-route.runtime.dev.js:6:57228
    at async eT.execute (E:\APP-LAPTOP-SYNC\cencomOS_gara_4.0_supa\gara_reconstruction_v5\node_modules\next\dist\compiled\next-server\app-route.runtime.dev.js:6:46851)
    at async eT.handle (E:\APP-LAPTOP-SYNC\cencomOS_gara_4.0_supa\gara_reconstruction_v5\node_modules\next\dist\compiled\next-server\app-route.runtime.dev.js:6:58760)
    at async doRender (E:\APP-LAPTOP-SYNC\cencomOS_gara_4.0_supa\gara_reconstruction_v5\node_modules\next\dist\server\base-server.js:1366:42)
    at async cacheEntry.responseCache.get.routeKind (E:\APP-LAPTOP-SYNC\cencomOS_gara_4.0_supa\gara_reconstruction_v5\node_modules\next\dist\server\base-server.js:1588:28)
    at async DevServer.renderToResponseWithComponentsImpl (E:\APP-LAPTOP-SYNC\cencomOS_gara_4.0_supa\gara_reconstruction_v5\node_modules\next\dist\server\base-server.js:1496:28)
    at async DevServer.renderPageComponent (E:\APP-LAPTOP-SYNC\cencomOS_gara_4.0_supa\gara_reconstruction_v5\node_modules\next\dist\server\base-server.js:1924:24)
    at async DevServer.renderToResponseImpl (E:\APP-LAPTOP-SYNC\cencomOS_gara_4.0_supa\gara_reconstruction_v5\node_modules\next\dist\server\base-server.js:1962:32)
    at async DevServer.pipeImpl (E:\APP-LAPTOP-SYNC\cencomOS_gara_4.0_supa\gara_reconstruction_v5\node_modules\next\dist\server\base-server.js:922:25)
    at async NextNodeServer.handleCatchallRenderRequest (E:\APP-LAPTOP-SYNC\cencomOS_gara_4.0_supa\gara_reconstruction_v5\node_modules\next\dist\server\next-server.js:272:17)
    at async DevServer.handleRequestImpl (E:\APP-LAPTOP-SYNC\cencomOS_gara_4.0_supa\gara_reconstruction_v5\node_modules\next\dist\server\base-server.js:818:17)
    at async E:\APP-LAPTOP-SYNC\cencomOS_gara_4.0_supa\gara_reconstruction_v5\node_modules\next\dist\server\dev\next-dev-server.js:339:20
    at async Span.traceAsyncFn (E:\APP-LAPTOP-SYNC\cencomOS_gara_4.0_supa\gara_reconstruction_v5\node_modules\next\dist\trace\trace.js:154:20)
    at async DevServer.handleRequest (E:\APP-LAPTOP-SYNC\cencomOS_gara_4.0_supa\gara_reconstruction_v5\node_modules\next\dist\server\dev\next-dev-server.js:336:24)
    at async invokeRender (E:\APP-LAPTOP-SYNC\cencomOS_gara_4.0_supa\gara_reconstruction_v5\node_modules\next\dist\server\lib\router-server.js:179:21)
    at async handleRequest (E:\APP-LAPTOP-SYNC\cencomOS_gara_4.0_supa\gara_reconstruction_v5\node_modules\next\dist\server\lib\router-server.js:359:24)
    at async requestHandlerImpl (E:\APP-LAPTOP-SYNC\cencomOS_gara_4.0_supa\gara_reconstruction_v5\node_modules\next\dist\server\lib\router-server.js:383:13)
    at async Server.requestListener (E:\APP-LAPTOP-SYNC\cencomOS_gara_4.0_supa\gara_reconstruction_v5\node_modules\next\dist\server\lib\start-server.js:141:13) userId=U-ADMIN
[2026-08-31T19:01:55.975Z] ERROR module=rpc message="RPC handler failed" fn=scAddCongViec error=relation "sc" does not exist stack=error: relation "sc" does not exist
    at E:\APP-LAPTOP-SYNC\cencomOS_gara_4.0_supa\gara_reconstruction_v5\node_modules\pg-pool\index.js:45:11
    at process.processTicksAndRejections (node:internal/process/task_queues:104:5)
    at async row (webpack-internal:///(rsc)/./lib/db.ts:40:15)
    at async getSc (webpack-internal:///(rsc)/./lib/core/sc.ts:65:15)
    at async Module.scAddCongViec (webpack-internal:///(rsc)/./lib/core/sc.ts:183:5)
    at async dispatch (webpack-internal:///(rsc)/./lib/rpc.ts:296:12)
    at async POST (webpack-internal:///(rsc)/./app/api/rpc/route.ts:67:24)
    at async E:\APP-LAPTOP-SYNC\cencomOS_gara_4.0_supa\gara_reconstruction_v5\node_modules\next\dist\compiled\next-server\app-route.runtime.dev.js:6:57228
    at async eT.execute (E:\APP-LAPTOP-SYNC\cencomOS_gara_4.0_supa\gara_reconstruction_v5\node_modules\next\dist\compiled\next-server\app-route.runtime.dev.js:6:46851)
    at async eT.handle (E:\APP-LAPTOP-SYNC\cencomOS_gara_4.0_supa\gara_reconstruction_v5\node_modules\next\dist\compiled\next-server\app-route.runtime.dev.js:6:58760)
    at async doRender (E:\APP-LAPTOP-SYNC\cencomOS_gara_4.0_supa\gara_reconstruction_v5\node_modules\next\dist\server\base-server.js:1366:42)
    at async cacheEntry.responseCache.get.routeKind (E:\APP-LAPTOP-SYNC\cencomOS_gara_4.0_supa\gara_reconstruction_v5\node_modules\next\dist\server\base-server.js:1588:28)
    at async DevServer.renderToResponseWithComponentsImpl (E:\APP-LAPTOP-SYNC\cencomOS_gara_4.0_supa\gara_reconstruction_v5\node_modules\next\dist\server\base-server.js:1496:28)
    at async DevServer.renderPageComponent (E:\APP-LAPTOP-SYNC\cencomOS_gara_4.0_supa\gara_reconstruction_v5\node_modules\next\dist\server\base-server.js:1924:24)
    at async DevServer.renderToResponseImpl (E:\APP-LAPTOP-SYNC\cencomOS_gara_4.0_supa\gara_reconstruction_v5\node_modules\next\dist\server\base-server.js:1962:32)
    at async DevServer.pipeImpl (E:\APP-LAPTOP-SYNC\cencomOS_gara_4.0_supa\gara_reconstruction_v5\node_modules\next\dist\server\base-server.js:922:25)
    at async NextNodeServer.handleCatchallRenderRequest (E:\APP-LAPTOP-SYNC\cencomOS_gara_4.0_supa\gara_reconstruction_v5\node_modules\next\dist\server\next-server.js:272:17)
    at async DevServer.handleRequestImpl (E:\APP-LAPTOP-SYNC\cencomOS_gara_4.0_supa\gara_reconstruction_v5\node_modules\next\dist\server\base-server.js:818:17)
    at async E:\APP-LAPTOP-SYNC\cencomOS_gara_4.0_supa\gara_reconstruction_v5\node_modules\next\dist\server\dev\next-dev-server.js:339:20
    at async Span.traceAsyncFn (E:\APP-LAPTOP-SYNC\cencomOS_gara_4.0_supa\gara_reconstruction_v5\node_modules\next\dist\trace\trace.js:154:20)
    at async DevServer.handleRequest (E:\APP-LAPTOP-SYNC\cencomOS_gara_4.0_supa\gara_reconstruction_v5\node_modules\next\dist\server\dev\next-dev-server.js:336:24)
    at async invokeRender (E:\APP-LAPTOP-SYNC\cencomOS_gara_4.0_supa\gara_reconstruction_v5\node_modules\next\dist\server\lib\router-server.js:179:21)
    at async handleRequest (E:\APP-LAPTOP-SYNC\cencomOS_gara_4.0_supa\gara_reconstruction_v5\node_modules\next\dist\server\lib\router-server.js:359:24)
    at async requestHandlerImpl (E:\APP-LAPTOP-SYNC\cencomOS_gara_4.0_supa\gara_reconstruction_v5\node_modules\next\dist\server\lib\router-server.js:383:13)
    at async Server.requestListener (E:\APP-LAPTOP-SYNC\cencomOS_gara_4.0_supa\gara_reconstruction_v5\node_modules\next\dist\server\lib\start-server.js:141:13) userId=U-ADMIN
[2026-08-31T19:01:56.000Z] ERROR module=rpc message="RPC handler failed" fn=hoSoCheck error=relation "sc" does not exist stack=error: relation "sc" does not exist
    at E:\APP-LAPTOP-SYNC\cencomOS_gara_4.0_supa\gara_reconstruction_v5\node_modules\pg-pool\index.js:45:11
    at process.processTicksAndRejections (node:internal/process/task_queues:104:5)
    at async row (webpack-internal:///(rsc)/./lib/db.ts:40:15)
    at async Module.checkHoSo (webpack-internal:///(rsc)/./lib/core/ho_so.ts:135:16)
    at async dispatch (webpack-internal:///(rsc)/./lib/rpc.ts:296:12)
    at async POST (webpack-internal:///(rsc)/./app/api/rpc/route.ts:67:24)
    at async E:\APP-LAPTOP-SYNC\cencomOS_gara_4.0_supa\gara_reconstruction_v5\node_modules\next\dist\compiled\next-server\app-route.runtime.dev.js:6:57228
    at async eT.execute (E:\APP-LAPTOP-SYNC\cencomOS_gara_4.0_supa\gara_reconstruction_v5\node_modules\next\dist\compiled\next-server\app-route.runtime.dev.js:6:46851)
    at async eT.handle (E:\APP-LAPTOP-SYNC\cencomOS_gara_4.0_supa\gara_reconstruction_v5\node_modules\next\dist\compiled\next-server\app-route.runtime.dev.js:6:58760)
    at async doRender (E:\APP-LAPTOP-SYNC\cencomOS_gara_4.0_supa\gara_reconstruction_v5\node_modules\next\dist\server\base-server.js:1366:42)
    at async cacheEntry.responseCache.get.routeKind (E:\APP-LAPTOP-SYNC\cencomOS_gara_4.0_supa\gara_reconstruction_v5\node_modules\next\dist\server\base-server.js:1588:28)
    at async DevServer.renderToResponseWithComponentsImpl (E:\APP-LAPTOP-SYNC\cencomOS_gara_4.0_supa\gara_reconstruction_v5\node_modules\next\dist\server\base-server.js:1496:28)
    at async DevServer.renderPageComponent (E:\APP-LAPTOP-SYNC\cencomOS_gara_4.0_supa\gara_reconstruction_v5\node_modules\next\dist\server\base-server.js:1924:24)
    at async DevServer.renderToResponseImpl (E:\APP-LAPTOP-SYNC\cencomOS_gara_4.0_supa\gara_reconstruction_v5\node_modules\next\dist\server\base-server.js:1962:32)
    at async DevServer.pipeImpl (E:\APP-LAPTOP-SYNC\cencomOS_gara_4.0_supa\gara_reconstruction_v5\node_modules\next\dist\server\base-server.js:922:25)
    at async NextNodeServer.handleCatchallRenderRequest (E:\APP-LAPTOP-SYNC\cencomOS_gara_4.0_supa\gara_reconstruction_v5\node_modules\next\dist\server\next-server.js:272:17)
    at async DevServer.handleRequestImpl (E:\APP-LAPTOP-SYNC\cencomOS_gara_4.0_supa\gara_reconstruction_v5\node_modules\next\dist\server\base-server.js:818:17)
    at async E:\APP-LAPTOP-SYNC\cencomOS_gara_4.0_supa\gara_reconstruction_v5\node_modules\next\dist\server\dev\next-dev-server.js:339:20
    at async Span.traceAsyncFn (E:\APP-LAPTOP-SYNC\cencomOS_gara_4.0_supa\gara_reconstruction_v5\node_modules\next\dist\trace\trace.js:154:20)
    at async DevServer.handleRequest (E:\APP-LAPTOP-SYNC\cencomOS_gara_4.0_supa\gara_reconstruction_v5\node_modules\next\dist\server\dev\next-dev-server.js:336:24)
    at async invokeRender (E:\APP-LAPTOP-SYNC\cencomOS_gara_4.0_supa\gara_reconstruction_v5\node_modules\next\dist\server\lib\router-server.js:179:21)
    at async handleRequest (E:\APP-LAPTOP-SYNC\cencomOS_gara_4.0_supa\gara_reconstruction_v5\node_modules\next\dist\server\lib\router-server.js:359:24)
    at async requestHandlerImpl (E:\APP-LAPTOP-SYNC\cencomOS_gara_4.0_supa\gara_reconstruction_v5\node_modules\next\dist\server\lib\router-server.js:383:13)
    at async Server.requestListener (E:\APP-LAPTOP-SYNC\cencomOS_gara_4.0_supa\gara_reconstruction_v5\node_modules\next\dist\server\lib\start-server.js:141:13) userId=U-GIAMDOC
[2026-08-31T19:01:56.014Z] ERROR module=rpc message="RPC handler failed" fn=scGet error=relation "sc" does not exist stack=error: relation "sc" does not exist
    at E:\APP-LAPTOP-SYNC\cencomOS_gara_4.0_supa\gara_reconstruction_v5\node_modules\pg-pool\index.js:45:11
    at process.processTicksAndRejections (node:internal/process/task_queues:104:5)
    at async row (webpack-internal:///(rsc)/./lib/db.ts:40:15)
    at async Module.scGet (webpack-internal:///(rsc)/./lib/core/sc.ts:120:15)
    at async dispatch (webpack-internal:///(rsc)/./lib/rpc.ts:296:12)
    at async POST (webpack-internal:///(rsc)/./app/api/rpc/route.ts:67:24)
    at async E:\APP-LAPTOP-SYNC\cencomOS_gara_4.0_supa\gara_reconstruction_v5\node_modules\next\dist\compiled\next-server\app-route.runtime.dev.js:6:57228
    at async eT.execute (E:\APP-LAPTOP-SYNC\cencomOS_gara_4.0_supa\gara_reconstruction_v5\node_modules\next\dist\compiled\next-server\app-route.runtime.dev.js:6:46851)
    at async eT.handle (E:\APP-LAPTOP-SYNC\cencomOS_gara_4.0_supa\gara_reconstruction_v5\node_modules\next\dist\compiled\next-server\app-route.runtime.dev.js:6:58760)
    at async doRender (E:\APP-LAPTOP-SYNC\cencomOS_gara_4.0_supa\gara_reconstruction_v5\node_modules\next\dist\server\base-server.js:1366:42)
    at async cacheEntry.responseCache.get.routeKind (E:\APP-LAPTOP-SYNC\cencomOS_gara_4.0_supa\gara_reconstruction_v5\node_modules\next\dist\server\base-server.js:1588:28)
    at async DevServer.renderToResponseWithComponentsImpl (E:\APP-LAPTOP-SYNC\cencomOS_gara_4.0_supa\gara_reconstruction_v5\node_modules\next\dist\server\base-server.js:1496:28)
    at async DevServer.renderPageComponent (E:\APP-LAPTOP-SYNC\cencomOS_gara_4.0_supa\gara_reconstruction_v5\node_modules\next\dist\server\base-server.js:1924:24)
    at async DevServer.renderToResponseImpl (E:\APP-LAPTOP-SYNC\cencomOS_gara_4.0_supa\gara_reconstruction_v5\node_modules\next\dist\server\base-server.js:1962:32)
    at async DevServer.pipeImpl (E:\APP-LAPTOP-SYNC\cencomOS_gara_4.0_supa\gara_reconstruction_v5\node_modules\next\dist\server\base-server.js:922:25)
    at async NextNodeServer.handleCatchallRenderRequest (E:\APP-LAPTOP-SYNC\cencomOS_gara_4.0_supa\gara_reconstruction_v5\node_modules\next\dist\server\next-server.js:272:17)
    at async DevServer.handleRequestImpl (E:\APP-LAPTOP-SYNC\cencomOS_gara_4.0_supa\gara_reconstruction_v5\node_modules\next\dist\server\base-server.js:818:17)
    at async E:\APP-LAPTOP-SYNC\cencomOS_gara_4.0_supa\gara_reconstruction_v5\node_modules\next\dist\server\dev\next-dev-server.js:339:20
    at async Span.traceAsyncFn (E:\APP-LAPTOP-SYNC\cencomOS_gara_4.0_supa\gara_reconstruction_v5\node_modules\next\dist\trace\trace.js:154:20)
    at async DevServer.handleRequest (E:\APP-LAPTOP-SYNC\cencomOS_gara_4.0_supa\gara_reconstruction_v5\node_modules\next\dist\server\dev\next-dev-server.js:336:24)
    at async invokeRender (E:\APP-LAPTOP-SYNC\cencomOS_gara_4.0_supa\gara_reconstruction_v5\node_modules\next\dist\server\lib\router-server.js:179:21)
    at async handleRequest (E:\APP-LAPTOP-SYNC\cencomOS_gara_4.0_supa\gara_reconstruction_v5\node_modules\next\dist\server\lib\router-server.js:359:24)
    at async requestHandlerImpl (E:\APP-LAPTOP-SYNC\cencomOS_gara_4.0_supa\gara_reconstruction_v5\node_modules\next\dist\server\lib\router-server.js:383:13)
    at async Server.requestListener (E:\APP-LAPTOP-SYNC\cencomOS_gara_4.0_supa\gara_reconstruction_v5\node_modules\next\dist\server\lib\start-server.js:141:13) userId=U-GIAMDOC
[2026-08-31T21:25:26.501Z] ERROR module=rpc message="RPC handler failed" fn=scGet error=Không tìm thấy phiếu sửa chữa stack=Error: Không tìm thấy phiếu sửa chữa
    at Module.scGet (webpack-internal:///(rsc)/./lib/core/sc.ts:124:19)
    at process.processTicksAndRejections (node:internal/process/task_queues:104:5)
    at async dispatch (webpack-internal:///(rsc)/./lib/rpc.ts:365:12)
    at async POST (webpack-internal:///(rsc)/./app/api/rpc/route.ts:67:24)
    at async E:\APP-LAPTOP-SYNC\cencomOS_gara_4.0_supa\gara_reconstruction_v5\node_modules\next\dist\compiled\next-server\app-route.runtime.dev.js:6:57228
    at async eT.execute (E:\APP-LAPTOP-SYNC\cencomOS_gara_4.0_supa\gara_reconstruction_v5\node_modules\next\dist\compiled\next-server\app-route.runtime.dev.js:6:46851)
    at async eT.handle (E:\APP-LAPTOP-SYNC\cencomOS_gara_4.0_supa\gara_reconstruction_v5\node_modules\next\dist\compiled\next-server\app-route.runtime.dev.js:6:58760)
    at async doRender (E:\APP-LAPTOP-SYNC\cencomOS_gara_4.0_supa\gara_reconstruction_v5\node_modules\next\dist\server\base-server.js:1366:42)
    at async cacheEntry.responseCache.get.routeKind (E:\APP-LAPTOP-SYNC\cencomOS_gara_4.0_supa\gara_reconstruction_v5\node_modules\next\dist\server\base-server.js:1588:28)
    at async DevServer.renderToResponseWithComponentsImpl (E:\APP-LAPTOP-SYNC\cencomOS_gara_4.0_supa\gara_reconstruction_v5\node_modules\next\dist\server\base-server.js:1496:28)
    at async DevServer.renderPageComponent (E:\APP-LAPTOP-SYNC\cencomOS_gara_4.0_supa\gara_reconstruction_v5\node_modules\next\dist\server\base-server.js:1924:24)
    at async DevServer.renderToResponseImpl (E:\APP-LAPTOP-SYNC\cencomOS_gara_4.0_supa\gara_reconstruction_v5\node_modules\next\dist\server\base-server.js:1962:32)
    at async DevServer.pipeImpl (E:\APP-LAPTOP-SYNC\cencomOS_gara_4.0_supa\gara_reconstruction_v5\node_modules\next\dist\server\base-server.js:922:25)
    at async NextNodeServer.handleCatchallRenderRequest (E:\APP-LAPTOP-SYNC\cencomOS_gara_4.0_supa\gara_reconstruction_v5\node_modules\next\dist\server\next-server.js:272:17)
    at async DevServer.handleRequestImpl (E:\APP-LAPTOP-SYNC\cencomOS_gara_4.0_supa\gara_reconstruction_v5\node_modules\next\dist\server\base-server.js:818:17)
    at async E:\APP-LAPTOP-SYNC\cencomOS_gara_4.0_supa\gara_reconstruction_v5\node_modules\next\dist\server\dev\next-dev-server.js:339:20
    at async Span.traceAsyncFn (E:\APP-LAPTOP-SYNC\cencomOS_gara_4.0_supa\gara_reconstruction_v5\node_modules\next\dist\trace\trace.js:154:20)
    at async DevServer.handleRequest (E:\APP-LAPTOP-SYNC\cencomOS_gara_4.0_supa\gara_reconstruction_v5\node_modules\next\dist\server\dev\next-dev-server.js:336:24)
    at async invokeRender (E:\APP-LAPTOP-SYNC\cencomOS_gara_4.0_supa\gara_reconstruction_v5\node_modules\next\dist\server\lib\router-server.js:179:21)
    at async handleRequest (E:\APP-LAPTOP-SYNC\cencomOS_gara_4.0_supa\gara_reconstruction_v5\node_modules\next\dist\server\lib\router-server.js:359:24)
    at async requestHandlerImpl (E:\APP-LAPTOP-SYNC\cencomOS_gara_4.0_supa\gara_reconstruction_v5\node_modules\next\dist\server\lib\router-server.js:383:13)
    at async Server.requestListener (E:\APP-LAPTOP-SYNC\cencomOS_gara_4.0_supa\gara_reconstruction_v5\node_modules\next\dist\server\lib\start-server.js:141:13) userId=U-ADMIN
[2026-08-31T21:25:26.580Z] ERROR module=rpc message="RPC handler failed" fn=scTuChoi error=Không thể từ chối khi phiếu đang da_hoan stack=Error: Không thể từ chối khi phiếu đang da_hoan
    at Module.scTuChoi (webpack-internal:///(rsc)/./lib/core/sc.ts:332:15)
    at process.processTicksAndRejections (node:internal/process/task_queues:104:5)
    at async dispatch (webpack-internal:///(rsc)/./lib/rpc.ts:365:12)
    at async POST (webpack-internal:///(rsc)/./app/api/rpc/route.ts:67:24)
    at async E:\APP-LAPTOP-SYNC\cencomOS_gara_4.0_supa\gara_reconstruction_v5\node_modules\next\dist\compiled\next-server\app-route.runtime.dev.js:6:57228
    at async eT.execute (E:\APP-LAPTOP-SYNC\cencomOS_gara_4.0_supa\gara_reconstruction_v5\node_modules\next\dist\compiled\next-server\app-route.runtime.dev.js:6:46851)
    at async eT.handle (E:\APP-LAPTOP-SYNC\cencomOS_gara_4.0_supa\gara_reconstruction_v5\node_modules\next\dist\compiled\next-server\app-route.runtime.dev.js:6:58760)
    at async doRender (E:\APP-LAPTOP-SYNC\cencomOS_gara_4.0_supa\gara_reconstruction_v5\node_modules\next\dist\server\base-server.js:1366:42)
    at async cacheEntry.responseCache.get.routeKind (E:\APP-LAPTOP-SYNC\cencomOS_gara_4.0_supa\gara_reconstruction_v5\node_modules\next\dist\server\base-server.js:1588:28)
    at async DevServer.renderToResponseWithComponentsImpl (E:\APP-LAPTOP-SYNC\cencomOS_gara_4.0_supa\gara_reconstruction_v5\node_modules\next\dist\server\base-server.js:1496:28)
    at async DevServer.renderPageComponent (E:\APP-LAPTOP-SYNC\cencomOS_gara_4.0_supa\gara_reconstruction_v5\node_modules\next\dist\server\base-server.js:1924:24)
    at async DevServer.renderToResponseImpl (E:\APP-LAPTOP-SYNC\cencomOS_gara_4.0_supa\gara_reconstruction_v5\node_modules\next\dist\server\base-server.js:1962:32)
    at async DevServer.pipeImpl (E:\APP-LAPTOP-SYNC\cencomOS_gara_4.0_supa\gara_reconstruction_v5\node_modules\next\dist\server\base-server.js:922:25)
    at async NextNodeServer.handleCatchallRenderRequest (E:\APP-LAPTOP-SYNC\cencomOS_gara_4.0_supa\gara_reconstruction_v5\node_modules\next\dist\server\next-server.js:272:17)
    at async DevServer.handleRequestImpl (E:\APP-LAPTOP-SYNC\cencomOS_gara_4.0_supa\gara_reconstruction_v5\node_modules\next\dist\server\base-server.js:818:17)
    at async E:\APP-LAPTOP-SYNC\cencomOS_gara_4.0_supa\gara_reconstruction_v5\node_modules\next\dist\server\dev\next-dev-server.js:339:20
    at async Span.traceAsyncFn (E:\APP-LAPTOP-SYNC\cencomOS_gara_4.0_supa\gara_reconstruction_v5\node_modules\next\dist\trace\trace.js:154:20)
    at async DevServer.handleRequest (E:\APP-LAPTOP-SYNC\cencomOS_gara_4.0_supa\gara_reconstruction_v5\node_modules\next\dist\server\dev\next-dev-server.js:336:24)
    at async invokeRender (E:\APP-LAPTOP-SYNC\cencomOS_gara_4.0_supa\gara_reconstruction_v5\node_modules\next\dist\server\lib\router-server.js:179:21)
    at async handleRequest (E:\APP-LAPTOP-SYNC\cencomOS_gara_4.0_supa\gara_reconstruction_v5\node_modules\next\dist\server\lib\router-server.js:359:24)
    at async requestHandlerImpl (E:\APP-LAPTOP-SYNC\cencomOS_gara_4.0_supa\gara_reconstruction_v5\node_modules\next\dist\server\lib\router-server.js:383:13)
    at async Server.requestListener (E:\APP-LAPTOP-SYNC\cencomOS_gara_4.0_supa\gara_reconstruction_v5\node_modules\next\dist\server\lib\start-server.js:141:13) userId=U-ADMIN
[2026-08-31T21:25:26.593Z] ERROR module=rpc message="RPC handler failed" fn=scQuyetToan error=Không thể quyết toán — thiếu hồ sơ: Kế hoạch sửa chữa (mẫu 01), Bản kiểm tu, Báo giá NCC (đã xác nhận), Phiếu nhập kho vật tư mới, Phiếu xuất kho cho SC, Biên bản nghiệm thu stack=Error: Không thể quyết toán — thiếu hồ sơ: Kế hoạch sửa chữa (mẫu 01), Bản kiểm tu, Báo giá NCC (đã xác nhận), Phiếu nhập kho vật tư mới, Phiếu xuất kho cho SC, Biên bản nghiệm thu
    at Module.scQuyetToan (webpack-internal:///(rsc)/./lib/core/sc.ts:388:15)
    at process.processTicksAndRejections (node:internal/process/task_queues:104:5)
    at async dispatch (webpack-internal:///(rsc)/./lib/rpc.ts:365:12)
    at async POST (webpack-internal:///(rsc)/./app/api/rpc/route.ts:67:24)
    at async E:\APP-LAPTOP-SYNC\cencomOS_gara_4.0_supa\gara_reconstruction_v5\node_modules\next\dist\compiled\next-server\app-route.runtime.dev.js:6:57228
    at async eT.execute (E:\APP-LAPTOP-SYNC\cencomOS_gara_4.0_supa\gara_reconstruction_v5\node_modules\next\dist\compiled\next-server\app-route.runtime.dev.js:6:46851)
    at async eT.handle (E:\APP-LAPTOP-SYNC\cencomOS_gara_4.0_supa\gara_reconstruction_v5\node_modules\next\dist\compiled\next-server\app-route.runtime.dev.js:6:58760)
    at async doRender (E:\APP-LAPTOP-SYNC\cencomOS_gara_4.0_supa\gara_reconstruction_v5\node_modules\next\dist\server\base-server.js:1366:42)
    at async cacheEntry.responseCache.get.routeKind (E:\APP-LAPTOP-SYNC\cencomOS_gara_4.0_supa\gara_reconstruction_v5\node_modules\next\dist\server\base-server.js:1588:28)
    at async DevServer.renderToResponseWithComponentsImpl (E:\APP-LAPTOP-SYNC\cencomOS_gara_4.0_supa\gara_reconstruction_v5\node_modules\next\dist\server\base-server.js:1496:28)
    at async DevServer.renderPageComponent (E:\APP-LAPTOP-SYNC\cencomOS_gara_4.0_supa\gara_reconstruction_v5\node_modules\next\dist\server\base-server.js:1924:24)
    at async DevServer.renderToResponseImpl (E:\APP-LAPTOP-SYNC\cencomOS_gara_4.0_supa\gara_reconstruction_v5\node_modules\next\dist\server\base-server.js:1962:32)
    at async DevServer.pipeImpl (E:\APP-LAPTOP-SYNC\cencomOS_gara_4.0_supa\gara_reconstruction_v5\node_modules\next\dist\server\base-server.js:922:25)
    at async NextNodeServer.handleCatchallRenderRequest (E:\APP-LAPTOP-SYNC\cencomOS_gara_4.0_supa\gara_reconstruction_v5\node_modules\next\dist\server\next-server.js:272:17)
    at async DevServer.handleRequestImpl (E:\APP-LAPTOP-SYNC\cencomOS_gara_4.0_supa\gara_reconstruction_v5\node_modules\next\dist\server\base-server.js:818:17)
    at async E:\APP-LAPTOP-SYNC\cencomOS_gara_4.0_supa\gara_reconstruction_v5\node_modules\next\dist\server\dev\next-dev-server.js:339:20
    at async Span.traceAsyncFn (E:\APP-LAPTOP-SYNC\cencomOS_gara_4.0_supa\gara_reconstruction_v5\node_modules\next\dist\trace\trace.js:154:20)
    at async DevServer.handleRequest (E:\APP-LAPTOP-SYNC\cencomOS_gara_4.0_supa\gara_reconstruction_v5\node_modules\next\dist\server\dev\next-dev-server.js:336:24)
    at async invokeRender (E:\APP-LAPTOP-SYNC\cencomOS_gara_4.0_supa\gara_reconstruction_v5\node_modules\next\dist\server\lib\router-server.js:179:21)
    at async handleRequest (E:\APP-LAPTOP-SYNC\cencomOS_gara_4.0_supa\gara_reconstruction_v5\node_modules\next\dist\server\lib\router-server.js:359:24)
    at async requestHandlerImpl (E:\APP-LAPTOP-SYNC\cencomOS_gara_4.0_supa\gara_reconstruction_v5\node_modules\next\dist\server\lib\router-server.js:383:13)
    at async Server.requestListener (E:\APP-LAPTOP-SYNC\cencomOS_gara_4.0_supa\gara_reconstruction_v5\node_modules\next\dist\server\lib\start-server.js:141:13) userId=U-ADMIN
[2026-08-31T21:25:26.828Z] ERROR module=rpc message="RPC handler failed" fn=phieuGet error=404: không tìm thấy phiếu stack=Error: 404: không tìm thấy phiếu
    at Module.phieuGet (webpack-internal:///(rsc)/./lib/core/kho.ts:561:15)
    at process.processTicksAndRejections (node:internal/process/task_queues:104:5)
    at async dispatch (webpack-internal:///(rsc)/./lib/rpc.ts:365:12)
    at async POST (webpack-internal:///(rsc)/./app/api/rpc/route.ts:67:24)
    at async E:\APP-LAPTOP-SYNC\cencomOS_gara_4.0_supa\gara_reconstruction_v5\node_modules\next\dist\compiled\next-server\app-route.runtime.dev.js:6:57228
    at async eT.execute (E:\APP-LAPTOP-SYNC\cencomOS_gara_4.0_supa\gara_reconstruction_v5\node_modules\next\dist\compiled\next-server\app-route.runtime.dev.js:6:46851)
    at async eT.handle (E:\APP-LAPTOP-SYNC\cencomOS_gara_4.0_supa\gara_reconstruction_v5\node_modules\next\dist\compiled\next-server\app-route.runtime.dev.js:6:58760)
    at async doRender (E:\APP-LAPTOP-SYNC\cencomOS_gara_4.0_supa\gara_reconstruction_v5\node_modules\next\dist\server\base-server.js:1366:42)
    at async cacheEntry.responseCache.get.routeKind (E:\APP-LAPTOP-SYNC\cencomOS_gara_4.0_supa\gara_reconstruction_v5\node_modules\next\dist\server\base-server.js:1588:28)
    at async DevServer.renderToResponseWithComponentsImpl (E:\APP-LAPTOP-SYNC\cencomOS_gara_4.0_supa\gara_reconstruction_v5\node_modules\next\dist\server\base-server.js:1496:28)
    at async DevServer.renderPageComponent (E:\APP-LAPTOP-SYNC\cencomOS_gara_4.0_supa\gara_reconstruction_v5\node_modules\next\dist\server\base-server.js:1924:24)
    at async DevServer.renderToResponseImpl (E:\APP-LAPTOP-SYNC\cencomOS_gara_4.0_supa\gara_reconstruction_v5\node_modules\next\dist\server\base-server.js:1962:32)
    at async DevServer.pipeImpl (E:\APP-LAPTOP-SYNC\cencomOS_gara_4.0_supa\gara_reconstruction_v5\node_modules\next\dist\server\base-server.js:922:25)
    at async NextNodeServer.handleCatchallRenderRequest (E:\APP-LAPTOP-SYNC\cencomOS_gara_4.0_supa\gara_reconstruction_v5\node_modules\next\dist\server\next-server.js:272:17)
    at async DevServer.handleRequestImpl (E:\APP-LAPTOP-SYNC\cencomOS_gara_4.0_supa\gara_reconstruction_v5\node_modules\next\dist\server\base-server.js:818:17)
    at async E:\APP-LAPTOP-SYNC\cencomOS_gara_4.0_supa\gara_reconstruction_v5\node_modules\next\dist\server\dev\next-dev-server.js:339:20
    at async Span.traceAsyncFn (E:\APP-LAPTOP-SYNC\cencomOS_gara_4.0_supa\gara_reconstruction_v5\node_modules\next\dist\trace\trace.js:154:20)
    at async DevServer.handleRequest (E:\APP-LAPTOP-SYNC\cencomOS_gara_4.0_supa\gara_reconstruction_v5\node_modules\next\dist\server\dev\next-dev-server.js:336:24)
    at async invokeRender (E:\APP-LAPTOP-SYNC\cencomOS_gara_4.0_supa\gara_reconstruction_v5\node_modules\next\dist\server\lib\router-server.js:179:21)
    at async handleRequest (E:\APP-LAPTOP-SYNC\cencomOS_gara_4.0_supa\gara_reconstruction_v5\node_modules\next\dist\server\lib\router-server.js:359:24)
    at async requestHandlerImpl (E:\APP-LAPTOP-SYNC\cencomOS_gara_4.0_supa\gara_reconstruction_v5\node_modules\next\dist\server\lib\router-server.js:383:13)
    at async Server.requestListener (E:\APP-LAPTOP-SYNC\cencomOS_gara_4.0_supa\gara_reconstruction_v5\node_modules\next\dist\server\lib\start-server.js:141:13) userId=U-ADMIN
[2026-08-31T21:25:26.896Z] ERROR module=rpc message="RPC handler failed" fn=scGet error=Không tìm thấy phiếu sửa chữa stack=Error: Không tìm thấy phiếu sửa chữa
    at Module.scGet (webpack-internal:///(rsc)/./lib/core/sc.ts:124:19)
    at process.processTicksAndRejections (node:internal/process/task_queues:104:5)
    at async dispatch (webpack-internal:///(rsc)/./lib/rpc.ts:365:12)
    at async POST (webpack-internal:///(rsc)/./app/api/rpc/route.ts:67:24)
    at async E:\APP-LAPTOP-SYNC\cencomOS_gara_4.0_supa\gara_reconstruction_v5\node_modules\next\dist\compiled\next-server\app-route.runtime.dev.js:6:57228
    at async eT.execute (E:\APP-LAPTOP-SYNC\cencomOS_gara_4.0_supa\gara_reconstruction_v5\node_modules\next\dist\compiled\next-server\app-route.runtime.dev.js:6:46851)
    at async eT.handle (E:\APP-LAPTOP-SYNC\cencomOS_gara_4.0_supa\gara_reconstruction_v5\node_modules\next\dist\compiled\next-server\app-route.runtime.dev.js:6:58760)
    at async doRender (E:\APP-LAPTOP-SYNC\cencomOS_gara_4.0_supa\gara_reconstruction_v5\node_modules\next\dist\server\base-server.js:1366:42)
    at async cacheEntry.responseCache.get.routeKind (E:\APP-LAPTOP-SYNC\cencomOS_gara_4.0_supa\gara_reconstruction_v5\node_modules\next\dist\server\base-server.js:1588:28)
    at async DevServer.renderToResponseWithComponentsImpl (E:\APP-LAPTOP-SYNC\cencomOS_gara_4.0_supa\gara_reconstruction_v5\node_modules\next\dist\server\base-server.js:1496:28)
    at async DevServer.renderPageComponent (E:\APP-LAPTOP-SYNC\cencomOS_gara_4.0_supa\gara_reconstruction_v5\node_modules\next\dist\server\base-server.js:1924:24)
    at async DevServer.renderToResponseImpl (E:\APP-LAPTOP-SYNC\cencomOS_gara_4.0_supa\gara_reconstruction_v5\node_modules\next\dist\server\base-server.js:1962:32)
    at async DevServer.pipeImpl (E:\APP-LAPTOP-SYNC\cencomOS_gara_4.0_supa\gara_reconstruction_v5\node_modules\next\dist\server\base-server.js:922:25)
    at async NextNodeServer.handleCatchallRenderRequest (E:\APP-LAPTOP-SYNC\cencomOS_gara_4.0_supa\gara_reconstruction_v5\node_modules\next\dist\server\next-server.js:272:17)
    at async DevServer.handleRequestImpl (E:\APP-LAPTOP-SYNC\cencomOS_gara_4.0_supa\gara_reconstruction_v5\node_modules\next\dist\server\base-server.js:818:17)
    at async E:\APP-LAPTOP-SYNC\cencomOS_gara_4.0_supa\gara_reconstruction_v5\node_modules\next\dist\server\dev\next-dev-server.js:339:20
    at async Span.traceAsyncFn (E:\APP-LAPTOP-SYNC\cencomOS_gara_4.0_supa\gara_reconstruction_v5\node_modules\next\dist\trace\trace.js:154:20)
    at async DevServer.handleRequest (E:\APP-LAPTOP-SYNC\cencomOS_gara_4.0_supa\gara_reconstruction_v5\node_modules\next\dist\server\dev\next-dev-server.js:336:24)
    at async invokeRender (E:\APP-LAPTOP-SYNC\cencomOS_gara_4.0_supa\gara_reconstruction_v5\node_modules\next\dist\server\lib\router-server.js:179:21)
    at async handleRequest (E:\APP-LAPTOP-SYNC\cencomOS_gara_4.0_supa\gara_reconstruction_v5\node_modules\next\dist\server\lib\router-server.js:359:24)
    at async requestHandlerImpl (E:\APP-LAPTOP-SYNC\cencomOS_gara_4.0_supa\gara_reconstruction_v5\node_modules\next\dist\server\lib\router-server.js:383:13)
    at async Server.requestListener (E:\APP-LAPTOP-SYNC\cencomOS_gara_4.0_supa\gara_reconstruction_v5\node_modules\next\dist\server\lib\start-server.js:141:13) userId=U-GIAMDOC
[2026-08-31T21:25:27.061Z] ERROR module=rpc message="RPC handler failed" fn=phieuGet error=404: không tìm thấy phiếu stack=Error: 404: không tìm thấy phiếu
    at Module.phieuGet (webpack-internal:///(rsc)/./lib/core/kho.ts:561:15)
    at process.processTicksAndRejections (node:internal/process/task_queues:104:5)
    at async dispatch (webpack-internal:///(rsc)/./lib/rpc.ts:365:12)
    at async POST (webpack-internal:///(rsc)/./app/api/rpc/route.ts:67:24)
    at async E:\APP-LAPTOP-SYNC\cencomOS_gara_4.0_supa\gara_reconstruction_v5\node_modules\next\dist\compiled\next-server\app-route.runtime.dev.js:6:57228
    at async eT.execute (E:\APP-LAPTOP-SYNC\cencomOS_gara_4.0_supa\gara_reconstruction_v5\node_modules\next\dist\compiled\next-server\app-route.runtime.dev.js:6:46851)
    at async eT.handle (E:\APP-LAPTOP-SYNC\cencomOS_gara_4.0_supa\gara_reconstruction_v5\node_modules\next\dist\compiled\next-server\app-route.runtime.dev.js:6:58760)
    at async doRender (E:\APP-LAPTOP-SYNC\cencomOS_gara_4.0_supa\gara_reconstruction_v5\node_modules\next\dist\server\base-server.js:1366:42)
    at async cacheEntry.responseCache.get.routeKind (E:\APP-LAPTOP-SYNC\cencomOS_gara_4.0_supa\gara_reconstruction_v5\node_modules\next\dist\server\base-server.js:1588:28)
    at async DevServer.renderToResponseWithComponentsImpl (E:\APP-LAPTOP-SYNC\cencomOS_gara_4.0_supa\gara_reconstruction_v5\node_modules\next\dist\server\base-server.js:1496:28)
    at async DevServer.renderPageComponent (E:\APP-LAPTOP-SYNC\cencomOS_gara_4.0_supa\gara_reconstruction_v5\node_modules\next\dist\server\base-server.js:1924:24)
    at async DevServer.renderToResponseImpl (E:\APP-LAPTOP-SYNC\cencomOS_gara_4.0_supa\gara_reconstruction_v5\node_modules\next\dist\server\base-server.js:1962:32)
    at async DevServer.pipeImpl (E:\APP-LAPTOP-SYNC\cencomOS_gara_4.0_supa\gara_reconstruction_v5\node_modules\next\dist\server\base-server.js:922:25)
    at async NextNodeServer.handleCatchallRenderRequest (E:\APP-LAPTOP-SYNC\cencomOS_gara_4.0_supa\gara_reconstruction_v5\node_modules\next\dist\server\next-server.js:272:17)
    at async DevServer.handleRequestImpl (E:\APP-LAPTOP-SYNC\cencomOS_gara_4.0_supa\gara_reconstruction_v5\node_modules\next\dist\server\base-server.js:818:17)
    at async E:\APP-LAPTOP-SYNC\cencomOS_gara_4.0_supa\gara_reconstruction_v5\node_modules\next\dist\server\dev\next-dev-server.js:339:20
    at async Span.traceAsyncFn (E:\APP-LAPTOP-SYNC\cencomOS_gara_4.0_supa\gara_reconstruction_v5\node_modules\next\dist\trace\trace.js:154:20)
    at async DevServer.handleRequest (E:\APP-LAPTOP-SYNC\cencomOS_gara_4.0_supa\gara_reconstruction_v5\node_modules\next\dist\server\dev\next-dev-server.js:336:24)
    at async invokeRender (E:\APP-LAPTOP-SYNC\cencomOS_gara_4.0_supa\gara_reconstruction_v5\node_modules\next\dist\server\lib\router-server.js:179:21)
    at async handleRequest (E:\APP-LAPTOP-SYNC\cencomOS_gara_4.0_supa\gara_reconstruction_v5\node_modules\next\dist\server\lib\router-server.js:359:24)
    at async requestHandlerImpl (E:\APP-LAPTOP-SYNC\cencomOS_gara_4.0_supa\gara_reconstruction_v5\node_modules\next\dist\server\lib\router-server.js:383:13)
    at async Server.requestListener (E:\APP-LAPTOP-SYNC\cencomOS_gara_4.0_supa\gara_reconstruction_v5\node_modules\next\dist\server\lib\start-server.js:141:13) userId=U-GIAMDOC
[2026-08-31T21:25:27.126Z] ERROR module=rpc message="RPC handler failed" fn=scGet error=Không tìm thấy phiếu sửa chữa stack=Error: Không tìm thấy phiếu sửa chữa
    at Module.scGet (webpack-internal:///(rsc)/./lib/core/sc.ts:124:19)
    at process.processTicksAndRejections (node:internal/process/task_queues:104:5)
    at async dispatch (webpack-internal:///(rsc)/./lib/rpc.ts:365:12)
    at async POST (webpack-internal:///(rsc)/./app/api/rpc/route.ts:67:24)
    at async E:\APP-LAPTOP-SYNC\cencomOS_gara_4.0_supa\gara_reconstruction_v5\node_modules\next\dist\compiled\next-server\app-route.runtime.dev.js:6:57228
    at async eT.execute (E:\APP-LAPTOP-SYNC\cencomOS_gara_4.0_supa\gara_reconstruction_v5\node_modules\next\dist\compiled\next-server\app-route.runtime.dev.js:6:46851)
    at async eT.handle (E:\APP-LAPTOP-SYNC\cencomOS_gara_4.0_supa\gara_reconstruction_v5\node_modules\next\dist\compiled\next-server\app-route.runtime.dev.js:6:58760)
    at async doRender (E:\APP-LAPTOP-SYNC\cencomOS_gara_4.0_supa\gara_reconstruction_v5\node_modules\next\dist\server\base-server.js:1366:42)
    at async cacheEntry.responseCache.get.routeKind (E:\APP-LAPTOP-SYNC\cencomOS_gara_4.0_supa\gara_reconstruction_v5\node_modules\next\dist\server\base-server.js:1588:28)
    at async DevServer.renderToResponseWithComponentsImpl (E:\APP-LAPTOP-SYNC\cencomOS_gara_4.0_supa\gara_reconstruction_v5\node_modules\next\dist\server\base-server.js:1496:28)
    at async DevServer.renderPageComponent (E:\APP-LAPTOP-SYNC\cencomOS_gara_4.0_supa\gara_reconstruction_v5\node_modules\next\dist\server\base-server.js:1924:24)
    at async DevServer.renderToResponseImpl (E:\APP-LAPTOP-SYNC\cencomOS_gara_4.0_supa\gara_reconstruction_v5\node_modules\next\dist\server\base-server.js:1962:32)
    at async DevServer.pipeImpl (E:\APP-LAPTOP-SYNC\cencomOS_gara_4.0_supa\gara_reconstruction_v5\node_modules\next\dist\server\base-server.js:922:25)
    at async NextNodeServer.handleCatchallRenderRequest (E:\APP-LAPTOP-SYNC\cencomOS_gara_4.0_supa\gara_reconstruction_v5\node_modules\next\dist\server\next-server.js:272:17)
    at async DevServer.handleRequestImpl (E:\APP-LAPTOP-SYNC\cencomOS_gara_4.0_supa\gara_reconstruction_v5\node_modules\next\dist\server\base-server.js:818:17)
    at async E:\APP-LAPTOP-SYNC\cencomOS_gara_4.0_supa\gara_reconstruction_v5\node_modules\next\dist\server\dev\next-dev-server.js:339:20
    at async Span.traceAsyncFn (E:\APP-LAPTOP-SYNC\cencomOS_gara_4.0_supa\gara_reconstruction_v5\node_modules\next\dist\trace\trace.js:154:20)
    at async DevServer.handleRequest (E:\APP-LAPTOP-SYNC\cencomOS_gara_4.0_supa\gara_reconstruction_v5\node_modules\next\dist\server\dev\next-dev-server.js:336:24)
    at async invokeRender (E:\APP-LAPTOP-SYNC\cencomOS_gara_4.0_supa\gara_reconstruction_v5\node_modules\next\dist\server\lib\router-server.js:179:21)
    at async handleRequest (E:\APP-LAPTOP-SYNC\cencomOS_gara_4.0_supa\gara_reconstruction_v5\node_modules\next\dist\server\lib\router-server.js:359:24)
    at async requestHandlerImpl (E:\APP-LAPTOP-SYNC\cencomOS_gara_4.0_supa\gara_reconstruction_v5\node_modules\next\dist\server\lib\router-server.js:383:13)
    at async Server.requestListener (E:\APP-LAPTOP-SYNC\cencomOS_gara_4.0_supa\gara_reconstruction_v5\node_modules\next\dist\server\lib\start-server.js:141:13) userId=U-XUONG
[2026-08-31T21:25:27.171Z] ERROR module=rpc message="RPC handler failed" fn=scBatDauSua error=Không thể bắt đầu sửa khi phiếu đang da_hoan stack=Error: Không thể bắt đầu sửa khi phiếu đang da_hoan
    at Module.scBatDauSua (webpack-internal:///(rsc)/./lib/core/sc.ts:265:15)
    at process.processTicksAndRejections (node:internal/process/task_queues:104:5)
    at async dispatch (webpack-internal:///(rsc)/./lib/rpc.ts:365:12)
    at async POST (webpack-internal:///(rsc)/./app/api/rpc/route.ts:67:24)
    at async E:\APP-LAPTOP-SYNC\cencomOS_gara_4.0_supa\gara_reconstruction_v5\node_modules\next\dist\compiled\next-server\app-route.runtime.dev.js:6:57228
    at async eT.execute (E:\APP-LAPTOP-SYNC\cencomOS_gara_4.0_supa\gara_reconstruction_v5\node_modules\next\dist\compiled\next-server\app-route.runtime.dev.js:6:46851)
    at async eT.handle (E:\APP-LAPTOP-SYNC\cencomOS_gara_4.0_supa\gara_reconstruction_v5\node_modules\next\dist\compiled\next-server\app-route.runtime.dev.js:6:58760)
    at async doRender (E:\APP-LAPTOP-SYNC\cencomOS_gara_4.0_supa\gara_reconstruction_v5\node_modules\next\dist\server\base-server.js:1366:42)
    at async cacheEntry.responseCache.get.routeKind (E:\APP-LAPTOP-SYNC\cencomOS_gara_4.0_supa\gara_reconstruction_v5\node_modules\next\dist\server\base-server.js:1588:28)
    at async DevServer.renderToResponseWithComponentsImpl (E:\APP-LAPTOP-SYNC\cencomOS_gara_4.0_supa\gara_reconstruction_v5\node_modules\next\dist\server\base-server.js:1496:28)
    at async DevServer.renderPageComponent (E:\APP-LAPTOP-SYNC\cencomOS_gara_4.0_supa\gara_reconstruction_v5\node_modules\next\dist\server\base-server.js:1924:24)
    at async DevServer.renderToResponseImpl (E:\APP-LAPTOP-SYNC\cencomOS_gara_4.0_supa\gara_reconstruction_v5\node_modules\next\dist\server\base-server.js:1962:32)
    at async DevServer.pipeImpl (E:\APP-LAPTOP-SYNC\cencomOS_gara_4.0_supa\gara_reconstruction_v5\node_modules\next\dist\server\base-server.js:922:25)
    at async NextNodeServer.handleCatchallRenderRequest (E:\APP-LAPTOP-SYNC\cencomOS_gara_4.0_supa\gara_reconstruction_v5\node_modules\next\dist\server\next-server.js:272:17)
    at async DevServer.handleRequestImpl (E:\APP-LAPTOP-SYNC\cencomOS_gara_4.0_supa\gara_reconstruction_v5\node_modules\next\dist\server\base-server.js:818:17)
    at async E:\APP-LAPTOP-SYNC\cencomOS_gara_4.0_supa\gara_reconstruction_v5\node_modules\next\dist\server\dev\next-dev-server.js:339:20
    at async Span.traceAsyncFn (E:\APP-LAPTOP-SYNC\cencomOS_gara_4.0_supa\gara_reconstruction_v5\node_modules\next\dist\trace\trace.js:154:20)
    at async DevServer.handleRequest (E:\APP-LAPTOP-SYNC\cencomOS_gara_4.0_supa\gara_reconstruction_v5\node_modules\next\dist\server\dev\next-dev-server.js:336:24)
    at async invokeRender (E:\APP-LAPTOP-SYNC\cencomOS_gara_4.0_supa\gara_reconstruction_v5\node_modules\next\dist\server\lib\router-server.js:179:21)
    at async handleRequest (E:\APP-LAPTOP-SYNC\cencomOS_gara_4.0_supa\gara_reconstruction_v5\node_modules\next\dist\server\lib\router-server.js:359:24)
    at async requestHandlerImpl (E:\APP-LAPTOP-SYNC\cencomOS_gara_4.0_supa\gara_reconstruction_v5\node_modules\next\dist\server\lib\router-server.js:383:13)
    at async Server.requestListener (E:\APP-LAPTOP-SYNC\cencomOS_gara_4.0_supa\gara_reconstruction_v5\node_modules\next\dist\server\lib\start-server.js:141:13) userId=U-XUONG
[2026-08-31T21:25:27.178Z] ERROR module=rpc message="RPC handler failed" fn=scHoanThanh error=Chưa bắt đầu sửa — không thể hoàn thành stack=Error: Chưa bắt đầu sửa — không thể hoàn thành
    at Module.scHoanThanh (webpack-internal:///(rsc)/./lib/core/sc.ts:298:15)
    at process.processTicksAndRejections (node:internal/process/task_queues:104:5)
    at async dispatch (webpack-internal:///(rsc)/./lib/rpc.ts:365:12)
    at async POST (webpack-internal:///(rsc)/./app/api/rpc/route.ts:67:24)
    at async E:\APP-LAPTOP-SYNC\cencomOS_gara_4.0_supa\gara_reconstruction_v5\node_modules\next\dist\compiled\next-server\app-route.runtime.dev.js:6:57228
    at async eT.execute (E:\APP-LAPTOP-SYNC\cencomOS_gara_4.0_supa\gara_reconstruction_v5\node_modules\next\dist\compiled\next-server\app-route.runtime.dev.js:6:46851)
    at async eT.handle (E:\APP-LAPTOP-SYNC\cencomOS_gara_4.0_supa\gara_reconstruction_v5\node_modules\next\dist\compiled\next-server\app-route.runtime.dev.js:6:58760)
    at async doRender (E:\APP-LAPTOP-SYNC\cencomOS_gara_4.0_supa\gara_reconstruction_v5\node_modules\next\dist\server\base-server.js:1366:42)
    at async cacheEntry.responseCache.get.routeKind (E:\APP-LAPTOP-SYNC\cencomOS_gara_4.0_supa\gara_reconstruction_v5\node_modules\next\dist\server\base-server.js:1588:28)
    at async DevServer.renderToResponseWithComponentsImpl (E:\APP-LAPTOP-SYNC\cencomOS_gara_4.0_supa\gara_reconstruction_v5\node_modules\next\dist\server\base-server.js:1496:28)
    at async DevServer.renderPageComponent (E:\APP-LAPTOP-SYNC\cencomOS_gara_4.0_supa\gara_reconstruction_v5\node_modules\next\dist\server\base-server.js:1924:24)
    at async DevServer.renderToResponseImpl (E:\APP-LAPTOP-SYNC\cencomOS_gara_4.0_supa\gara_reconstruction_v5\node_modules\next\dist\server\base-server.js:1962:32)
    at async DevServer.pipeImpl (E:\APP-LAPTOP-SYNC\cencomOS_gara_4.0_supa\gara_reconstruction_v5\node_modules\next\dist\server\base-server.js:922:25)
    at async NextNodeServer.handleCatchallRenderRequest (E:\APP-LAPTOP-SYNC\cencomOS_gara_4.0_supa\gara_reconstruction_v5\node_modules\next\dist\server\next-server.js:272:17)
    at async DevServer.handleRequestImpl (E:\APP-LAPTOP-SYNC\cencomOS_gara_4.0_supa\gara_reconstruction_v5\node_modules\next\dist\server\base-server.js:818:17)
    at async E:\APP-LAPTOP-SYNC\cencomOS_gara_4.0_supa\gara_reconstruction_v5\node_modules\next\dist\server\dev\next-dev-server.js:339:20
    at async Span.traceAsyncFn (E:\APP-LAPTOP-SYNC\cencomOS_gara_4.0_supa\gara_reconstruction_v5\node_modules\next\dist\trace\trace.js:154:20)
    at async DevServer.handleRequest (E:\APP-LAPTOP-SYNC\cencomOS_gara_4.0_supa\gara_reconstruction_v5\node_modules\next\dist\server\dev\next-dev-server.js:336:24)
    at async invokeRender (E:\APP-LAPTOP-SYNC\cencomOS_gara_4.0_supa\gara_reconstruction_v5\node_modules\next\dist\server\lib\router-server.js:179:21)
    at async handleRequest (E:\APP-LAPTOP-SYNC\cencomOS_gara_4.0_supa\gara_reconstruction_v5\node_modules\next\dist\server\lib\router-server.js:359:24)
    at async requestHandlerImpl (E:\APP-LAPTOP-SYNC\cencomOS_gara_4.0_supa\gara_reconstruction_v5\node_modules\next\dist\server\lib\router-server.js:383:13)
    at async Server.requestListener (E:\APP-LAPTOP-SYNC\cencomOS_gara_4.0_supa\gara_reconstruction_v5\node_modules\next\dist\server\lib\start-server.js:141:13) userId=U-XUONG
[2026-08-31T21:25:27.183Z] ERROR module=rpc message="RPC handler failed" fn=scTuChoi error=Không thể từ chối khi phiếu đang da_hoan stack=Error: Không thể từ chối khi phiếu đang da_hoan
    at Module.scTuChoi (webpack-internal:///(rsc)/./lib/core/sc.ts:332:15)
    at process.processTicksAndRejections (node:internal/process/task_queues:104:5)
    at async dispatch (webpack-internal:///(rsc)/./lib/rpc.ts:365:12)
    at async POST (webpack-internal:///(rsc)/./app/api/rpc/route.ts:67:24)
    at async E:\APP-LAPTOP-SYNC\cencomOS_gara_4.0_supa\gara_reconstruction_v5\node_modules\next\dist\compiled\next-server\app-route.runtime.dev.js:6:57228
    at async eT.execute (E:\APP-LAPTOP-SYNC\cencomOS_gara_4.0_supa\gara_reconstruction_v5\node_modules\next\dist\compiled\next-server\app-route.runtime.dev.js:6:46851)
    at async eT.handle (E:\APP-LAPTOP-SYNC\cencomOS_gara_4.0_supa\gara_reconstruction_v5\node_modules\next\dist\compiled\next-server\app-route.runtime.dev.js:6:58760)
    at async doRender (E:\APP-LAPTOP-SYNC\cencomOS_gara_4.0_supa\gara_reconstruction_v5\node_modules\next\dist\server\base-server.js:1366:42)
    at async cacheEntry.responseCache.get.routeKind (E:\APP-LAPTOP-SYNC\cencomOS_gara_4.0_supa\gara_reconstruction_v5\node_modules\next\dist\server\base-server.js:1588:28)
    at async DevServer.renderToResponseWithComponentsImpl (E:\APP-LAPTOP-SYNC\cencomOS_gara_4.0_supa\gara_reconstruction_v5\node_modules\next\dist\server\base-server.js:1496:28)
    at async DevServer.renderPageComponent (E:\APP-LAPTOP-SYNC\cencomOS_gara_4.0_supa\gara_reconstruction_v5\node_modules\next\dist\server\base-server.js:1924:24)
    at async DevServer.renderToResponseImpl (E:\APP-LAPTOP-SYNC\cencomOS_gara_4.0_supa\gara_reconstruction_v5\node_modules\next\dist\server\base-server.js:1962:32)
    at async DevServer.pipeImpl (E:\APP-LAPTOP-SYNC\cencomOS_gara_4.0_supa\gara_reconstruction_v5\node_modules\next\dist\server\base-server.js:922:25)
    at async NextNodeServer.handleCatchallRenderRequest (E:\APP-LAPTOP-SYNC\cencomOS_gara_4.0_supa\gara_reconstruction_v5\node_modules\next\dist\server\next-server.js:272:17)
    at async DevServer.handleRequestImpl (E:\APP-LAPTOP-SYNC\cencomOS_gara_4.0_supa\gara_reconstruction_v5\node_modules\next\dist\server\base-server.js:818:17)
    at async E:\APP-LAPTOP-SYNC\cencomOS_gara_4.0_supa\gara_reconstruction_v5\node_modules\next\dist\server\dev\next-dev-server.js:339:20
    at async Span.traceAsyncFn (E:\APP-LAPTOP-SYNC\cencomOS_gara_4.0_supa\gara_reconstruction_v5\node_modules\next\dist\trace\trace.js:154:20)
    at async DevServer.handleRequest (E:\APP-LAPTOP-SYNC\cencomOS_gara_4.0_supa\gara_reconstruction_v5\node_modules\next\dist\server\dev\next-dev-server.js:336:24)
    at async invokeRender (E:\APP-LAPTOP-SYNC\cencomOS_gara_4.0_supa\gara_reconstruction_v5\node_modules\next\dist\server\lib\router-server.js:179:21)
    at async handleRequest (E:\APP-LAPTOP-SYNC\cencomOS_gara_4.0_supa\gara_reconstruction_v5\node_modules\next\dist\server\lib\router-server.js:359:24)
    at async requestHandlerImpl (E:\APP-LAPTOP-SYNC\cencomOS_gara_4.0_supa\gara_reconstruction_v5\node_modules\next\dist\server\lib\router-server.js:383:13)
    at async Server.requestListener (E:\APP-LAPTOP-SYNC\cencomOS_gara_4.0_supa\gara_reconstruction_v5\node_modules\next\dist\server\lib\start-server.js:141:13) userId=U-XUONG
[2026-08-31T21:25:27.344Z] ERROR module=rpc message="RPC handler failed" fn=phieuGet error=404: không tìm thấy phiếu stack=Error: 404: không tìm thấy phiếu
    at Module.phieuGet (webpack-internal:///(rsc)/./lib/core/kho.ts:561:15)
    at process.processTicksAndRejections (node:internal/process/task_queues:104:5)
    at async dispatch (webpack-internal:///(rsc)/./lib/rpc.ts:365:12)
    at async POST (webpack-internal:///(rsc)/./app/api/rpc/route.ts:67:24)
    at async E:\APP-LAPTOP-SYNC\cencomOS_gara_4.0_supa\gara_reconstruction_v5\node_modules\next\dist\compiled\next-server\app-route.runtime.dev.js:6:57228
    at async eT.execute (E:\APP-LAPTOP-SYNC\cencomOS_gara_4.0_supa\gara_reconstruction_v5\node_modules\next\dist\compiled\next-server\app-route.runtime.dev.js:6:46851)
    at async eT.handle (E:\APP-LAPTOP-SYNC\cencomOS_gara_4.0_supa\gara_reconstruction_v5\node_modules\next\dist\compiled\next-server\app-route.runtime.dev.js:6:58760)
    at async doRender (E:\APP-LAPTOP-SYNC\cencomOS_gara_4.0_supa\gara_reconstruction_v5\node_modules\next\dist\server\base-server.js:1366:42)
    at async cacheEntry.responseCache.get.routeKind (E:\APP-LAPTOP-SYNC\cencomOS_gara_4.0_supa\gara_reconstruction_v5\node_modules\next\dist\server\base-server.js:1588:28)
    at async DevServer.renderToResponseWithComponentsImpl (E:\APP-LAPTOP-SYNC\cencomOS_gara_4.0_supa\gara_reconstruction_v5\node_modules\next\dist\server\base-server.js:1496:28)
    at async DevServer.renderPageComponent (E:\APP-LAPTOP-SYNC\cencomOS_gara_4.0_supa\gara_reconstruction_v5\node_modules\next\dist\server\base-server.js:1924:24)
    at async DevServer.renderToResponseImpl (E:\APP-LAPTOP-SYNC\cencomOS_gara_4.0_supa\gara_reconstruction_v5\node_modules\next\dist\server\base-server.js:1962:32)
    at async DevServer.pipeImpl (E:\APP-LAPTOP-SYNC\cencomOS_gara_4.0_supa\gara_reconstruction_v5\node_modules\next\dist\server\base-server.js:922:25)
    at async NextNodeServer.handleCatchallRenderRequest (E:\APP-LAPTOP-SYNC\cencomOS_gara_4.0_supa\gara_reconstruction_v5\node_modules\next\dist\server\next-server.js:272:17)
    at async DevServer.handleRequestImpl (E:\APP-LAPTOP-SYNC\cencomOS_gara_4.0_supa\gara_reconstruction_v5\node_modules\next\dist\server\base-server.js:818:17)
    at async E:\APP-LAPTOP-SYNC\cencomOS_gara_4.0_supa\gara_reconstruction_v5\node_modules\next\dist\server\dev\next-dev-server.js:339:20
    at async Span.traceAsyncFn (E:\APP-LAPTOP-SYNC\cencomOS_gara_4.0_supa\gara_reconstruction_v5\node_modules\next\dist\trace\trace.js:154:20)
    at async DevServer.handleRequest (E:\APP-LAPTOP-SYNC\cencomOS_gara_4.0_supa\gara_reconstruction_v5\node_modules\next\dist\server\dev\next-dev-server.js:336:24)
    at async invokeRender (E:\APP-LAPTOP-SYNC\cencomOS_gara_4.0_supa\gara_reconstruction_v5\node_modules\next\dist\server\lib\router-server.js:179:21)
    at async handleRequest (E:\APP-LAPTOP-SYNC\cencomOS_gara_4.0_supa\gara_reconstruction_v5\node_modules\next\dist\server\lib\router-server.js:359:24)
    at async requestHandlerImpl (E:\APP-LAPTOP-SYNC\cencomOS_gara_4.0_supa\gara_reconstruction_v5\node_modules\next\dist\server\lib\router-server.js:383:13)
    at async Server.requestListener (E:\APP-LAPTOP-SYNC\cencomOS_gara_4.0_supa\gara_reconstruction_v5\node_modules\next\dist\server\lib\start-server.js:141:13) userId=U-XUONG
[2026-08-31T21:25:27.410Z] ERROR module=rpc message="RPC handler failed" fn=scGet error=Không tìm thấy phiếu sửa chữa stack=Error: Không tìm thấy phiếu sửa chữa
    at Module.scGet (webpack-internal:///(rsc)/./lib/core/sc.ts:124:19)
    at process.processTicksAndRejections (node:internal/process/task_queues:104:5)
    at async dispatch (webpack-internal:///(rsc)/./lib/rpc.ts:365:12)
    at async POST (webpack-internal:///(rsc)/./app/api/rpc/route.ts:67:24)
    at async E:\APP-LAPTOP-SYNC\cencomOS_gara_4.0_supa\gara_reconstruction_v5\node_modules\next\dist\compiled\next-server\app-route.runtime.dev.js:6:57228
    at async eT.execute (E:\APP-LAPTOP-SYNC\cencomOS_gara_4.0_supa\gara_reconstruction_v5\node_modules\next\dist\compiled\next-server\app-route.runtime.dev.js:6:46851)
    at async eT.handle (E:\APP-LAPTOP-SYNC\cencomOS_gara_4.0_supa\gara_reconstruction_v5\node_modules\next\dist\compiled\next-server\app-route.runtime.dev.js:6:58760)
    at async doRender (E:\APP-LAPTOP-SYNC\cencomOS_gara_4.0_supa\gara_reconstruction_v5\node_modules\next\dist\server\base-server.js:1366:42)
    at async cacheEntry.responseCache.get.routeKind (E:\APP-LAPTOP-SYNC\cencomOS_gara_4.0_supa\gara_reconstruction_v5\node_modules\next\dist\server\base-server.js:1588:28)
    at async DevServer.renderToResponseWithComponentsImpl (E:\APP-LAPTOP-SYNC\cencomOS_gara_4.0_supa\gara_reconstruction_v5\node_modules\next\dist\server\base-server.js:1496:28)
    at async DevServer.renderPageComponent (E:\APP-LAPTOP-SYNC\cencomOS_gara_4.0_supa\gara_reconstruction_v5\node_modules\next\dist\server\base-server.js:1924:24)
    at async DevServer.renderToResponseImpl (E:\APP-LAPTOP-SYNC\cencomOS_gara_4.0_supa\gara_reconstruction_v5\node_modules\next\dist\server\base-server.js:1962:32)
    at async DevServer.pipeImpl (E:\APP-LAPTOP-SYNC\cencomOS_gara_4.0_supa\gara_reconstruction_v5\node_modules\next\dist\server\base-server.js:922:25)
    at async NextNodeServer.handleCatchallRenderRequest (E:\APP-LAPTOP-SYNC\cencomOS_gara_4.0_supa\gara_reconstruction_v5\node_modules\next\dist\server\next-server.js:272:17)
    at async DevServer.handleRequestImpl (E:\APP-LAPTOP-SYNC\cencomOS_gara_4.0_supa\gara_reconstruction_v5\node_modules\next\dist\server\base-server.js:818:17)
    at async E:\APP-LAPTOP-SYNC\cencomOS_gara_4.0_supa\gara_reconstruction_v5\node_modules\next\dist\server\dev\next-dev-server.js:339:20
    at async Span.traceAsyncFn (E:\APP-LAPTOP-SYNC\cencomOS_gara_4.0_supa\gara_reconstruction_v5\node_modules\next\dist\trace\trace.js:154:20)
    at async DevServer.handleRequest (E:\APP-LAPTOP-SYNC\cencomOS_gara_4.0_supa\gara_reconstruction_v5\node_modules\next\dist\server\dev\next-dev-server.js:336:24)
    at async invokeRender (E:\APP-LAPTOP-SYNC\cencomOS_gara_4.0_supa\gara_reconstruction_v5\node_modules\next\dist\server\lib\router-server.js:179:21)
    at async handleRequest (E:\APP-LAPTOP-SYNC\cencomOS_gara_4.0_supa\gara_reconstruction_v5\node_modules\next\dist\server\lib\router-server.js:359:24)
    at async requestHandlerImpl (E:\APP-LAPTOP-SYNC\cencomOS_gara_4.0_supa\gara_reconstruction_v5\node_modules\next\dist\server\lib\router-server.js:383:13)
    at async Server.requestListener (E:\APP-LAPTOP-SYNC\cencomOS_gara_4.0_supa\gara_reconstruction_v5\node_modules\next\dist\server\lib\start-server.js:141:13) userId=U-KETOAN
[2026-08-31T21:25:27.450Z] ERROR module=rpc message="RPC handler failed" fn=scQuyetToan error=Không thể quyết toán — thiếu hồ sơ: Phiếu nhập kho vật tư mới, Phiếu xuất kho cho SC stack=Error: Không thể quyết toán — thiếu hồ sơ: Phiếu nhập kho vật tư mới, Phiếu xuất kho cho SC
    at Module.scQuyetToan (webpack-internal:///(rsc)/./lib/core/sc.ts:388:15)
    at process.processTicksAndRejections (node:internal/process/task_queues:104:5)
    at async dispatch (webpack-internal:///(rsc)/./lib/rpc.ts:365:12)
    at async POST (webpack-internal:///(rsc)/./app/api/rpc/route.ts:67:24)
    at async E:\APP-LAPTOP-SYNC\cencomOS_gara_4.0_supa\gara_reconstruction_v5\node_modules\next\dist\compiled\next-server\app-route.runtime.dev.js:6:57228
    at async eT.execute (E:\APP-LAPTOP-SYNC\cencomOS_gara_4.0_supa\gara_reconstruction_v5\node_modules\next\dist\compiled\next-server\app-route.runtime.dev.js:6:46851)
    at async eT.handle (E:\APP-LAPTOP-SYNC\cencomOS_gara_4.0_supa\gara_reconstruction_v5\node_modules\next\dist\compiled\next-server\app-route.runtime.dev.js:6:58760)
    at async doRender (E:\APP-LAPTOP-SYNC\cencomOS_gara_4.0_supa\gara_reconstruction_v5\node_modules\next\dist\server\base-server.js:1366:42)
    at async cacheEntry.responseCache.get.routeKind (E:\APP-LAPTOP-SYNC\cencomOS_gara_4.0_supa\gara_reconstruction_v5\node_modules\next\dist\server\base-server.js:1588:28)
    at async DevServer.renderToResponseWithComponentsImpl (E:\APP-LAPTOP-SYNC\cencomOS_gara_4.0_supa\gara_reconstruction_v5\node_modules\next\dist\server\base-server.js:1496:28)
    at async DevServer.renderPageComponent (E:\APP-LAPTOP-SYNC\cencomOS_gara_4.0_supa\gara_reconstruction_v5\node_modules\next\dist\server\base-server.js:1924:24)
    at async DevServer.renderToResponseImpl (E:\APP-LAPTOP-SYNC\cencomOS_gara_4.0_supa\gara_reconstruction_v5\node_modules\next\dist\server\base-server.js:1962:32)
    at async DevServer.pipeImpl (E:\APP-LAPTOP-SYNC\cencomOS_gara_4.0_supa\gara_reconstruction_v5\node_modules\next\dist\server\base-server.js:922:25)
    at async NextNodeServer.handleCatchallRenderRequest (E:\APP-LAPTOP-SYNC\cencomOS_gara_4.0_supa\gara_reconstruction_v5\node_modules\next\dist\server\next-server.js:272:17)
    at async DevServer.handleRequestImpl (E:\APP-LAPTOP-SYNC\cencomOS_gara_4.0_supa\gara_reconstruction_v5\node_modules\next\dist\server\base-server.js:818:17)
    at async E:\APP-LAPTOP-SYNC\cencomOS_gara_4.0_supa\gara_reconstruction_v5\node_modules\next\dist\server\dev\next-dev-server.js:339:20
    at async Span.traceAsyncFn (E:\APP-LAPTOP-SYNC\cencomOS_gara_4.0_supa\gara_reconstruction_v5\node_modules\next\dist\trace\trace.js:154:20)
    at async DevServer.handleRequest (E:\APP-LAPTOP-SYNC\cencomOS_gara_4.0_supa\gara_reconstruction_v5\node_modules\next\dist\server\dev\next-dev-server.js:336:24)
    at async invokeRender (E:\APP-LAPTOP-SYNC\cencomOS_gara_4.0_supa\gara_reconstruction_v5\node_modules\next\dist\server\lib\router-server.js:179:21)
    at async handleRequest (E:\APP-LAPTOP-SYNC\cencomOS_gara_4.0_supa\gara_reconstruction_v5\node_modules\next\dist\server\lib\router-server.js:359:24)
    at async requestHandlerImpl (E:\APP-LAPTOP-SYNC\cencomOS_gara_4.0_supa\gara_reconstruction_v5\node_modules\next\dist\server\lib\router-server.js:383:13)
    at async Server.requestListener (E:\APP-LAPTOP-SYNC\cencomOS_gara_4.0_supa\gara_reconstruction_v5\node_modules\next\dist\server\lib\start-server.js:141:13) userId=U-KETOAN
[2026-08-31T21:25:27.588Z] ERROR module=rpc message="RPC handler failed" fn=phieuGet error=404: không tìm thấy phiếu stack=Error: 404: không tìm thấy phiếu
    at Module.phieuGet (webpack-internal:///(rsc)/./lib/core/kho.ts:561:15)
    at process.processTicksAndRejections (node:internal/process/task_queues:104:5)
    at async dispatch (webpack-internal:///(rsc)/./lib/rpc.ts:365:12)
    at async POST (webpack-internal:///(rsc)/./app/api/rpc/route.ts:67:24)
    at async E:\APP-LAPTOP-SYNC\cencomOS_gara_4.0_supa\gara_reconstruction_v5\node_modules\next\dist\compiled\next-server\app-route.runtime.dev.js:6:57228
    at async eT.execute (E:\APP-LAPTOP-SYNC\cencomOS_gara_4.0_supa\gara_reconstruction_v5\node_modules\next\dist\compiled\next-server\app-route.runtime.dev.js:6:46851)
    at async eT.handle (E:\APP-LAPTOP-SYNC\cencomOS_gara_4.0_supa\gara_reconstruction_v5\node_modules\next\dist\compiled\next-server\app-route.runtime.dev.js:6:58760)
    at async doRender (E:\APP-LAPTOP-SYNC\cencomOS_gara_4.0_supa\gara_reconstruction_v5\node_modules\next\dist\server\base-server.js:1366:42)
    at async cacheEntry.responseCache.get.routeKind (E:\APP-LAPTOP-SYNC\cencomOS_gara_4.0_supa\gara_reconstruction_v5\node_modules\next\dist\server\base-server.js:1588:28)
    at async DevServer.renderToResponseWithComponentsImpl (E:\APP-LAPTOP-SYNC\cencomOS_gara_4.0_supa\gara_reconstruction_v5\node_modules\next\dist\server\base-server.js:1496:28)
    at async DevServer.renderPageComponent (E:\APP-LAPTOP-SYNC\cencomOS_gara_4.0_supa\gara_reconstruction_v5\node_modules\next\dist\server\base-server.js:1924:24)
    at async DevServer.renderToResponseImpl (E:\APP-LAPTOP-SYNC\cencomOS_gara_4.0_supa\gara_reconstruction_v5\node_modules\next\dist\server\base-server.js:1962:32)
    at async DevServer.pipeImpl (E:\APP-LAPTOP-SYNC\cencomOS_gara_4.0_supa\gara_reconstruction_v5\node_modules\next\dist\server\base-server.js:922:25)
    at async NextNodeServer.handleCatchallRenderRequest (E:\APP-LAPTOP-SYNC\cencomOS_gara_4.0_supa\gara_reconstruction_v5\node_modules\next\dist\server\next-server.js:272:17)
    at async DevServer.handleRequestImpl (E:\APP-LAPTOP-SYNC\cencomOS_gara_4.0_supa\gara_reconstruction_v5\node_modules\next\dist\server\base-server.js:818:17)
    at async E:\APP-LAPTOP-SYNC\cencomOS_gara_4.0_supa\gara_reconstruction_v5\node_modules\next\dist\server\dev\next-dev-server.js:339:20
    at async Span.traceAsyncFn (E:\APP-LAPTOP-SYNC\cencomOS_gara_4.0_supa\gara_reconstruction_v5\node_modules\next\dist\trace\trace.js:154:20)
    at async DevServer.handleRequest (E:\APP-LAPTOP-SYNC\cencomOS_gara_4.0_supa\gara_reconstruction_v5\node_modules\next\dist\server\dev\next-dev-server.js:336:24)
    at async invokeRender (E:\APP-LAPTOP-SYNC\cencomOS_gara_4.0_supa\gara_reconstruction_v5\node_modules\next\dist\server\lib\router-server.js:179:21)
    at async handleRequest (E:\APP-LAPTOP-SYNC\cencomOS_gara_4.0_supa\gara_reconstruction_v5\node_modules\next\dist\server\lib\router-server.js:359:24)
    at async requestHandlerImpl (E:\APP-LAPTOP-SYNC\cencomOS_gara_4.0_supa\gara_reconstruction_v5\node_modules\next\dist\server\lib\router-server.js:383:13)
    at async Server.requestListener (E:\APP-LAPTOP-SYNC\cencomOS_gara_4.0_supa\gara_reconstruction_v5\node_modules\next\dist\server\lib\start-server.js:141:13) userId=U-KETOAN
[2026-08-31T21:25:27.646Z] ERROR module=rpc message="RPC handler failed" fn=scGet error=Không tìm thấy phiếu sửa chữa stack=Error: Không tìm thấy phiếu sửa chữa
    at Module.scGet (webpack-internal:///(rsc)/./lib/core/sc.ts:124:19)
    at process.processTicksAndRejections (node:internal/process/task_queues:104:5)
    at async dispatch (webpack-internal:///(rsc)/./lib/rpc.ts:365:12)
    at async POST (webpack-internal:///(rsc)/./app/api/rpc/route.ts:67:24)
    at async E:\APP-LAPTOP-SYNC\cencomOS_gara_4.0_supa\gara_reconstruction_v5\node_modules\next\dist\compiled\next-server\app-route.runtime.dev.js:6:57228
    at async eT.execute (E:\APP-LAPTOP-SYNC\cencomOS_gara_4.0_supa\gara_reconstruction_v5\node_modules\next\dist\compiled\next-server\app-route.runtime.dev.js:6:46851)
    at async eT.handle (E:\APP-LAPTOP-SYNC\cencomOS_gara_4.0_supa\gara_reconstruction_v5\node_modules\next\dist\compiled\next-server\app-route.runtime.dev.js:6:58760)
    at async doRender (E:\APP-LAPTOP-SYNC\cencomOS_gara_4.0_supa\gara_reconstruction_v5\node_modules\next\dist\server\base-server.js:1366:42)
    at async cacheEntry.responseCache.get.routeKind (E:\APP-LAPTOP-SYNC\cencomOS_gara_4.0_supa\gara_reconstruction_v5\node_modules\next\dist\server\base-server.js:1588:28)
    at async DevServer.renderToResponseWithComponentsImpl (E:\APP-LAPTOP-SYNC\cencomOS_gara_4.0_supa\gara_reconstruction_v5\node_modules\next\dist\server\base-server.js:1496:28)
    at async DevServer.renderPageComponent (E:\APP-LAPTOP-SYNC\cencomOS_gara_4.0_supa\gara_reconstruction_v5\node_modules\next\dist\server\base-server.js:1924:24)
    at async DevServer.renderToResponseImpl (E:\APP-LAPTOP-SYNC\cencomOS_gara_4.0_supa\gara_reconstruction_v5\node_modules\next\dist\server\base-server.js:1962:32)
    at async DevServer.pipeImpl (E:\APP-LAPTOP-SYNC\cencomOS_gara_4.0_supa\gara_reconstruction_v5\node_modules\next\dist\server\base-server.js:922:25)
    at async NextNodeServer.handleCatchallRenderRequest (E:\APP-LAPTOP-SYNC\cencomOS_gara_4.0_supa\gara_reconstruction_v5\node_modules\next\dist\server\next-server.js:272:17)
    at async DevServer.handleRequestImpl (E:\APP-LAPTOP-SYNC\cencomOS_gara_4.0_supa\gara_reconstruction_v5\node_modules\next\dist\server\base-server.js:818:17)
    at async E:\APP-LAPTOP-SYNC\cencomOS_gara_4.0_supa\gara_reconstruction_v5\node_modules\next\dist\server\dev\next-dev-server.js:339:20
    at async Span.traceAsyncFn (E:\APP-LAPTOP-SYNC\cencomOS_gara_4.0_supa\gara_reconstruction_v5\node_modules\next\dist\trace\trace.js:154:20)
    at async DevServer.handleRequest (E:\APP-LAPTOP-SYNC\cencomOS_gara_4.0_supa\gara_reconstruction_v5\node_modules\next\dist\server\dev\next-dev-server.js:336:24)
    at async invokeRender (E:\APP-LAPTOP-SYNC\cencomOS_gara_4.0_supa\gara_reconstruction_v5\node_modules\next\dist\server\lib\router-server.js:179:21)
    at async handleRequest (E:\APP-LAPTOP-SYNC\cencomOS_gara_4.0_supa\gara_reconstruction_v5\node_modules\next\dist\server\lib\router-server.js:359:24)
    at async requestHandlerImpl (E:\APP-LAPTOP-SYNC\cencomOS_gara_4.0_supa\gara_reconstruction_v5\node_modules\next\dist\server\lib\router-server.js:383:13)
    at async Server.requestListener (E:\APP-LAPTOP-SYNC\cencomOS_gara_4.0_supa\gara_reconstruction_v5\node_modules\next\dist\server\lib\start-server.js:141:13) userId=U-KHO
[2026-08-31T21:25:27.843Z] ERROR module=rpc message="RPC handler failed" fn=phieuGet error=404: không tìm thấy phiếu stack=Error: 404: không tìm thấy phiếu
    at Module.phieuGet (webpack-internal:///(rsc)/./lib/core/kho.ts:561:15)
    at process.processTicksAndRejections (node:internal/process/task_queues:104:5)
    at async dispatch (webpack-internal:///(rsc)/./lib/rpc.ts:365:12)
    at async POST (webpack-internal:///(rsc)/./app/api/rpc/route.ts:67:24)
    at async E:\APP-LAPTOP-SYNC\cencomOS_gara_4.0_supa\gara_reconstruction_v5\node_modules\next\dist\compiled\next-server\app-route.runtime.dev.js:6:57228
    at async eT.execute (E:\APP-LAPTOP-SYNC\cencomOS_gara_4.0_supa\gara_reconstruction_v5\node_modules\next\dist\compiled\next-server\app-route.runtime.dev.js:6:46851)
    at async eT.handle (E:\APP-LAPTOP-SYNC\cencomOS_gara_4.0_supa\gara_reconstruction_v5\node_modules\next\dist\compiled\next-server\app-route.runtime.dev.js:6:58760)
    at async doRender (E:\APP-LAPTOP-SYNC\cencomOS_gara_4.0_supa\gara_reconstruction_v5\node_modules\next\dist\server\base-server.js:1366:42)
    at async cacheEntry.responseCache.get.routeKind (E:\APP-LAPTOP-SYNC\cencomOS_gara_4.0_supa\gara_reconstruction_v5\node_modules\next\dist\server\base-server.js:1588:28)
    at async DevServer.renderToResponseWithComponentsImpl (E:\APP-LAPTOP-SYNC\cencomOS_gara_4.0_supa\gara_reconstruction_v5\node_modules\next\dist\server\base-server.js:1496:28)
    at async DevServer.renderPageComponent (E:\APP-LAPTOP-SYNC\cencomOS_gara_4.0_supa\gara_reconstruction_v5\node_modules\next\dist\server\base-server.js:1924:24)
    at async DevServer.renderToResponseImpl (E:\APP-LAPTOP-SYNC\cencomOS_gara_4.0_supa\gara_reconstruction_v5\node_modules\next\dist\server\base-server.js:1962:32)
    at async DevServer.pipeImpl (E:\APP-LAPTOP-SYNC\cencomOS_gara_4.0_supa\gara_reconstruction_v5\node_modules\next\dist\server\base-server.js:922:25)
    at async NextNodeServer.handleCatchallRenderRequest (E:\APP-LAPTOP-SYNC\cencomOS_gara_4.0_supa\gara_reconstruction_v5\node_modules\next\dist\server\next-server.js:272:17)
    at async DevServer.handleRequestImpl (E:\APP-LAPTOP-SYNC\cencomOS_gara_4.0_supa\gara_reconstruction_v5\node_modules\next\dist\server\base-server.js:818:17)
    at async E:\APP-LAPTOP-SYNC\cencomOS_gara_4.0_supa\gara_reconstruction_v5\node_modules\next\dist\server\dev\next-dev-server.js:339:20
    at async Span.traceAsyncFn (E:\APP-LAPTOP-SYNC\cencomOS_gara_4.0_supa\gara_reconstruction_v5\node_modules\next\dist\trace\trace.js:154:20)
    at async DevServer.handleRequest (E:\APP-LAPTOP-SYNC\cencomOS_gara_4.0_supa\gara_reconstruction_v5\node_modules\next\dist\server\dev\next-dev-server.js:336:24)
    at async invokeRender (E:\APP-LAPTOP-SYNC\cencomOS_gara_4.0_supa\gara_reconstruction_v5\node_modules\next\dist\server\lib\router-server.js:179:21)
    at async handleRequest (E:\APP-LAPTOP-SYNC\cencomOS_gara_4.0_supa\gara_reconstruction_v5\node_modules\next\dist\server\lib\router-server.js:359:24)
    at async requestHandlerImpl (E:\APP-LAPTOP-SYNC\cencomOS_gara_4.0_supa\gara_reconstruction_v5\node_modules\next\dist\server\lib\router-server.js:383:13)
    at async Server.requestListener (E:\APP-LAPTOP-SYNC\cencomOS_gara_4.0_supa\gara_reconstruction_v5\node_modules\next\dist\server\lib\start-server.js:141:13) userId=U-KHO
[2026-08-31T21:27:39.784Z] ERROR module=rpc message="RPC handler failed" fn=scGet error=Không tìm thấy phiếu sửa chữa stack=Error: Không tìm thấy phiếu sửa chữa
    at Module.scGet (webpack-internal:///(rsc)/./lib/core/sc.ts:124:19)
    at process.processTicksAndRejections (node:internal/process/task_queues:104:5)
    at async dispatch (webpack-internal:///(rsc)/./lib/rpc.ts:399:12)
    at async POST (webpack-internal:///(rsc)/./app/api/rpc/route.ts:67:24)
    at async E:\APP-LAPTOP-SYNC\cencomOS_gara_4.0_supa\gara_reconstruction_v5\node_modules\next\dist\compiled\next-server\app-route.runtime.dev.js:6:57228
    at async eT.execute (E:\APP-LAPTOP-SYNC\cencomOS_gara_4.0_supa\gara_reconstruction_v5\node_modules\next\dist\compiled\next-server\app-route.runtime.dev.js:6:46851)
    at async eT.handle (E:\APP-LAPTOP-SYNC\cencomOS_gara_4.0_supa\gara_reconstruction_v5\node_modules\next\dist\compiled\next-server\app-route.runtime.dev.js:6:58760)
    at async doRender (E:\APP-LAPTOP-SYNC\cencomOS_gara_4.0_supa\gara_reconstruction_v5\node_modules\next\dist\server\base-server.js:1366:42)
    at async cacheEntry.responseCache.get.routeKind (E:\APP-LAPTOP-SYNC\cencomOS_gara_4.0_supa\gara_reconstruction_v5\node_modules\next\dist\server\base-server.js:1588:28)
    at async DevServer.renderToResponseWithComponentsImpl (E:\APP-LAPTOP-SYNC\cencomOS_gara_4.0_supa\gara_reconstruction_v5\node_modules\next\dist\server\base-server.js:1496:28)
    at async DevServer.renderPageComponent (E:\APP-LAPTOP-SYNC\cencomOS_gara_4.0_supa\gara_reconstruction_v5\node_modules\next\dist\server\base-server.js:1924:24)
    at async DevServer.renderToResponseImpl (E:\APP-LAPTOP-SYNC\cencomOS_gara_4.0_supa\gara_reconstruction_v5\node_modules\next\dist\server\base-server.js:1962:32)
    at async DevServer.pipeImpl (E:\APP-LAPTOP-SYNC\cencomOS_gara_4.0_supa\gara_reconstruction_v5\node_modules\next\dist\server\base-server.js:922:25)
    at async NextNodeServer.handleCatchallRenderRequest (E:\APP-LAPTOP-SYNC\cencomOS_gara_4.0_supa\gara_reconstruction_v5\node_modules\next\dist\server\next-server.js:272:17)
    at async DevServer.handleRequestImpl (E:\APP-LAPTOP-SYNC\cencomOS_gara_4.0_supa\gara_reconstruction_v5\node_modules\next\dist\server\base-server.js:818:17)
    at async E:\APP-LAPTOP-SYNC\cencomOS_gara_4.0_supa\gara_reconstruction_v5\node_modules\next\dist\server\dev\next-dev-server.js:339:20
    at async Span.traceAsyncFn (E:\APP-LAPTOP-SYNC\cencomOS_gara_4.0_supa\gara_reconstruction_v5\node_modules\next\dist\trace\trace.js:154:20)
    at async DevServer.handleRequest (E:\APP-LAPTOP-SYNC\cencomOS_gara_4.0_supa\gara_reconstruction_v5\node_modules\next\dist\server\dev\next-dev-server.js:336:24)
    at async invokeRender (E:\APP-LAPTOP-SYNC\cencomOS_gara_4.0_supa\gara_reconstruction_v5\node_modules\next\dist\server\lib\router-server.js:179:21)
    at async handleRequest (E:\APP-LAPTOP-SYNC\cencomOS_gara_4.0_supa\gara_reconstruction_v5\node_modules\next\dist\server\lib\router-server.js:359:24)
    at async requestHandlerImpl (E:\APP-LAPTOP-SYNC\cencomOS_gara_4.0_supa\gara_reconstruction_v5\node_modules\next\dist\server\lib\router-server.js:383:13)
    at async Server.requestListener (E:\APP-LAPTOP-SYNC\cencomOS_gara_4.0_supa\gara_reconstruction_v5\node_modules\next\dist\server\lib\start-server.js:141:13) userId=U-ADMIN
[2026-08-31T21:27:39.850Z] ERROR module=rpc message="RPC handler failed" fn=scTuChoi error=Không thể từ chối khi phiếu đang da_hoan stack=Error: Không thể từ chối khi phiếu đang da_hoan
    at Module.scTuChoi (webpack-internal:///(rsc)/./lib/core/sc.ts:332:15)
    at process.processTicksAndRejections (node:internal/process/task_queues:104:5)
    at async dispatch (webpack-internal:///(rsc)/./lib/rpc.ts:399:12)
    at async POST (webpack-internal:///(rsc)/./app/api/rpc/route.ts:67:24)
    at async E:\APP-LAPTOP-SYNC\cencomOS_gara_4.0_supa\gara_reconstruction_v5\node_modules\next\dist\compiled\next-server\app-route.runtime.dev.js:6:57228
    at async eT.execute (E:\APP-LAPTOP-SYNC\cencomOS_gara_4.0_supa\gara_reconstruction_v5\node_modules\next\dist\compiled\next-server\app-route.runtime.dev.js:6:46851)
    at async eT.handle (E:\APP-LAPTOP-SYNC\cencomOS_gara_4.0_supa\gara_reconstruction_v5\node_modules\next\dist\compiled\next-server\app-route.runtime.dev.js:6:58760)
    at async doRender (E:\APP-LAPTOP-SYNC\cencomOS_gara_4.0_supa\gara_reconstruction_v5\node_modules\next\dist\server\base-server.js:1366:42)
    at async cacheEntry.responseCache.get.routeKind (E:\APP-LAPTOP-SYNC\cencomOS_gara_4.0_supa\gara_reconstruction_v5\node_modules\next\dist\server\base-server.js:1588:28)
    at async DevServer.renderToResponseWithComponentsImpl (E:\APP-LAPTOP-SYNC\cencomOS_gara_4.0_supa\gara_reconstruction_v5\node_modules\next\dist\server\base-server.js:1496:28)
    at async DevServer.renderPageComponent (E:\APP-LAPTOP-SYNC\cencomOS_gara_4.0_supa\gara_reconstruction_v5\node_modules\next\dist\server\base-server.js:1924:24)
    at async DevServer.renderToResponseImpl (E:\APP-LAPTOP-SYNC\cencomOS_gara_4.0_supa\gara_reconstruction_v5\node_modules\next\dist\server\base-server.js:1962:32)
    at async DevServer.pipeImpl (E:\APP-LAPTOP-SYNC\cencomOS_gara_4.0_supa\gara_reconstruction_v5\node_modules\next\dist\server\base-server.js:922:25)
    at async NextNodeServer.handleCatchallRenderRequest (E:\APP-LAPTOP-SYNC\cencomOS_gara_4.0_supa\gara_reconstruction_v5\node_modules\next\dist\server\next-server.js:272:17)
    at async DevServer.handleRequestImpl (E:\APP-LAPTOP-SYNC\cencomOS_gara_4.0_supa\gara_reconstruction_v5\node_modules\next\dist\server\base-server.js:818:17)
    at async E:\APP-LAPTOP-SYNC\cencomOS_gara_4.0_supa\gara_reconstruction_v5\node_modules\next\dist\server\dev\next-dev-server.js:339:20
    at async Span.traceAsyncFn (E:\APP-LAPTOP-SYNC\cencomOS_gara_4.0_supa\gara_reconstruction_v5\node_modules\next\dist\trace\trace.js:154:20)
    at async DevServer.handleRequest (E:\APP-LAPTOP-SYNC\cencomOS_gara_4.0_supa\gara_reconstruction_v5\node_modules\next\dist\server\dev\next-dev-server.js:336:24)
    at async invokeRender (E:\APP-LAPTOP-SYNC\cencomOS_gara_4.0_supa\gara_reconstruction_v5\node_modules\next\dist\server\lib\router-server.js:179:21)
    at async handleRequest (E:\APP-LAPTOP-SYNC\cencomOS_gara_4.0_supa\gara_reconstruction_v5\node_modules\next\dist\server\lib\router-server.js:359:24)
    at async requestHandlerImpl (E:\APP-LAPTOP-SYNC\cencomOS_gara_4.0_supa\gara_reconstruction_v5\node_modules\next\dist\server\lib\router-server.js:383:13)
    at async Server.requestListener (E:\APP-LAPTOP-SYNC\cencomOS_gara_4.0_supa\gara_reconstruction_v5\node_modules\next\dist\server\lib\start-server.js:141:13) userId=U-ADMIN
[2026-08-31T21:27:39.862Z] ERROR module=rpc message="RPC handler failed" fn=scQuyetToan error=Không thể quyết toán — thiếu hồ sơ: Kế hoạch sửa chữa (mẫu 01), Bản kiểm tu, Báo giá NCC (đã xác nhận), Phiếu nhập kho vật tư mới, Phiếu xuất kho cho SC, Biên bản nghiệm thu stack=Error: Không thể quyết toán — thiếu hồ sơ: Kế hoạch sửa chữa (mẫu 01), Bản kiểm tu, Báo giá NCC (đã xác nhận), Phiếu nhập kho vật tư mới, Phiếu xuất kho cho SC, Biên bản nghiệm thu
    at Module.scQuyetToan (webpack-internal:///(rsc)/./lib/core/sc.ts:388:15)
    at process.processTicksAndRejections (node:internal/process/task_queues:104:5)
    at async dispatch (webpack-internal:///(rsc)/./lib/rpc.ts:399:12)
    at async POST (webpack-internal:///(rsc)/./app/api/rpc/route.ts:67:24)
    at async E:\APP-LAPTOP-SYNC\cencomOS_gara_4.0_supa\gara_reconstruction_v5\node_modules\next\dist\compiled\next-server\app-route.runtime.dev.js:6:57228
    at async eT.execute (E:\APP-LAPTOP-SYNC\cencomOS_gara_4.0_supa\gara_reconstruction_v5\node_modules\next\dist\compiled\next-server\app-route.runtime.dev.js:6:46851)
    at async eT.handle (E:\APP-LAPTOP-SYNC\cencomOS_gara_4.0_supa\gara_reconstruction_v5\node_modules\next\dist\compiled\next-server\app-route.runtime.dev.js:6:58760)
    at async doRender (E:\APP-LAPTOP-SYNC\cencomOS_gara_4.0_supa\gara_reconstruction_v5\node_modules\next\dist\server\base-server.js:1366:42)
    at async cacheEntry.responseCache.get.routeKind (E:\APP-LAPTOP-SYNC\cencomOS_gara_4.0_supa\gara_reconstruction_v5\node_modules\next\dist\server\base-server.js:1588:28)
    at async DevServer.renderToResponseWithComponentsImpl (E:\APP-LAPTOP-SYNC\cencomOS_gara_4.0_supa\gara_reconstruction_v5\node_modules\next\dist\server\base-server.js:1496:28)
    at async DevServer.renderPageComponent (E:\APP-LAPTOP-SYNC\cencomOS_gara_4.0_supa\gara_reconstruction_v5\node_modules\next\dist\server\base-server.js:1924:24)
    at async DevServer.renderToResponseImpl (E:\APP-LAPTOP-SYNC\cencomOS_gara_4.0_supa\gara_reconstruction_v5\node_modules\next\dist\server\base-server.js:1962:32)
    at async DevServer.pipeImpl (E:\APP-LAPTOP-SYNC\cencomOS_gara_4.0_supa\gara_reconstruction_v5\node_modules\next\dist\server\base-server.js:922:25)
    at async NextNodeServer.handleCatchallRenderRequest (E:\APP-LAPTOP-SYNC\cencomOS_gara_4.0_supa\gara_reconstruction_v5\node_modules\next\dist\server\next-server.js:272:17)
    at async DevServer.handleRequestImpl (E:\APP-LAPTOP-SYNC\cencomOS_gara_4.0_supa\gara_reconstruction_v5\node_modules\next\dist\server\base-server.js:818:17)
    at async E:\APP-LAPTOP-SYNC\cencomOS_gara_4.0_supa\gara_reconstruction_v5\node_modules\next\dist\server\dev\next-dev-server.js:339:20
    at async Span.traceAsyncFn (E:\APP-LAPTOP-SYNC\cencomOS_gara_4.0_supa\gara_reconstruction_v5\node_modules\next\dist\trace\trace.js:154:20)
    at async DevServer.handleRequest (E:\APP-LAPTOP-SYNC\cencomOS_gara_4.0_supa\gara_reconstruction_v5\node_modules\next\dist\server\dev\next-dev-server.js:336:24)
    at async invokeRender (E:\APP-LAPTOP-SYNC\cencomOS_gara_4.0_supa\gara_reconstruction_v5\node_modules\next\dist\server\lib\router-server.js:179:21)
    at async handleRequest (E:\APP-LAPTOP-SYNC\cencomOS_gara_4.0_supa\gara_reconstruction_v5\node_modules\next\dist\server\lib\router-server.js:359:24)
    at async requestHandlerImpl (E:\APP-LAPTOP-SYNC\cencomOS_gara_4.0_supa\gara_reconstruction_v5\node_modules\next\dist\server\lib\router-server.js:383:13)
    at async Server.requestListener (E:\APP-LAPTOP-SYNC\cencomOS_gara_4.0_supa\gara_reconstruction_v5\node_modules\next\dist\server\lib\start-server.js:141:13) userId=U-ADMIN
[2026-08-31T21:27:40.081Z] ERROR module=rpc message="RPC handler failed" fn=phieuGet error=404: không tìm thấy phiếu stack=Error: 404: không tìm thấy phiếu
    at Module.phieuGet (webpack-internal:///(rsc)/./lib/core/kho.ts:565:15)
    at process.processTicksAndRejections (node:internal/process/task_queues:104:5)
    at async dispatch (webpack-internal:///(rsc)/./lib/rpc.ts:399:12)
    at async POST (webpack-internal:///(rsc)/./app/api/rpc/route.ts:67:24)
    at async E:\APP-LAPTOP-SYNC\cencomOS_gara_4.0_supa\gara_reconstruction_v5\node_modules\next\dist\compiled\next-server\app-route.runtime.dev.js:6:57228
    at async eT.execute (E:\APP-LAPTOP-SYNC\cencomOS_gara_4.0_supa\gara_reconstruction_v5\node_modules\next\dist\compiled\next-server\app-route.runtime.dev.js:6:46851)
    at async eT.handle (E:\APP-LAPTOP-SYNC\cencomOS_gara_4.0_supa\gara_reconstruction_v5\node_modules\next\dist\compiled\next-server\app-route.runtime.dev.js:6:58760)
    at async doRender (E:\APP-LAPTOP-SYNC\cencomOS_gara_4.0_supa\gara_reconstruction_v5\node_modules\next\dist\server\base-server.js:1366:42)
    at async cacheEntry.responseCache.get.routeKind (E:\APP-LAPTOP-SYNC\cencomOS_gara_4.0_supa\gara_reconstruction_v5\node_modules\next\dist\server\base-server.js:1588:28)
    at async DevServer.renderToResponseWithComponentsImpl (E:\APP-LAPTOP-SYNC\cencomOS_gara_4.0_supa\gara_reconstruction_v5\node_modules\next\dist\server\base-server.js:1496:28)
    at async DevServer.renderPageComponent (E:\APP-LAPTOP-SYNC\cencomOS_gara_4.0_supa\gara_reconstruction_v5\node_modules\next\dist\server\base-server.js:1924:24)
    at async DevServer.renderToResponseImpl (E:\APP-LAPTOP-SYNC\cencomOS_gara_4.0_supa\gara_reconstruction_v5\node_modules\next\dist\server\base-server.js:1962:32)
    at async DevServer.pipeImpl (E:\APP-LAPTOP-SYNC\cencomOS_gara_4.0_supa\gara_reconstruction_v5\node_modules\next\dist\server\base-server.js:922:25)
    at async NextNodeServer.handleCatchallRenderRequest (E:\APP-LAPTOP-SYNC\cencomOS_gara_4.0_supa\gara_reconstruction_v5\node_modules\next\dist\server\next-server.js:272:17)
    at async DevServer.handleRequestImpl (E:\APP-LAPTOP-SYNC\cencomOS_gara_4.0_supa\gara_reconstruction_v5\node_modules\next\dist\server\base-server.js:818:17)
    at async E:\APP-LAPTOP-SYNC\cencomOS_gara_4.0_supa\gara_reconstruction_v5\node_modules\next\dist\server\dev\next-dev-server.js:339:20
    at async Span.traceAsyncFn (E:\APP-LAPTOP-SYNC\cencomOS_gara_4.0_supa\gara_reconstruction_v5\node_modules\next\dist\trace\trace.js:154:20)
    at async DevServer.handleRequest (E:\APP-LAPTOP-SYNC\cencomOS_gara_4.0_supa\gara_reconstruction_v5\node_modules\next\dist\server\dev\next-dev-server.js:336:24)
    at async invokeRender (E:\APP-LAPTOP-SYNC\cencomOS_gara_4.0_supa\gara_reconstruction_v5\node_modules\next\dist\server\lib\router-server.js:179:21)
    at async handleRequest (E:\APP-LAPTOP-SYNC\cencomOS_gara_4.0_supa\gara_reconstruction_v5\node_modules\next\dist\server\lib\router-server.js:359:24)
    at async requestHandlerImpl (E:\APP-LAPTOP-SYNC\cencomOS_gara_4.0_supa\gara_reconstruction_v5\node_modules\next\dist\server\lib\router-server.js:383:13)
    at async Server.requestListener (E:\APP-LAPTOP-SYNC\cencomOS_gara_4.0_supa\gara_reconstruction_v5\node_modules\next\dist\server\lib\start-server.js:141:13) userId=U-ADMIN
[2026-08-31T21:27:40.180Z] ERROR module=rpc message="RPC handler failed" fn=scGet error=Không tìm thấy phiếu sửa chữa stack=Error: Không tìm thấy phiếu sửa chữa
    at Module.scGet (webpack-internal:///(rsc)/./lib/core/sc.ts:124:19)
    at process.processTicksAndRejections (node:internal/process/task_queues:104:5)
    at async dispatch (webpack-internal:///(rsc)/./lib/rpc.ts:399:12)
    at async POST (webpack-internal:///(rsc)/./app/api/rpc/route.ts:67:24)
    at async E:\APP-LAPTOP-SYNC\cencomOS_gara_4.0_supa\gara_reconstruction_v5\node_modules\next\dist\compiled\next-server\app-route.runtime.dev.js:6:57228
    at async eT.execute (E:\APP-LAPTOP-SYNC\cencomOS_gara_4.0_supa\gara_reconstruction_v5\node_modules\next\dist\compiled\next-server\app-route.runtime.dev.js:6:46851)
    at async eT.handle (E:\APP-LAPTOP-SYNC\cencomOS_gara_4.0_supa\gara_reconstruction_v5\node_modules\next\dist\compiled\next-server\app-route.runtime.dev.js:6:58760)
    at async doRender (E:\APP-LAPTOP-SYNC\cencomOS_gara_4.0_supa\gara_reconstruction_v5\node_modules\next\dist\server\base-server.js:1366:42)
    at async cacheEntry.responseCache.get.routeKind (E:\APP-LAPTOP-SYNC\cencomOS_gara_4.0_supa\gara_reconstruction_v5\node_modules\next\dist\server\base-server.js:1588:28)
    at async DevServer.renderToResponseWithComponentsImpl (E:\APP-LAPTOP-SYNC\cencomOS_gara_4.0_supa\gara_reconstruction_v5\node_modules\next\dist\server\base-server.js:1496:28)
    at async DevServer.renderPageComponent (E:\APP-LAPTOP-SYNC\cencomOS_gara_4.0_supa\gara_reconstruction_v5\node_modules\next\dist\server\base-server.js:1924:24)
    at async DevServer.renderToResponseImpl (E:\APP-LAPTOP-SYNC\cencomOS_gara_4.0_supa\gara_reconstruction_v5\node_modules\next\dist\server\base-server.js:1962:32)
    at async DevServer.pipeImpl (E:\APP-LAPTOP-SYNC\cencomOS_gara_4.0_supa\gara_reconstruction_v5\node_modules\next\dist\server\base-server.js:922:25)
    at async NextNodeServer.handleCatchallRenderRequest (E:\APP-LAPTOP-SYNC\cencomOS_gara_4.0_supa\gara_reconstruction_v5\node_modules\next\dist\server\next-server.js:272:17)
    at async DevServer.handleRequestImpl (E:\APP-LAPTOP-SYNC\cencomOS_gara_4.0_supa\gara_reconstruction_v5\node_modules\next\dist\server\base-server.js:818:17)
    at async E:\APP-LAPTOP-SYNC\cencomOS_gara_4.0_supa\gara_reconstruction_v5\node_modules\next\dist\server\dev\next-dev-server.js:339:20
    at async Span.traceAsyncFn (E:\APP-LAPTOP-SYNC\cencomOS_gara_4.0_supa\gara_reconstruction_v5\node_modules\next\dist\trace\trace.js:154:20)
    at async DevServer.handleRequest (E:\APP-LAPTOP-SYNC\cencomOS_gara_4.0_supa\gara_reconstruction_v5\node_modules\next\dist\server\dev\next-dev-server.js:336:24)
    at async invokeRender (E:\APP-LAPTOP-SYNC\cencomOS_gara_4.0_supa\gara_reconstruction_v5\node_modules\next\dist\server\lib\router-server.js:179:21)
    at async handleRequest (E:\APP-LAPTOP-SYNC\cencomOS_gara_4.0_supa\gara_reconstruction_v5\node_modules\next\dist\server\lib\router-server.js:359:24)
    at async requestHandlerImpl (E:\APP-LAPTOP-SYNC\cencomOS_gara_4.0_supa\gara_reconstruction_v5\node_modules\next\dist\server\lib\router-server.js:383:13)
    at async Server.requestListener (E:\APP-LAPTOP-SYNC\cencomOS_gara_4.0_supa\gara_reconstruction_v5\node_modules\next\dist\server\lib\start-server.js:141:13) userId=U-GIAMDOC
[2026-08-31T21:27:40.341Z] ERROR module=rpc message="RPC handler failed" fn=phieuGet error=404: không tìm thấy phiếu stack=Error: 404: không tìm thấy phiếu
    at Module.phieuGet (webpack-internal:///(rsc)/./lib/core/kho.ts:565:15)
    at process.processTicksAndRejections (node:internal/process/task_queues:104:5)
    at async dispatch (webpack-internal:///(rsc)/./lib/rpc.ts:399:12)
    at async POST (webpack-internal:///(rsc)/./app/api/rpc/route.ts:67:24)
    at async E:\APP-LAPTOP-SYNC\cencomOS_gara_4.0_supa\gara_reconstruction_v5\node_modules\next\dist\compiled\next-server\app-route.runtime.dev.js:6:57228
    at async eT.execute (E:\APP-LAPTOP-SYNC\cencomOS_gara_4.0_supa\gara_reconstruction_v5\node_modules\next\dist\compiled\next-server\app-route.runtime.dev.js:6:46851)
    at async eT.handle (E:\APP-LAPTOP-SYNC\cencomOS_gara_4.0_supa\gara_reconstruction_v5\node_modules\next\dist\compiled\next-server\app-route.runtime.dev.js:6:58760)
    at async doRender (E:\APP-LAPTOP-SYNC\cencomOS_gara_4.0_supa\gara_reconstruction_v5\node_modules\next\dist\server\base-server.js:1366:42)
    at async cacheEntry.responseCache.get.routeKind (E:\APP-LAPTOP-SYNC\cencomOS_gara_4.0_supa\gara_reconstruction_v5\node_modules\next\dist\server\base-server.js:1588:28)
    at async DevServer.renderToResponseWithComponentsImpl (E:\APP-LAPTOP-SYNC\cencomOS_gara_4.0_supa\gara_reconstruction_v5\node_modules\next\dist\server\base-server.js:1496:28)
    at async DevServer.renderPageComponent (E:\APP-LAPTOP-SYNC\cencomOS_gara_4.0_supa\gara_reconstruction_v5\node_modules\next\dist\server\base-server.js:1924:24)
    at async DevServer.renderToResponseImpl (E:\APP-LAPTOP-SYNC\cencomOS_gara_4.0_supa\gara_reconstruction_v5\node_modules\next\dist\server\base-server.js:1962:32)
    at async DevServer.pipeImpl (E:\APP-LAPTOP-SYNC\cencomOS_gara_4.0_supa\gara_reconstruction_v5\node_modules\next\dist\server\base-server.js:922:25)
    at async NextNodeServer.handleCatchallRenderRequest (E:\APP-LAPTOP-SYNC\cencomOS_gara_4.0_supa\gara_reconstruction_v5\node_modules\next\dist\server\next-server.js:272:17)
    at async DevServer.handleRequestImpl (E:\APP-LAPTOP-SYNC\cencomOS_gara_4.0_supa\gara_reconstruction_v5\node_modules\next\dist\server\base-server.js:818:17)
    at async E:\APP-LAPTOP-SYNC\cencomOS_gara_4.0_supa\gara_reconstruction_v5\node_modules\next\dist\server\dev\next-dev-server.js:339:20
    at async Span.traceAsyncFn (E:\APP-LAPTOP-SYNC\cencomOS_gara_4.0_supa\gara_reconstruction_v5\node_modules\next\dist\trace\trace.js:154:20)
    at async DevServer.handleRequest (E:\APP-LAPTOP-SYNC\cencomOS_gara_4.0_supa\gara_reconstruction_v5\node_modules\next\dist\server\dev\next-dev-server.js:336:24)
    at async invokeRender (E:\APP-LAPTOP-SYNC\cencomOS_gara_4.0_supa\gara_reconstruction_v5\node_modules\next\dist\server\lib\router-server.js:179:21)
    at async handleRequest (E:\APP-LAPTOP-SYNC\cencomOS_gara_4.0_supa\gara_reconstruction_v5\node_modules\next\dist\server\lib\router-server.js:359:24)
    at async requestHandlerImpl (E:\APP-LAPTOP-SYNC\cencomOS_gara_4.0_supa\gara_reconstruction_v5\node_modules\next\dist\server\lib\router-server.js:383:13)
    at async Server.requestListener (E:\APP-LAPTOP-SYNC\cencomOS_gara_4.0_supa\gara_reconstruction_v5\node_modules\next\dist\server\lib\start-server.js:141:13) userId=U-GIAMDOC
[2026-08-31T21:27:40.419Z] ERROR module=rpc message="RPC handler failed" fn=scGet error=Không tìm thấy phiếu sửa chữa stack=Error: Không tìm thấy phiếu sửa chữa
    at Module.scGet (webpack-internal:///(rsc)/./lib/core/sc.ts:124:19)
    at process.processTicksAndRejections (node:internal/process/task_queues:104:5)
    at async dispatch (webpack-internal:///(rsc)/./lib/rpc.ts:399:12)
    at async POST (webpack-internal:///(rsc)/./app/api/rpc/route.ts:67:24)
    at async E:\APP-LAPTOP-SYNC\cencomOS_gara_4.0_supa\gara_reconstruction_v5\node_modules\next\dist\compiled\next-server\app-route.runtime.dev.js:6:57228
    at async eT.execute (E:\APP-LAPTOP-SYNC\cencomOS_gara_4.0_supa\gara_reconstruction_v5\node_modules\next\dist\compiled\next-server\app-route.runtime.dev.js:6:46851)
    at async eT.handle (E:\APP-LAPTOP-SYNC\cencomOS_gara_4.0_supa\gara_reconstruction_v5\node_modules\next\dist\compiled\next-server\app-route.runtime.dev.js:6:58760)
    at async doRender (E:\APP-LAPTOP-SYNC\cencomOS_gara_4.0_supa\gara_reconstruction_v5\node_modules\next\dist\server\base-server.js:1366:42)
    at async cacheEntry.responseCache.get.routeKind (E:\APP-LAPTOP-SYNC\cencomOS_gara_4.0_supa\gara_reconstruction_v5\node_modules\next\dist\server\base-server.js:1588:28)
    at async DevServer.renderToResponseWithComponentsImpl (E:\APP-LAPTOP-SYNC\cencomOS_gara_4.0_supa\gara_reconstruction_v5\node_modules\next\dist\server\base-server.js:1496:28)
    at async DevServer.renderPageComponent (E:\APP-LAPTOP-SYNC\cencomOS_gara_4.0_supa\gara_reconstruction_v5\node_modules\next\dist\server\base-server.js:1924:24)
    at async DevServer.renderToResponseImpl (E:\APP-LAPTOP-SYNC\cencomOS_gara_4.0_supa\gara_reconstruction_v5\node_modules\next\dist\server\base-server.js:1962:32)
    at async DevServer.pipeImpl (E:\APP-LAPTOP-SYNC\cencomOS_gara_4.0_supa\gara_reconstruction_v5\node_modules\next\dist\server\base-server.js:922:25)
    at async NextNodeServer.handleCatchallRenderRequest (E:\APP-LAPTOP-SYNC\cencomOS_gara_4.0_supa\gara_reconstruction_v5\node_modules\next\dist\server\next-server.js:272:17)
    at async DevServer.handleRequestImpl (E:\APP-LAPTOP-SYNC\cencomOS_gara_4.0_supa\gara_reconstruction_v5\node_modules\next\dist\server\base-server.js:818:17)
    at async E:\APP-LAPTOP-SYNC\cencomOS_gara_4.0_supa\gara_reconstruction_v5\node_modules\next\dist\server\dev\next-dev-server.js:339:20
    at async Span.traceAsyncFn (E:\APP-LAPTOP-SYNC\cencomOS_gara_4.0_supa\gara_reconstruction_v5\node_modules\next\dist\trace\trace.js:154:20)
    at async DevServer.handleRequest (E:\APP-LAPTOP-SYNC\cencomOS_gara_4.0_supa\gara_reconstruction_v5\node_modules\next\dist\server\dev\next-dev-server.js:336:24)
    at async invokeRender (E:\APP-LAPTOP-SYNC\cencomOS_gara_4.0_supa\gara_reconstruction_v5\node_modules\next\dist\server\lib\router-server.js:179:21)
    at async handleRequest (E:\APP-LAPTOP-SYNC\cencomOS_gara_4.0_supa\gara_reconstruction_v5\node_modules\next\dist\server\lib\router-server.js:359:24)
    at async requestHandlerImpl (E:\APP-LAPTOP-SYNC\cencomOS_gara_4.0_supa\gara_reconstruction_v5\node_modules\next\dist\server\lib\router-server.js:383:13)
    at async Server.requestListener (E:\APP-LAPTOP-SYNC\cencomOS_gara_4.0_supa\gara_reconstruction_v5\node_modules\next\dist\server\lib\start-server.js:141:13) userId=U-XUONG
[2026-08-31T21:27:40.463Z] ERROR module=rpc message="RPC handler failed" fn=scBatDauSua error=Không thể bắt đầu sửa khi phiếu đang da_hoan stack=Error: Không thể bắt đầu sửa khi phiếu đang da_hoan
    at Module.scBatDauSua (webpack-internal:///(rsc)/./lib/core/sc.ts:265:15)
    at process.processTicksAndRejections (node:internal/process/task_queues:104:5)
    at async dispatch (webpack-internal:///(rsc)/./lib/rpc.ts:399:12)
    at async POST (webpack-internal:///(rsc)/./app/api/rpc/route.ts:67:24)
    at async E:\APP-LAPTOP-SYNC\cencomOS_gara_4.0_supa\gara_reconstruction_v5\node_modules\next\dist\compiled\next-server\app-route.runtime.dev.js:6:57228
    at async eT.execute (E:\APP-LAPTOP-SYNC\cencomOS_gara_4.0_supa\gara_reconstruction_v5\node_modules\next\dist\compiled\next-server\app-route.runtime.dev.js:6:46851)
    at async eT.handle (E:\APP-LAPTOP-SYNC\cencomOS_gara_4.0_supa\gara_reconstruction_v5\node_modules\next\dist\compiled\next-server\app-route.runtime.dev.js:6:58760)
    at async doRender (E:\APP-LAPTOP-SYNC\cencomOS_gara_4.0_supa\gara_reconstruction_v5\node_modules\next\dist\server\base-server.js:1366:42)
    at async cacheEntry.responseCache.get.routeKind (E:\APP-LAPTOP-SYNC\cencomOS_gara_4.0_supa\gara_reconstruction_v5\node_modules\next\dist\server\base-server.js:1588:28)
    at async DevServer.renderToResponseWithComponentsImpl (E:\APP-LAPTOP-SYNC\cencomOS_gara_4.0_supa\gara_reconstruction_v5\node_modules\next\dist\server\base-server.js:1496:28)
    at async DevServer.renderPageComponent (E:\APP-LAPTOP-SYNC\cencomOS_gara_4.0_supa\gara_reconstruction_v5\node_modules\next\dist\server\base-server.js:1924:24)
    at async DevServer.renderToResponseImpl (E:\APP-LAPTOP-SYNC\cencomOS_gara_4.0_supa\gara_reconstruction_v5\node_modules\next\dist\server\base-server.js:1962:32)
    at async DevServer.pipeImpl (E:\APP-LAPTOP-SYNC\cencomOS_gara_4.0_supa\gara_reconstruction_v5\node_modules\next\dist\server\base-server.js:922:25)
    at async NextNodeServer.handleCatchallRenderRequest (E:\APP-LAPTOP-SYNC\cencomOS_gara_4.0_supa\gara_reconstruction_v5\node_modules\next\dist\server\next-server.js:272:17)
    at async DevServer.handleRequestImpl (E:\APP-LAPTOP-SYNC\cencomOS_gara_4.0_supa\gara_reconstruction_v5\node_modules\next\dist\server\base-server.js:818:17)
    at async E:\APP-LAPTOP-SYNC\cencomOS_gara_4.0_supa\gara_reconstruction_v5\node_modules\next\dist\server\dev\next-dev-server.js:339:20
    at async Span.traceAsyncFn (E:\APP-LAPTOP-SYNC\cencomOS_gara_4.0_supa\gara_reconstruction_v5\node_modules\next\dist\trace\trace.js:154:20)
    at async DevServer.handleRequest (E:\APP-LAPTOP-SYNC\cencomOS_gara_4.0_supa\gara_reconstruction_v5\node_modules\next\dist\server\dev\next-dev-server.js:336:24)
    at async invokeRender (E:\APP-LAPTOP-SYNC\cencomOS_gara_4.0_supa\gara_reconstruction_v5\node_modules\next\dist\server\lib\router-server.js:179:21)
    at async handleRequest (E:\APP-LAPTOP-SYNC\cencomOS_gara_4.0_supa\gara_reconstruction_v5\node_modules\next\dist\server\lib\router-server.js:359:24)
    at async requestHandlerImpl (E:\APP-LAPTOP-SYNC\cencomOS_gara_4.0_supa\gara_reconstruction_v5\node_modules\next\dist\server\lib\router-server.js:383:13)
    at async Server.requestListener (E:\APP-LAPTOP-SYNC\cencomOS_gara_4.0_supa\gara_reconstruction_v5\node_modules\next\dist\server\lib\start-server.js:141:13) userId=U-XUONG
[2026-08-31T21:27:40.469Z] ERROR module=rpc message="RPC handler failed" fn=scHoanThanh error=Chưa bắt đầu sửa — không thể hoàn thành stack=Error: Chưa bắt đầu sửa — không thể hoàn thành
    at Module.scHoanThanh (webpack-internal:///(rsc)/./lib/core/sc.ts:298:15)
    at process.processTicksAndRejections (node:internal/process/task_queues:104:5)
    at async dispatch (webpack-internal:///(rsc)/./lib/rpc.ts:399:12)
    at async POST (webpack-internal:///(rsc)/./app/api/rpc/route.ts:67:24)
    at async E:\APP-LAPTOP-SYNC\cencomOS_gara_4.0_supa\gara_reconstruction_v5\node_modules\next\dist\compiled\next-server\app-route.runtime.dev.js:6:57228
    at async eT.execute (E:\APP-LAPTOP-SYNC\cencomOS_gara_4.0_supa\gara_reconstruction_v5\node_modules\next\dist\compiled\next-server\app-route.runtime.dev.js:6:46851)
    at async eT.handle (E:\APP-LAPTOP-SYNC\cencomOS_gara_4.0_supa\gara_reconstruction_v5\node_modules\next\dist\compiled\next-server\app-route.runtime.dev.js:6:58760)
    at async doRender (E:\APP-LAPTOP-SYNC\cencomOS_gara_4.0_supa\gara_reconstruction_v5\node_modules\next\dist\server\base-server.js:1366:42)
    at async cacheEntry.responseCache.get.routeKind (E:\APP-LAPTOP-SYNC\cencomOS_gara_4.0_supa\gara_reconstruction_v5\node_modules\next\dist\server\base-server.js:1588:28)
    at async DevServer.renderToResponseWithComponentsImpl (E:\APP-LAPTOP-SYNC\cencomOS_gara_4.0_supa\gara_reconstruction_v5\node_modules\next\dist\server\base-server.js:1496:28)
    at async DevServer.renderPageComponent (E:\APP-LAPTOP-SYNC\cencomOS_gara_4.0_supa\gara_reconstruction_v5\node_modules\next\dist\server\base-server.js:1924:24)
    at async DevServer.renderToResponseImpl (E:\APP-LAPTOP-SYNC\cencomOS_gara_4.0_supa\gara_reconstruction_v5\node_modules\next\dist\server\base-server.js:1962:32)
    at async DevServer.pipeImpl (E:\APP-LAPTOP-SYNC\cencomOS_gara_4.0_supa\gara_reconstruction_v5\node_modules\next\dist\server\base-server.js:922:25)
    at async NextNodeServer.handleCatchallRenderRequest (E:\APP-LAPTOP-SYNC\cencomOS_gara_4.0_supa\gara_reconstruction_v5\node_modules\next\dist\server\next-server.js:272:17)
    at async DevServer.handleRequestImpl (E:\APP-LAPTOP-SYNC\cencomOS_gara_4.0_supa\gara_reconstruction_v5\node_modules\next\dist\server\base-server.js:818:17)
    at async E:\APP-LAPTOP-SYNC\cencomOS_gara_4.0_supa\gara_reconstruction_v5\node_modules\next\dist\server\dev\next-dev-server.js:339:20
    at async Span.traceAsyncFn (E:\APP-LAPTOP-SYNC\cencomOS_gara_4.0_supa\gara_reconstruction_v5\node_modules\next\dist\trace\trace.js:154:20)
    at async DevServer.handleRequest (E:\APP-LAPTOP-SYNC\cencomOS_gara_4.0_supa\gara_reconstruction_v5\node_modules\next\dist\server\dev\next-dev-server.js:336:24)
    at async invokeRender (E:\APP-LAPTOP-SYNC\cencomOS_gara_4.0_supa\gara_reconstruction_v5\node_modules\next\dist\server\lib\router-server.js:179:21)
    at async handleRequest (E:\APP-LAPTOP-SYNC\cencomOS_gara_4.0_supa\gara_reconstruction_v5\node_modules\next\dist\server\lib\router-server.js:359:24)
    at async requestHandlerImpl (E:\APP-LAPTOP-SYNC\cencomOS_gara_4.0_supa\gara_reconstruction_v5\node_modules\next\dist\server\lib\router-server.js:383:13)
    at async Server.requestListener (E:\APP-LAPTOP-SYNC\cencomOS_gara_4.0_supa\gara_reconstruction_v5\node_modules\next\dist\server\lib\start-server.js:141:13) userId=U-XUONG
[2026-08-31T21:27:40.475Z] ERROR module=rpc message="RPC handler failed" fn=scTuChoi error=Không thể từ chối khi phiếu đang da_hoan stack=Error: Không thể từ chối khi phiếu đang da_hoan
    at Module.scTuChoi (webpack-internal:///(rsc)/./lib/core/sc.ts:332:15)
    at process.processTicksAndRejections (node:internal/process/task_queues:104:5)
    at async dispatch (webpack-internal:///(rsc)/./lib/rpc.ts:399:12)
    at async POST (webpack-internal:///(rsc)/./app/api/rpc/route.ts:67:24)
    at async E:\APP-LAPTOP-SYNC\cencomOS_gara_4.0_supa\gara_reconstruction_v5\node_modules\next\dist\compiled\next-server\app-route.runtime.dev.js:6:57228
    at async eT.execute (E:\APP-LAPTOP-SYNC\cencomOS_gara_4.0_supa\gara_reconstruction_v5\node_modules\next\dist\compiled\next-server\app-route.runtime.dev.js:6:46851)
    at async eT.handle (E:\APP-LAPTOP-SYNC\cencomOS_gara_4.0_supa\gara_reconstruction_v5\node_modules\next\dist\compiled\next-server\app-route.runtime.dev.js:6:58760)
    at async doRender (E:\APP-LAPTOP-SYNC\cencomOS_gara_4.0_supa\gara_reconstruction_v5\node_modules\next\dist\server\base-server.js:1366:42)
    at async cacheEntry.responseCache.get.routeKind (E:\APP-LAPTOP-SYNC\cencomOS_gara_4.0_supa\gara_reconstruction_v5\node_modules\next\dist\server\base-server.js:1588:28)
    at async DevServer.renderToResponseWithComponentsImpl (E:\APP-LAPTOP-SYNC\cencomOS_gara_4.0_supa\gara_reconstruction_v5\node_modules\next\dist\server\base-server.js:1496:28)
    at async DevServer.renderPageComponent (E:\APP-LAPTOP-SYNC\cencomOS_gara_4.0_supa\gara_reconstruction_v5\node_modules\next\dist\server\base-server.js:1924:24)
    at async DevServer.renderToResponseImpl (E:\APP-LAPTOP-SYNC\cencomOS_gara_4.0_supa\gara_reconstruction_v5\node_modules\next\dist\server\base-server.js:1962:32)
    at async DevServer.pipeImpl (E:\APP-LAPTOP-SYNC\cencomOS_gara_4.0_supa\gara_reconstruction_v5\node_modules\next\dist\server\base-server.js:922:25)
    at async NextNodeServer.handleCatchallRenderRequest (E:\APP-LAPTOP-SYNC\cencomOS_gara_4.0_supa\gara_reconstruction_v5\node_modules\next\dist\server\next-server.js:272:17)
    at async DevServer.handleRequestImpl (E:\APP-LAPTOP-SYNC\cencomOS_gara_4.0_supa\gara_reconstruction_v5\node_modules\next\dist\server\base-server.js:818:17)
    at async E:\APP-LAPTOP-SYNC\cencomOS_gara_4.0_supa\gara_reconstruction_v5\node_modules\next\dist\server\dev\next-dev-server.js:339:20
    at async Span.traceAsyncFn (E:\APP-LAPTOP-SYNC\cencomOS_gara_4.0_supa\gara_reconstruction_v5\node_modules\next\dist\trace\trace.js:154:20)
    at async DevServer.handleRequest (E:\APP-LAPTOP-SYNC\cencomOS_gara_4.0_supa\gara_reconstruction_v5\node_modules\next\dist\server\dev\next-dev-server.js:336:24)
    at async invokeRender (E:\APP-LAPTOP-SYNC\cencomOS_gara_4.0_supa\gara_reconstruction_v5\node_modules\next\dist\server\lib\router-server.js:179:21)
    at async handleRequest (E:\APP-LAPTOP-SYNC\cencomOS_gara_4.0_supa\gara_reconstruction_v5\node_modules\next\dist\server\lib\router-server.js:359:24)
    at async requestHandlerImpl (E:\APP-LAPTOP-SYNC\cencomOS_gara_4.0_supa\gara_reconstruction_v5\node_modules\next\dist\server\lib\router-server.js:383:13)
    at async Server.requestListener (E:\APP-LAPTOP-SYNC\cencomOS_gara_4.0_supa\gara_reconstruction_v5\node_modules\next\dist\server\lib\start-server.js:141:13) userId=U-XUONG
[2026-08-31T21:27:40.613Z] ERROR module=rpc message="RPC handler failed" fn=phieuGet error=404: không tìm thấy phiếu stack=Error: 404: không tìm thấy phiếu
    at Module.phieuGet (webpack-internal:///(rsc)/./lib/core/kho.ts:565:15)
    at process.processTicksAndRejections (node:internal/process/task_queues:104:5)
    at async dispatch (webpack-internal:///(rsc)/./lib/rpc.ts:399:12)
    at async POST (webpack-internal:///(rsc)/./app/api/rpc/route.ts:67:24)
    at async E:\APP-LAPTOP-SYNC\cencomOS_gara_4.0_supa\gara_reconstruction_v5\node_modules\next\dist\compiled\next-server\app-route.runtime.dev.js:6:57228
    at async eT.execute (E:\APP-LAPTOP-SYNC\cencomOS_gara_4.0_supa\gara_reconstruction_v5\node_modules\next\dist\compiled\next-server\app-route.runtime.dev.js:6:46851)
    at async eT.handle (E:\APP-LAPTOP-SYNC\cencomOS_gara_4.0_supa\gara_reconstruction_v5\node_modules\next\dist\compiled\next-server\app-route.runtime.dev.js:6:58760)
    at async doRender (E:\APP-LAPTOP-SYNC\cencomOS_gara_4.0_supa\gara_reconstruction_v5\node_modules\next\dist\server\base-server.js:1366:42)
    at async cacheEntry.responseCache.get.routeKind (E:\APP-LAPTOP-SYNC\cencomOS_gara_4.0_supa\gara_reconstruction_v5\node_modules\next\dist\server\base-server.js:1588:28)
    at async DevServer.renderToResponseWithComponentsImpl (E:\APP-LAPTOP-SYNC\cencomOS_gara_4.0_supa\gara_reconstruction_v5\node_modules\next\dist\server\base-server.js:1496:28)
    at async DevServer.renderPageComponent (E:\APP-LAPTOP-SYNC\cencomOS_gara_4.0_supa\gara_reconstruction_v5\node_modules\next\dist\server\base-server.js:1924:24)
    at async DevServer.renderToResponseImpl (E:\APP-LAPTOP-SYNC\cencomOS_gara_4.0_supa\gara_reconstruction_v5\node_modules\next\dist\server\base-server.js:1962:32)
    at async DevServer.pipeImpl (E:\APP-LAPTOP-SYNC\cencomOS_gara_4.0_supa\gara_reconstruction_v5\node_modules\next\dist\server\base-server.js:922:25)
    at async NextNodeServer.handleCatchallRenderRequest (E:\APP-LAPTOP-SYNC\cencomOS_gara_4.0_supa\gara_reconstruction_v5\node_modules\next\dist\server\next-server.js:272:17)
    at async DevServer.handleRequestImpl (E:\APP-LAPTOP-SYNC\cencomOS_gara_4.0_supa\gara_reconstruction_v5\node_modules\next\dist\server\base-server.js:818:17)
    at async E:\APP-LAPTOP-SYNC\cencomOS_gara_4.0_supa\gara_reconstruction_v5\node_modules\next\dist\server\dev\next-dev-server.js:339:20
    at async Span.traceAsyncFn (E:\APP-LAPTOP-SYNC\cencomOS_gara_4.0_supa\gara_reconstruction_v5\node_modules\next\dist\trace\trace.js:154:20)
    at async DevServer.handleRequest (E:\APP-LAPTOP-SYNC\cencomOS_gara_4.0_supa\gara_reconstruction_v5\node_modules\next\dist\server\dev\next-dev-server.js:336:24)
    at async invokeRender (E:\APP-LAPTOP-SYNC\cencomOS_gara_4.0_supa\gara_reconstruction_v5\node_modules\next\dist\server\lib\router-server.js:179:21)
    at async handleRequest (E:\APP-LAPTOP-SYNC\cencomOS_gara_4.0_supa\gara_reconstruction_v5\node_modules\next\dist\server\lib\router-server.js:359:24)
    at async requestHandlerImpl (E:\APP-LAPTOP-SYNC\cencomOS_gara_4.0_supa\gara_reconstruction_v5\node_modules\next\dist\server\lib\router-server.js:383:13)
    at async Server.requestListener (E:\APP-LAPTOP-SYNC\cencomOS_gara_4.0_supa\gara_reconstruction_v5\node_modules\next\dist\server\lib\start-server.js:141:13) userId=U-XUONG
[2026-08-31T21:27:40.694Z] ERROR module=rpc message="RPC handler failed" fn=scGet error=Không tìm thấy phiếu sửa chữa stack=Error: Không tìm thấy phiếu sửa chữa
    at Module.scGet (webpack-internal:///(rsc)/./lib/core/sc.ts:124:19)
    at process.processTicksAndRejections (node:internal/process/task_queues:104:5)
    at async dispatch (webpack-internal:///(rsc)/./lib/rpc.ts:399:12)
    at async POST (webpack-internal:///(rsc)/./app/api/rpc/route.ts:67:24)
    at async E:\APP-LAPTOP-SYNC\cencomOS_gara_4.0_supa\gara_reconstruction_v5\node_modules\next\dist\compiled\next-server\app-route.runtime.dev.js:6:57228
    at async eT.execute (E:\APP-LAPTOP-SYNC\cencomOS_gara_4.0_supa\gara_reconstruction_v5\node_modules\next\dist\compiled\next-server\app-route.runtime.dev.js:6:46851)
    at async eT.handle (E:\APP-LAPTOP-SYNC\cencomOS_gara_4.0_supa\gara_reconstruction_v5\node_modules\next\dist\compiled\next-server\app-route.runtime.dev.js:6:58760)
    at async doRender (E:\APP-LAPTOP-SYNC\cencomOS_gara_4.0_supa\gara_reconstruction_v5\node_modules\next\dist\server\base-server.js:1366:42)
    at async cacheEntry.responseCache.get.routeKind (E:\APP-LAPTOP-SYNC\cencomOS_gara_4.0_supa\gara_reconstruction_v5\node_modules\next\dist\server\base-server.js:1588:28)
    at async DevServer.renderToResponseWithComponentsImpl (E:\APP-LAPTOP-SYNC\cencomOS_gara_4.0_supa\gara_reconstruction_v5\node_modules\next\dist\server\base-server.js:1496:28)
    at async DevServer.renderPageComponent (E:\APP-LAPTOP-SYNC\cencomOS_gara_4.0_supa\gara_reconstruction_v5\node_modules\next\dist\server\base-server.js:1924:24)
    at async DevServer.renderToResponseImpl (E:\APP-LAPTOP-SYNC\cencomOS_gara_4.0_supa\gara_reconstruction_v5\node_modules\next\dist\server\base-server.js:1962:32)
    at async DevServer.pipeImpl (E:\APP-LAPTOP-SYNC\cencomOS_gara_4.0_supa\gara_reconstruction_v5\node_modules\next\dist\server\base-server.js:922:25)
    at async NextNodeServer.handleCatchallRenderRequest (E:\APP-LAPTOP-SYNC\cencomOS_gara_4.0_supa\gara_reconstruction_v5\node_modules\next\dist\server\next-server.js:272:17)
    at async DevServer.handleRequestImpl (E:\APP-LAPTOP-SYNC\cencomOS_gara_4.0_supa\gara_reconstruction_v5\node_modules\next\dist\server\base-server.js:818:17)
    at async E:\APP-LAPTOP-SYNC\cencomOS_gara_4.0_supa\gara_reconstruction_v5\node_modules\next\dist\server\dev\next-dev-server.js:339:20
    at async Span.traceAsyncFn (E:\APP-LAPTOP-SYNC\cencomOS_gara_4.0_supa\gara_reconstruction_v5\node_modules\next\dist\trace\trace.js:154:20)
    at async DevServer.handleRequest (E:\APP-LAPTOP-SYNC\cencomOS_gara_4.0_supa\gara_reconstruction_v5\node_modules\next\dist\server\dev\next-dev-server.js:336:24)
    at async invokeRender (E:\APP-LAPTOP-SYNC\cencomOS_gara_4.0_supa\gara_reconstruction_v5\node_modules\next\dist\server\lib\router-server.js:179:21)
    at async handleRequest (E:\APP-LAPTOP-SYNC\cencomOS_gara_4.0_supa\gara_reconstruction_v5\node_modules\next\dist\server\lib\router-server.js:359:24)
    at async requestHandlerImpl (E:\APP-LAPTOP-SYNC\cencomOS_gara_4.0_supa\gara_reconstruction_v5\node_modules\next\dist\server\lib\router-server.js:383:13)
    at async Server.requestListener (E:\APP-LAPTOP-SYNC\cencomOS_gara_4.0_supa\gara_reconstruction_v5\node_modules\next\dist\server\lib\start-server.js:141:13) userId=U-KETOAN
[2026-08-31T21:27:40.733Z] ERROR module=rpc message="RPC handler failed" fn=scQuyetToan error=Không thể quyết toán — thiếu hồ sơ: Phiếu nhập kho vật tư mới, Phiếu xuất kho cho SC stack=Error: Không thể quyết toán — thiếu hồ sơ: Phiếu nhập kho vật tư mới, Phiếu xuất kho cho SC
    at Module.scQuyetToan (webpack-internal:///(rsc)/./lib/core/sc.ts:388:15)
    at process.processTicksAndRejections (node:internal/process/task_queues:104:5)
    at async dispatch (webpack-internal:///(rsc)/./lib/rpc.ts:399:12)
    at async POST (webpack-internal:///(rsc)/./app/api/rpc/route.ts:67:24)
    at async E:\APP-LAPTOP-SYNC\cencomOS_gara_4.0_supa\gara_reconstruction_v5\node_modules\next\dist\compiled\next-server\app-route.runtime.dev.js:6:57228
    at async eT.execute (E:\APP-LAPTOP-SYNC\cencomOS_gara_4.0_supa\gara_reconstruction_v5\node_modules\next\dist\compiled\next-server\app-route.runtime.dev.js:6:46851)
    at async eT.handle (E:\APP-LAPTOP-SYNC\cencomOS_gara_4.0_supa\gara_reconstruction_v5\node_modules\next\dist\compiled\next-server\app-route.runtime.dev.js:6:58760)
    at async doRender (E:\APP-LAPTOP-SYNC\cencomOS_gara_4.0_supa\gara_reconstruction_v5\node_modules\next\dist\server\base-server.js:1366:42)
    at async cacheEntry.responseCache.get.routeKind (E:\APP-LAPTOP-SYNC\cencomOS_gara_4.0_supa\gara_reconstruction_v5\node_modules\next\dist\server\base-server.js:1588:28)
    at async DevServer.renderToResponseWithComponentsImpl (E:\APP-LAPTOP-SYNC\cencomOS_gara_4.0_supa\gara_reconstruction_v5\node_modules\next\dist\server\base-server.js:1496:28)
    at async DevServer.renderPageComponent (E:\APP-LAPTOP-SYNC\cencomOS_gara_4.0_supa\gara_reconstruction_v5\node_modules\next\dist\server\base-server.js:1924:24)
    at async DevServer.renderToResponseImpl (E:\APP-LAPTOP-SYNC\cencomOS_gara_4.0_supa\gara_reconstruction_v5\node_modules\next\dist\server\base-server.js:1962:32)
    at async DevServer.pipeImpl (E:\APP-LAPTOP-SYNC\cencomOS_gara_4.0_supa\gara_reconstruction_v5\node_modules\next\dist\server\base-server.js:922:25)
    at async NextNodeServer.handleCatchallRenderRequest (E:\APP-LAPTOP-SYNC\cencomOS_gara_4.0_supa\gara_reconstruction_v5\node_modules\next\dist\server\next-server.js:272:17)
    at async DevServer.handleRequestImpl (E:\APP-LAPTOP-SYNC\cencomOS_gara_4.0_supa\gara_reconstruction_v5\node_modules\next\dist\server\base-server.js:818:17)
    at async E:\APP-LAPTOP-SYNC\cencomOS_gara_4.0_supa\gara_reconstruction_v5\node_modules\next\dist\server\dev\next-dev-server.js:339:20
    at async Span.traceAsyncFn (E:\APP-LAPTOP-SYNC\cencomOS_gara_4.0_supa\gara_reconstruction_v5\node_modules\next\dist\trace\trace.js:154:20)
    at async DevServer.handleRequest (E:\APP-LAPTOP-SYNC\cencomOS_gara_4.0_supa\gara_reconstruction_v5\node_modules\next\dist\server\dev\next-dev-server.js:336:24)
    at async invokeRender (E:\APP-LAPTOP-SYNC\cencomOS_gara_4.0_supa\gara_reconstruction_v5\node_modules\next\dist\server\lib\router-server.js:179:21)
    at async handleRequest (E:\APP-LAPTOP-SYNC\cencomOS_gara_4.0_supa\gara_reconstruction_v5\node_modules\next\dist\server\lib\router-server.js:359:24)
    at async requestHandlerImpl (E:\APP-LAPTOP-SYNC\cencomOS_gara_4.0_supa\gara_reconstruction_v5\node_modules\next\dist\server\lib\router-server.js:383:13)
    at async Server.requestListener (E:\APP-LAPTOP-SYNC\cencomOS_gara_4.0_supa\gara_reconstruction_v5\node_modules\next\dist\server\lib\start-server.js:141:13) userId=U-KETOAN
[2026-08-31T21:27:40.887Z] ERROR module=rpc message="RPC handler failed" fn=phieuGet error=404: không tìm thấy phiếu stack=Error: 404: không tìm thấy phiếu
    at Module.phieuGet (webpack-internal:///(rsc)/./lib/core/kho.ts:565:15)
    at process.processTicksAndRejections (node:internal/process/task_queues:104:5)
    at async dispatch (webpack-internal:///(rsc)/./lib/rpc.ts:399:12)
    at async POST (webpack-internal:///(rsc)/./app/api/rpc/route.ts:67:24)
    at async E:\APP-LAPTOP-SYNC\cencomOS_gara_4.0_supa\gara_reconstruction_v5\node_modules\next\dist\compiled\next-server\app-route.runtime.dev.js:6:57228
    at async eT.execute (E:\APP-LAPTOP-SYNC\cencomOS_gara_4.0_supa\gara_reconstruction_v5\node_modules\next\dist\compiled\next-server\app-route.runtime.dev.js:6:46851)
    at async eT.handle (E:\APP-LAPTOP-SYNC\cencomOS_gara_4.0_supa\gara_reconstruction_v5\node_modules\next\dist\compiled\next-server\app-route.runtime.dev.js:6:58760)
    at async doRender (E:\APP-LAPTOP-SYNC\cencomOS_gara_4.0_supa\gara_reconstruction_v5\node_modules\next\dist\server\base-server.js:1366:42)
    at async cacheEntry.responseCache.get.routeKind (E:\APP-LAPTOP-SYNC\cencomOS_gara_4.0_supa\gara_reconstruction_v5\node_modules\next\dist\server\base-server.js:1588:28)
    at async DevServer.renderToResponseWithComponentsImpl (E:\APP-LAPTOP-SYNC\cencomOS_gara_4.0_supa\gara_reconstruction_v5\node_modules\next\dist\server\base-server.js:1496:28)
    at async DevServer.renderPageComponent (E:\APP-LAPTOP-SYNC\cencomOS_gara_4.0_supa\gara_reconstruction_v5\node_modules\next\dist\server\base-server.js:1924:24)
    at async DevServer.renderToResponseImpl (E:\APP-LAPTOP-SYNC\cencomOS_gara_4.0_supa\gara_reconstruction_v5\node_modules\next\dist\server\base-server.js:1962:32)
    at async DevServer.pipeImpl (E:\APP-LAPTOP-SYNC\cencomOS_gara_4.0_supa\gara_reconstruction_v5\node_modules\next\dist\server\base-server.js:922:25)
    at async NextNodeServer.handleCatchallRenderRequest (E:\APP-LAPTOP-SYNC\cencomOS_gara_4.0_supa\gara_reconstruction_v5\node_modules\next\dist\server\next-server.js:272:17)
    at async DevServer.handleRequestImpl (E:\APP-LAPTOP-SYNC\cencomOS_gara_4.0_supa\gara_reconstruction_v5\node_modules\next\dist\server\base-server.js:818:17)
    at async E:\APP-LAPTOP-SYNC\cencomOS_gara_4.0_supa\gara_reconstruction_v5\node_modules\next\dist\server\dev\next-dev-server.js:339:20
    at async Span.traceAsyncFn (E:\APP-LAPTOP-SYNC\cencomOS_gara_4.0_supa\gara_reconstruction_v5\node_modules\next\dist\trace\trace.js:154:20)
    at async DevServer.handleRequest (E:\APP-LAPTOP-SYNC\cencomOS_gara_4.0_supa\gara_reconstruction_v5\node_modules\next\dist\server\dev\next-dev-server.js:336:24)
    at async invokeRender (E:\APP-LAPTOP-SYNC\cencomOS_gara_4.0_supa\gara_reconstruction_v5\node_modules\next\dist\server\lib\router-server.js:179:21)
    at async handleRequest (E:\APP-LAPTOP-SYNC\cencomOS_gara_4.0_supa\gara_reconstruction_v5\node_modules\next\dist\server\lib\router-server.js:359:24)
    at async requestHandlerImpl (E:\APP-LAPTOP-SYNC\cencomOS_gara_4.0_supa\gara_reconstruction_v5\node_modules\next\dist\server\lib\router-server.js:383:13)
    at async Server.requestListener (E:\APP-LAPTOP-SYNC\cencomOS_gara_4.0_supa\gara_reconstruction_v5\node_modules\next\dist\server\lib\start-server.js:141:13) userId=U-KETOAN
[2026-08-31T21:27:40.970Z] ERROR module=rpc message="RPC handler failed" fn=scGet error=Không tìm thấy phiếu sửa chữa stack=Error: Không tìm thấy phiếu sửa chữa
    at Module.scGet (webpack-internal:///(rsc)/./lib/core/sc.ts:124:19)
    at process.processTicksAndRejections (node:internal/process/task_queues:104:5)
    at async dispatch (webpack-internal:///(rsc)/./lib/rpc.ts:399:12)
    at async POST (webpack-internal:///(rsc)/./app/api/rpc/route.ts:67:24)
    at async E:\APP-LAPTOP-SYNC\cencomOS_gara_4.0_supa\gara_reconstruction_v5\node_modules\next\dist\compiled\next-server\app-route.runtime.dev.js:6:57228
    at async eT.execute (E:\APP-LAPTOP-SYNC\cencomOS_gara_4.0_supa\gara_reconstruction_v5\node_modules\next\dist\compiled\next-server\app-route.runtime.dev.js:6:46851)
    at async eT.handle (E:\APP-LAPTOP-SYNC\cencomOS_gara_4.0_supa\gara_reconstruction_v5\node_modules\next\dist\compiled\next-server\app-route.runtime.dev.js:6:58760)
    at async doRender (E:\APP-LAPTOP-SYNC\cencomOS_gara_4.0_supa\gara_reconstruction_v5\node_modules\next\dist\server\base-server.js:1366:42)
    at async cacheEntry.responseCache.get.routeKind (E:\APP-LAPTOP-SYNC\cencomOS_gara_4.0_supa\gara_reconstruction_v5\node_modules\next\dist\server\base-server.js:1588:28)
    at async DevServer.renderToResponseWithComponentsImpl (E:\APP-LAPTOP-SYNC\cencomOS_gara_4.0_supa\gara_reconstruction_v5\node_modules\next\dist\server\base-server.js:1496:28)
    at async DevServer.renderPageComponent (E:\APP-LAPTOP-SYNC\cencomOS_gara_4.0_supa\gara_reconstruction_v5\node_modules\next\dist\server\base-server.js:1924:24)
    at async DevServer.renderToResponseImpl (E:\APP-LAPTOP-SYNC\cencomOS_gara_4.0_supa\gara_reconstruction_v5\node_modules\next\dist\server\base-server.js:1962:32)
    at async DevServer.pipeImpl (E:\APP-LAPTOP-SYNC\cencomOS_gara_4.0_supa\gara_reconstruction_v5\node_modules\next\dist\server\base-server.js:922:25)
    at async NextNodeServer.handleCatchallRenderRequest (E:\APP-LAPTOP-SYNC\cencomOS_gara_4.0_supa\gara_reconstruction_v5\node_modules\next\dist\server\next-server.js:272:17)
    at async DevServer.handleRequestImpl (E:\APP-LAPTOP-SYNC\cencomOS_gara_4.0_supa\gara_reconstruction_v5\node_modules\next\dist\server\base-server.js:818:17)
    at async E:\APP-LAPTOP-SYNC\cencomOS_gara_4.0_supa\gara_reconstruction_v5\node_modules\next\dist\server\dev\next-dev-server.js:339:20
    at async Span.traceAsyncFn (E:\APP-LAPTOP-SYNC\cencomOS_gara_4.0_supa\gara_reconstruction_v5\node_modules\next\dist\trace\trace.js:154:20)
    at async DevServer.handleRequest (E:\APP-LAPTOP-SYNC\cencomOS_gara_4.0_supa\gara_reconstruction_v5\node_modules\next\dist\server\dev\next-dev-server.js:336:24)
    at async invokeRender (E:\APP-LAPTOP-SYNC\cencomOS_gara_4.0_supa\gara_reconstruction_v5\node_modules\next\dist\server\lib\router-server.js:179:21)
    at async handleRequest (E:\APP-LAPTOP-SYNC\cencomOS_gara_4.0_supa\gara_reconstruction_v5\node_modules\next\dist\server\lib\router-server.js:359:24)
    at async requestHandlerImpl (E:\APP-LAPTOP-SYNC\cencomOS_gara_4.0_supa\gara_reconstruction_v5\node_modules\next\dist\server\lib\router-server.js:383:13)
    at async Server.requestListener (E:\APP-LAPTOP-SYNC\cencomOS_gara_4.0_supa\gara_reconstruction_v5\node_modules\next\dist\server\lib\start-server.js:141:13) userId=U-KHO
[2026-08-31T21:27:41.150Z] ERROR module=rpc message="RPC handler failed" fn=phieuGet error=404: không tìm thấy phiếu stack=Error: 404: không tìm thấy phiếu
    at Module.phieuGet (webpack-internal:///(rsc)/./lib/core/kho.ts:565:15)
    at process.processTicksAndRejections (node:internal/process/task_queues:104:5)
    at async dispatch (webpack-internal:///(rsc)/./lib/rpc.ts:399:12)
    at async POST (webpack-internal:///(rsc)/./app/api/rpc/route.ts:67:24)
    at async E:\APP-LAPTOP-SYNC\cencomOS_gara_4.0_supa\gara_reconstruction_v5\node_modules\next\dist\compiled\next-server\app-route.runtime.dev.js:6:57228
    at async eT.execute (E:\APP-LAPTOP-SYNC\cencomOS_gara_4.0_supa\gara_reconstruction_v5\node_modules\next\dist\compiled\next-server\app-route.runtime.dev.js:6:46851)
    at async eT.handle (E:\APP-LAPTOP-SYNC\cencomOS_gara_4.0_supa\gara_reconstruction_v5\node_modules\next\dist\compiled\next-server\app-route.runtime.dev.js:6:58760)
    at async doRender (E:\APP-LAPTOP-SYNC\cencomOS_gara_4.0_supa\gara_reconstruction_v5\node_modules\next\dist\server\base-server.js:1366:42)
    at async cacheEntry.responseCache.get.routeKind (E:\APP-LAPTOP-SYNC\cencomOS_gara_4.0_supa\gara_reconstruction_v5\node_modules\next\dist\server\base-server.js:1588:28)
    at async DevServer.renderToResponseWithComponentsImpl (E:\APP-LAPTOP-SYNC\cencomOS_gara_4.0_supa\gara_reconstruction_v5\node_modules\next\dist\server\base-server.js:1496:28)
    at async DevServer.renderPageComponent (E:\APP-LAPTOP-SYNC\cencomOS_gara_4.0_supa\gara_reconstruction_v5\node_modules\next\dist\server\base-server.js:1924:24)
    at async DevServer.renderToResponseImpl (E:\APP-LAPTOP-SYNC\cencomOS_gara_4.0_supa\gara_reconstruction_v5\node_modules\next\dist\server\base-server.js:1962:32)
    at async DevServer.pipeImpl (E:\APP-LAPTOP-SYNC\cencomOS_gara_4.0_supa\gara_reconstruction_v5\node_modules\next\dist\server\base-server.js:922:25)
    at async NextNodeServer.handleCatchallRenderRequest (E:\APP-LAPTOP-SYNC\cencomOS_gara_4.0_supa\gara_reconstruction_v5\node_modules\next\dist\server\next-server.js:272:17)
    at async DevServer.handleRequestImpl (E:\APP-LAPTOP-SYNC\cencomOS_gara_4.0_supa\gara_reconstruction_v5\node_modules\next\dist\server\base-server.js:818:17)
    at async E:\APP-LAPTOP-SYNC\cencomOS_gara_4.0_supa\gara_reconstruction_v5\node_modules\next\dist\server\dev\next-dev-server.js:339:20
    at async Span.traceAsyncFn (E:\APP-LAPTOP-SYNC\cencomOS_gara_4.0_supa\gara_reconstruction_v5\node_modules\next\dist\trace\trace.js:154:20)
    at async DevServer.handleRequest (E:\APP-LAPTOP-SYNC\cencomOS_gara_4.0_supa\gara_reconstruction_v5\node_modules\next\dist\server\dev\next-dev-server.js:336:24)
    at async invokeRender (E:\APP-LAPTOP-SYNC\cencomOS_gara_4.0_supa\gara_reconstruction_v5\node_modules\next\dist\server\lib\router-server.js:179:21)
    at async handleRequest (E:\APP-LAPTOP-SYNC\cencomOS_gara_4.0_supa\gara_reconstruction_v5\node_modules\next\dist\server\lib\router-server.js:359:24)
    at async requestHandlerImpl (E:\APP-LAPTOP-SYNC\cencomOS_gara_4.0_supa\gara_reconstruction_v5\node_modules\next\dist\server\lib\router-server.js:383:13)
    at async Server.requestListener (E:\APP-LAPTOP-SYNC\cencomOS_gara_4.0_supa\gara_reconstruction_v5\node_modules\next\dist\server\lib\start-server.js:141:13) userId=U-KHO
[2026-08-31T21:29:36.624Z] ERROR module=rpc message="RPC handler failed" fn=phieuGet error=404: không tìm thấy phiếu stack=Error: 404: không tìm thấy phiếu
    at Module.phieuGet (webpack-internal:///(rsc)/./lib/core/kho.ts:565:15)
    at process.processTicksAndRejections (node:internal/process/task_queues:104:5)
    at async dispatch (webpack-internal:///(rsc)/./lib/rpc.ts:399:12)
    at async POST (webpack-internal:///(rsc)/./app/api/rpc/route.ts:67:24)
    at async E:\APP-LAPTOP-SYNC\cencomOS_gara_4.0_supa\gara_reconstruction_v5\node_modules\next\dist\compiled\next-server\app-route.runtime.dev.js:6:57228
    at async eT.execute (E:\APP-LAPTOP-SYNC\cencomOS_gara_4.0_supa\gara_reconstruction_v5\node_modules\next\dist\compiled\next-server\app-route.runtime.dev.js:6:46851)
    at async eT.handle (E:\APP-LAPTOP-SYNC\cencomOS_gara_4.0_supa\gara_reconstruction_v5\node_modules\next\dist\compiled\next-server\app-route.runtime.dev.js:6:58760)
    at async doRender (E:\APP-LAPTOP-SYNC\cencomOS_gara_4.0_supa\gara_reconstruction_v5\node_modules\next\dist\server\base-server.js:1366:42)
    at async cacheEntry.responseCache.get.routeKind (E:\APP-LAPTOP-SYNC\cencomOS_gara_4.0_supa\gara_reconstruction_v5\node_modules\next\dist\server\base-server.js:1588:28)
    at async DevServer.renderToResponseWithComponentsImpl (E:\APP-LAPTOP-SYNC\cencomOS_gara_4.0_supa\gara_reconstruction_v5\node_modules\next\dist\server\base-server.js:1496:28)
    at async DevServer.renderPageComponent (E:\APP-LAPTOP-SYNC\cencomOS_gara_4.0_supa\gara_reconstruction_v5\node_modules\next\dist\server\base-server.js:1924:24)
    at async DevServer.renderToResponseImpl (E:\APP-LAPTOP-SYNC\cencomOS_gara_4.0_supa\gara_reconstruction_v5\node_modules\next\dist\server\base-server.js:1962:32)
    at async DevServer.pipeImpl (E:\APP-LAPTOP-SYNC\cencomOS_gara_4.0_supa\gara_reconstruction_v5\node_modules\next\dist\server\base-server.js:922:25)
    at async NextNodeServer.handleCatchallRenderRequest (E:\APP-LAPTOP-SYNC\cencomOS_gara_4.0_supa\gara_reconstruction_v5\node_modules\next\dist\server\next-server.js:272:17)
    at async DevServer.handleRequestImpl (E:\APP-LAPTOP-SYNC\cencomOS_gara_4.0_supa\gara_reconstruction_v5\node_modules\next\dist\server\base-server.js:818:17)
    at async E:\APP-LAPTOP-SYNC\cencomOS_gara_4.0_supa\gara_reconstruction_v5\node_modules\next\dist\server\dev\next-dev-server.js:339:20
    at async Span.traceAsyncFn (E:\APP-LAPTOP-SYNC\cencomOS_gara_4.0_supa\gara_reconstruction_v5\node_modules\next\dist\trace\trace.js:154:20)
    at async DevServer.handleRequest (E:\APP-LAPTOP-SYNC\cencomOS_gara_4.0_supa\gara_reconstruction_v5\node_modules\next\dist\server\dev\next-dev-server.js:336:24)
    at async invokeRender (E:\APP-LAPTOP-SYNC\cencomOS_gara_4.0_supa\gara_reconstruction_v5\node_modules\next\dist\server\lib\router-server.js:179:21)
    at async handleRequest (E:\APP-LAPTOP-SYNC\cencomOS_gara_4.0_supa\gara_reconstruction_v5\node_modules\next\dist\server\lib\router-server.js:359:24)
    at async requestHandlerImpl (E:\APP-LAPTOP-SYNC\cencomOS_gara_4.0_supa\gara_reconstruction_v5\node_modules\next\dist\server\lib\router-server.js:383:13)
    at async Server.requestListener (E:\APP-LAPTOP-SYNC\cencomOS_gara_4.0_supa\gara_reconstruction_v5\node_modules\next\dist\server\lib\start-server.js:141:13) userId=U-ADMIN
<w> [webpack.cache.PackFileCacheStrategy] Caching failed for pack: Error: ENOENT: no such file or directory, lstat 'E:\APP-LAPTOP-SYNC\cencomOS_gara_4.0_supa\gara_reconstruction_v5\.next\server\app\api\auth'
<w> [webpack.cache.PackFileCacheStrategy/webpack.FileSystemInfo] Resolving '../../../../.next/server/app/api/auth/route' in E:\APP-LAPTOP-SYNC\cencomOS_gara_4.0_supa\gara_reconstruction_v5\node_modules\next\dist\server for build dependencies doesn't lead to expected result 'E:\APP-LAPTOP-SYNC\cencomOS_gara_4.0_supa\gara_reconstruction_v5\.next\server\app\api\auth\route.js', but to 'Error: Can't resolve '../../../../.next/server/app/api/auth/route' in 'E:\APP-LAPTOP-SYNC\cencomOS_gara_4.0_supa\gara_reconstruction_v5\node_modules\next\dist\server'' instead. Resolving dependencies are ignored for this path.
<w>  at resolve commonjs file ../../../../.next/server/app/api/auth/route (expected E:\APP-LAPTOP-SYNC\cencomOS_gara_4.0_supa\gara_reconstruction_v5\.next\server\app\api\auth\route.js)
<w>  at file dependencies E:\APP-LAPTOP-SYNC\cencomOS_gara_4.0_supa\gara_reconstruction_v5\node_modules\next\dist\server\require.js
<w>  at file E:\APP-LAPTOP-SYNC\cencomOS_gara_4.0_supa\gara_reconstruction_v5\node_modules\next\dist\server\require.js
<w>  at file dependencies E:\APP-LAPTOP-SYNC\cencomOS_gara_4.0_supa\gara_reconstruction_v5\node_modules\next\dist\server\load-components.js
<w>  at file E:\APP-LAPTOP-SYNC\cencomOS_gara_4.0_supa\gara_reconstruction_v5\node_modules\next\dist\server\load-components.js
<w>  at file dependencies E:\APP-LAPTOP-SYNC\cencomOS_gara_4.0_supa\gara_reconstruction_v5\node_modules\next\dist\build\utils.js
<w>  at file E:\APP-LAPTOP-SYNC\cencomOS_gara_4.0_supa\gara_reconstruction_v5\node_modules\next\dist\build\utils.js
<w>  at file dependencies E:\APP-LAPTOP-SYNC\cencomOS_gara_4.0_supa\gara_reconstruction_v5\node_modules\next\dist\build\webpack\plugins\flight-client-entry-plugin.js
<w>  at file E:\APP-LAPTOP-SYNC\cencomOS_gara_4.0_supa\gara_reconstruction_v5\node_modules\next\dist\build\webpack\plugins\flight-client-entry-plugin.js
<w>  at file dependencies E:\APP-LAPTOP-SYNC\cencomOS_gara_4.0_supa\gara_reconstruction_v5\node_modules\next\dist\build\webpack-config.js
<w>  at file E:\APP-LAPTOP-SYNC\cencomOS_gara_4.0_supa\gara_reconstruction_v5\node_modules\next\dist\build\webpack-config.js
<w>  at file dependencies E:\APP-LAPTOP-SYNC\cencomOS_gara_4.0_supa\gara_reconstruction_v5\node_modules\next\dist\build\webpack\loaders\next-swc-loader.js
<w>  at file E:\APP-LAPTOP-SYNC\cencomOS_gara_4.0_supa\gara_reconstruction_v5\node_modules\next\dist\build\webpack\loaders\next-swc-loader.js
<w>  at resolve commonjs E:\APP-LAPTOP-SYNC\cencomOS_gara_4.0_supa\gara_reconstruction_v5\node_modules\next\dist\build\webpack\loaders\next-swc-loader.js
[2026-08-31T21:29:36.753Z] ERROR module=rpc message="RPC handler failed" fn=scGet error=Không tìm thấy phiếu sửa chữa stack=Error: Không tìm thấy phiếu sửa chữa
    at Module.scGet (webpack-internal:///(rsc)/./lib/core/sc.ts:124:19)
    at process.processTicksAndRejections (node:internal/process/task_queues:104:5)
    at async dispatch (webpack-internal:///(rsc)/./lib/rpc.ts:399:12)
    at async POST (webpack-internal:///(rsc)/./app/api/rpc/route.ts:67:24)
    at async E:\APP-LAPTOP-SYNC\cencomOS_gara_4.0_supa\gara_reconstruction_v5\node_modules\next\dist\compiled\next-server\app-route.runtime.dev.js:6:57228
    at async eT.execute (E:\APP-LAPTOP-SYNC\cencomOS_gara_4.0_supa\gara_reconstruction_v5\node_modules\next\dist\compiled\next-server\app-route.runtime.dev.js:6:46851)
    at async eT.handle (E:\APP-LAPTOP-SYNC\cencomOS_gara_4.0_supa\gara_reconstruction_v5\node_modules\next\dist\compiled\next-server\app-route.runtime.dev.js:6:58760)
    at async doRender (E:\APP-LAPTOP-SYNC\cencomOS_gara_4.0_supa\gara_reconstruction_v5\node_modules\next\dist\server\base-server.js:1366:42)
    at async cacheEntry.responseCache.get.routeKind (E:\APP-LAPTOP-SYNC\cencomOS_gara_4.0_supa\gara_reconstruction_v5\node_modules\next\dist\server\base-server.js:1588:28)
    at async DevServer.renderToResponseWithComponentsImpl (E:\APP-LAPTOP-SYNC\cencomOS_gara_4.0_supa\gara_reconstruction_v5\node_modules\next\dist\server\base-server.js:1496:28)
    at async DevServer.renderPageComponent (E:\APP-LAPTOP-SYNC\cencomOS_gara_4.0_supa\gara_reconstruction_v5\node_modules\next\dist\server\base-server.js:1924:24)
    at async DevServer.renderToResponseImpl (E:\APP-LAPTOP-SYNC\cencomOS_gara_4.0_supa\gara_reconstruction_v5\node_modules\next\dist\server\base-server.js:1962:32)
    at async DevServer.pipeImpl (E:\APP-LAPTOP-SYNC\cencomOS_gara_4.0_supa\gara_reconstruction_v5\node_modules\next\dist\server\base-server.js:922:25)
    at async NextNodeServer.handleCatchallRenderRequest (E:\APP-LAPTOP-SYNC\cencomOS_gara_4.0_supa\gara_reconstruction_v5\node_modules\next\dist\server\next-server.js:272:17)
    at async DevServer.handleRequestImpl (E:\APP-LAPTOP-SYNC\cencomOS_gara_4.0_supa\gara_reconstruction_v5\node_modules\next\dist\server\base-server.js:818:17)
    at async E:\APP-LAPTOP-SYNC\cencomOS_gara_4.0_supa\gara_reconstruction_v5\node_modules\next\dist\server\dev\next-dev-server.js:339:20
    at async Span.traceAsyncFn (E:\APP-LAPTOP-SYNC\cencomOS_gara_4.0_supa\gara_reconstruction_v5\node_modules\next\dist\trace\trace.js:154:20)
    at async DevServer.handleRequest (E:\APP-LAPTOP-SYNC\cencomOS_gara_4.0_supa\gara_reconstruction_v5\node_modules\next\dist\server\dev\next-dev-server.js:336:24)
    at async invokeRender (E:\APP-LAPTOP-SYNC\cencomOS_gara_4.0_supa\gara_reconstruction_v5\node_modules\next\dist\server\lib\router-server.js:179:21)
    at async handleRequest (E:\APP-LAPTOP-SYNC\cencomOS_gara_4.0_supa\gara_reconstruction_v5\node_modules\next\dist\server\lib\router-server.js:359:24)
    at async requestHandlerImpl (E:\APP-LAPTOP-SYNC\cencomOS_gara_4.0_supa\gara_reconstruction_v5\node_modules\next\dist\server\lib\router-server.js:383:13)
    at async Server.requestListener (E:\APP-LAPTOP-SYNC\cencomOS_gara_4.0_supa\gara_reconstruction_v5\node_modules\next\dist\server\lib\start-server.js:141:13) userId=U-GIAMDOC
[2026-08-31T21:29:36.928Z] ERROR module=rpc message="RPC handler failed" fn=phieuGet error=404: không tìm thấy phiếu stack=Error: 404: không tìm thấy phiếu
    at Module.phieuGet (webpack-internal:///(rsc)/./lib/core/kho.ts:565:15)
    at process.processTicksAndRejections (node:internal/process/task_queues:104:5)
    at async dispatch (webpack-internal:///(rsc)/./lib/rpc.ts:399:12)
    at async POST (webpack-internal:///(rsc)/./app/api/rpc/route.ts:67:24)
    at async E:\APP-LAPTOP-SYNC\cencomOS_gara_4.0_supa\gara_reconstruction_v5\node_modules\next\dist\compiled\next-server\app-route.runtime.dev.js:6:57228
    at async eT.execute (E:\APP-LAPTOP-SYNC\cencomOS_gara_4.0_supa\gara_reconstruction_v5\node_modules\next\dist\compiled\next-server\app-route.runtime.dev.js:6:46851)
    at async eT.handle (E:\APP-LAPTOP-SYNC\cencomOS_gara_4.0_supa\gara_reconstruction_v5\node_modules\next\dist\compiled\next-server\app-route.runtime.dev.js:6:58760)
    at async doRender (E:\APP-LAPTOP-SYNC\cencomOS_gara_4.0_supa\gara_reconstruction_v5\node_modules\next\dist\server\base-server.js:1366:42)
    at async cacheEntry.responseCache.get.routeKind (E:\APP-LAPTOP-SYNC\cencomOS_gara_4.0_supa\gara_reconstruction_v5\node_modules\next\dist\server\base-server.js:1588:28)
    at async DevServer.renderToResponseWithComponentsImpl (E:\APP-LAPTOP-SYNC\cencomOS_gara_4.0_supa\gara_reconstruction_v5\node_modules\next\dist\server\base-server.js:1496:28)
    at async DevServer.renderPageComponent (E:\APP-LAPTOP-SYNC\cencomOS_gara_4.0_supa\gara_reconstruction_v5\node_modules\next\dist\server\base-server.js:1924:24)
    at async DevServer.renderToResponseImpl (E:\APP-LAPTOP-SYNC\cencomOS_gara_4.0_supa\gara_reconstruction_v5\node_modules\next\dist\server\base-server.js:1962:32)
    at async DevServer.pipeImpl (E:\APP-LAPTOP-SYNC\cencomOS_gara_4.0_supa\gara_reconstruction_v5\node_modules\next\dist\server\base-server.js:922:25)
    at async NextNodeServer.handleCatchallRenderRequest (E:\APP-LAPTOP-SYNC\cencomOS_gara_4.0_supa\gara_reconstruction_v5\node_modules\next\dist\server\next-server.js:272:17)
    at async DevServer.handleRequestImpl (E:\APP-LAPTOP-SYNC\cencomOS_gara_4.0_supa\gara_reconstruction_v5\node_modules\next\dist\server\base-server.js:818:17)
    at async E:\APP-LAPTOP-SYNC\cencomOS_gara_4.0_supa\gara_reconstruction_v5\node_modules\next\dist\server\dev\next-dev-server.js:339:20
    at async Span.traceAsyncFn (E:\APP-LAPTOP-SYNC\cencomOS_gara_4.0_supa\gara_reconstruction_v5\node_modules\next\dist\trace\trace.js:154:20)
    at async DevServer.handleRequest (E:\APP-LAPTOP-SYNC\cencomOS_gara_4.0_supa\gara_reconstruction_v5\node_modules\next\dist\server\dev\next-dev-server.js:336:24)
    at async invokeRender (E:\APP-LAPTOP-SYNC\cencomOS_gara_4.0_supa\gara_reconstruction_v5\node_modules\next\dist\server\lib\router-server.js:179:21)
    at async handleRequest (E:\APP-LAPTOP-SYNC\cencomOS_gara_4.0_supa\gara_reconstruction_v5\node_modules\next\dist\server\lib\router-server.js:359:24)
    at async requestHandlerImpl (E:\APP-LAPTOP-SYNC\cencomOS_gara_4.0_supa\gara_reconstruction_v5\node_modules\next\dist\server\lib\router-server.js:383:13)
    at async Server.requestListener (E:\APP-LAPTOP-SYNC\cencomOS_gara_4.0_supa\gara_reconstruction_v5\node_modules\next\dist\server\lib\start-server.js:141:13) userId=U-GIAMDOC
[2026-08-31T21:29:37.011Z] ERROR module=rpc message="RPC handler failed" fn=scGet error=Không tìm thấy phiếu sửa chữa stack=Error: Không tìm thấy phiếu sửa chữa
    at Module.scGet (webpack-internal:///(rsc)/./lib/core/sc.ts:124:19)
    at process.processTicksAndRejections (node:internal/process/task_queues:104:5)
    at async dispatch (webpack-internal:///(rsc)/./lib/rpc.ts:399:12)
    at async POST (webpack-internal:///(rsc)/./app/api/rpc/route.ts:67:24)
    at async E:\APP-LAPTOP-SYNC\cencomOS_gara_4.0_supa\gara_reconstruction_v5\node_modules\next\dist\compiled\next-server\app-route.runtime.dev.js:6:57228
    at async eT.execute (E:\APP-LAPTOP-SYNC\cencomOS_gara_4.0_supa\gara_reconstruction_v5\node_modules\next\dist\compiled\next-server\app-route.runtime.dev.js:6:46851)
    at async eT.handle (E:\APP-LAPTOP-SYNC\cencomOS_gara_4.0_supa\gara_reconstruction_v5\node_modules\next\dist\compiled\next-server\app-route.runtime.dev.js:6:58760)
    at async doRender (E:\APP-LAPTOP-SYNC\cencomOS_gara_4.0_supa\gara_reconstruction_v5\node_modules\next\dist\server\base-server.js:1366:42)
    at async cacheEntry.responseCache.get.routeKind (E:\APP-LAPTOP-SYNC\cencomOS_gara_4.0_supa\gara_reconstruction_v5\node_modules\next\dist\server\base-server.js:1588:28)
    at async DevServer.renderToResponseWithComponentsImpl (E:\APP-LAPTOP-SYNC\cencomOS_gara_4.0_supa\gara_reconstruction_v5\node_modules\next\dist\server\base-server.js:1496:28)
    at async DevServer.renderPageComponent (E:\APP-LAPTOP-SYNC\cencomOS_gara_4.0_supa\gara_reconstruction_v5\node_modules\next\dist\server\base-server.js:1924:24)
    at async DevServer.renderToResponseImpl (E:\APP-LAPTOP-SYNC\cencomOS_gara_4.0_supa\gara_reconstruction_v5\node_modules\next\dist\server\base-server.js:1962:32)
    at async DevServer.pipeImpl (E:\APP-LAPTOP-SYNC\cencomOS_gara_4.0_supa\gara_reconstruction_v5\node_modules\next\dist\server\base-server.js:922:25)
    at async NextNodeServer.handleCatchallRenderRequest (E:\APP-LAPTOP-SYNC\cencomOS_gara_4.0_supa\gara_reconstruction_v5\node_modules\next\dist\server\next-server.js:272:17)
    at async DevServer.handleRequestImpl (E:\APP-LAPTOP-SYNC\cencomOS_gara_4.0_supa\gara_reconstruction_v5\node_modules\next\dist\server\base-server.js:818:17)
    at async E:\APP-LAPTOP-SYNC\cencomOS_gara_4.0_supa\gara_reconstruction_v5\node_modules\next\dist\server\dev\next-dev-server.js:339:20
    at async Span.traceAsyncFn (E:\APP-LAPTOP-SYNC\cencomOS_gara_4.0_supa\gara_reconstruction_v5\node_modules\next\dist\trace\trace.js:154:20)
    at async DevServer.handleRequest (E:\APP-LAPTOP-SYNC\cencomOS_gara_4.0_supa\gara_reconstruction_v5\node_modules\next\dist\server\dev\next-dev-server.js:336:24)
    at async invokeRender (E:\APP-LAPTOP-SYNC\cencomOS_gara_4.0_supa\gara_reconstruction_v5\node_modules\next\dist\server\lib\router-server.js:179:21)
    at async handleRequest (E:\APP-LAPTOP-SYNC\cencomOS_gara_4.0_supa\gara_reconstruction_v5\node_modules\next\dist\server\lib\router-server.js:359:24)
    at async requestHandlerImpl (E:\APP-LAPTOP-SYNC\cencomOS_gara_4.0_supa\gara_reconstruction_v5\node_modules\next\dist\server\lib\router-server.js:383:13)
    at async Server.requestListener (E:\APP-LAPTOP-SYNC\cencomOS_gara_4.0_supa\gara_reconstruction_v5\node_modules\next\dist\server\lib\start-server.js:141:13) userId=U-XUONG
[2026-08-31T21:29:37.017Z] ERROR module=rpc message="RPC handler failed" fn=scCreate error=Không tìm thấy xe stack=Error: Không tìm thấy xe
    at Module.scCreate (webpack-internal:///(rsc)/./lib/core/sc.ts:137:20)
    at process.processTicksAndRejections (node:internal/process/task_queues:104:5)
    at async dispatch (webpack-internal:///(rsc)/./lib/rpc.ts:399:12)
    at async POST (webpack-internal:///(rsc)/./app/api/rpc/route.ts:67:24)
    at async E:\APP-LAPTOP-SYNC\cencomOS_gara_4.0_supa\gara_reconstruction_v5\node_modules\next\dist\compiled\next-server\app-route.runtime.dev.js:6:57228
    at async eT.execute (E:\APP-LAPTOP-SYNC\cencomOS_gara_4.0_supa\gara_reconstruction_v5\node_modules\next\dist\compiled\next-server\app-route.runtime.dev.js:6:46851)
    at async eT.handle (E:\APP-LAPTOP-SYNC\cencomOS_gara_4.0_supa\gara_reconstruction_v5\node_modules\next\dist\compiled\next-server\app-route.runtime.dev.js:6:58760)
    at async doRender (E:\APP-LAPTOP-SYNC\cencomOS_gara_4.0_supa\gara_reconstruction_v5\node_modules\next\dist\server\base-server.js:1366:42)
    at async cacheEntry.responseCache.get.routeKind (E:\APP-LAPTOP-SYNC\cencomOS_gara_4.0_supa\gara_reconstruction_v5\node_modules\next\dist\server\base-server.js:1588:28)
    at async DevServer.renderToResponseWithComponentsImpl (E:\APP-LAPTOP-SYNC\cencomOS_gara_4.0_supa\gara_reconstruction_v5\node_modules\next\dist\server\base-server.js:1496:28)
    at async DevServer.renderPageComponent (E:\APP-LAPTOP-SYNC\cencomOS_gara_4.0_supa\gara_reconstruction_v5\node_modules\next\dist\server\base-server.js:1924:24)
    at async DevServer.renderToResponseImpl (E:\APP-LAPTOP-SYNC\cencomOS_gara_4.0_supa\gara_reconstruction_v5\node_modules\next\dist\server\base-server.js:1962:32)
    at async DevServer.pipeImpl (E:\APP-LAPTOP-SYNC\cencomOS_gara_4.0_supa\gara_reconstruction_v5\node_modules\next\dist\server\base-server.js:922:25)
    at async NextNodeServer.handleCatchallRenderRequest (E:\APP-LAPTOP-SYNC\cencomOS_gara_4.0_supa\gara_reconstruction_v5\node_modules\next\dist\server\next-server.js:272:17)
    at async DevServer.handleRequestImpl (E:\APP-LAPTOP-SYNC\cencomOS_gara_4.0_supa\gara_reconstruction_v5\node_modules\next\dist\server\base-server.js:818:17)
    at async E:\APP-LAPTOP-SYNC\cencomOS_gara_4.0_supa\gara_reconstruction_v5\node_modules\next\dist\server\dev\next-dev-server.js:339:20
    at async Span.traceAsyncFn (E:\APP-LAPTOP-SYNC\cencomOS_gara_4.0_supa\gara_reconstruction_v5\node_modules\next\dist\trace\trace.js:154:20)
    at async DevServer.handleRequest (E:\APP-LAPTOP-SYNC\cencomOS_gara_4.0_supa\gara_reconstruction_v5\node_modules\next\dist\server\dev\next-dev-server.js:336:24)
    at async invokeRender (E:\APP-LAPTOP-SYNC\cencomOS_gara_4.0_supa\gara_reconstruction_v5\node_modules\next\dist\server\lib\router-server.js:179:21)
    at async handleRequest (E:\APP-LAPTOP-SYNC\cencomOS_gara_4.0_supa\gara_reconstruction_v5\node_modules\next\dist\server\lib\router-server.js:359:24)
    at async requestHandlerImpl (E:\APP-LAPTOP-SYNC\cencomOS_gara_4.0_supa\gara_reconstruction_v5\node_modules\next\dist\server\lib\router-server.js:383:13)
    at async Server.requestListener (E:\APP-LAPTOP-SYNC\cencomOS_gara_4.0_supa\gara_reconstruction_v5\node_modules\next\dist\server\lib\start-server.js:141:13) userId=U-XUONG
[2026-08-31T21:29:37.073Z] ERROR module=rpc message="RPC handler failed" fn=scTuChoi error=Không thể từ chối khi phiếu đang da_hoan stack=Error: Không thể từ chối khi phiếu đang da_hoan
    at Module.scTuChoi (webpack-internal:///(rsc)/./lib/core/sc.ts:332:15)
    at process.processTicksAndRejections (node:internal/process/task_queues:104:5)
    at async dispatch (webpack-internal:///(rsc)/./lib/rpc.ts:399:12)
    at async POST (webpack-internal:///(rsc)/./app/api/rpc/route.ts:67:24)
    at async E:\APP-LAPTOP-SYNC\cencomOS_gara_4.0_supa\gara_reconstruction_v5\node_modules\next\dist\compiled\next-server\app-route.runtime.dev.js:6:57228
    at async eT.execute (E:\APP-LAPTOP-SYNC\cencomOS_gara_4.0_supa\gara_reconstruction_v5\node_modules\next\dist\compiled\next-server\app-route.runtime.dev.js:6:46851)
    at async eT.handle (E:\APP-LAPTOP-SYNC\cencomOS_gara_4.0_supa\gara_reconstruction_v5\node_modules\next\dist\compiled\next-server\app-route.runtime.dev.js:6:58760)
    at async doRender (E:\APP-LAPTOP-SYNC\cencomOS_gara_4.0_supa\gara_reconstruction_v5\node_modules\next\dist\server\base-server.js:1366:42)
    at async cacheEntry.responseCache.get.routeKind (E:\APP-LAPTOP-SYNC\cencomOS_gara_4.0_supa\gara_reconstruction_v5\node_modules\next\dist\server\base-server.js:1588:28)
    at async DevServer.renderToResponseWithComponentsImpl (E:\APP-LAPTOP-SYNC\cencomOS_gara_4.0_supa\gara_reconstruction_v5\node_modules\next\dist\server\base-server.js:1496:28)
    at async DevServer.renderPageComponent (E:\APP-LAPTOP-SYNC\cencomOS_gara_4.0_supa\gara_reconstruction_v5\node_modules\next\dist\server\base-server.js:1924:24)
    at async DevServer.renderToResponseImpl (E:\APP-LAPTOP-SYNC\cencomOS_gara_4.0_supa\gara_reconstruction_v5\node_modules\next\dist\server\base-server.js:1962:32)
    at async DevServer.pipeImpl (E:\APP-LAPTOP-SYNC\cencomOS_gara_4.0_supa\gara_reconstruction_v5\node_modules\next\dist\server\base-server.js:922:25)
    at async NextNodeServer.handleCatchallRenderRequest (E:\APP-LAPTOP-SYNC\cencomOS_gara_4.0_supa\gara_reconstruction_v5\node_modules\next\dist\server\next-server.js:272:17)
    at async DevServer.handleRequestImpl (E:\APP-LAPTOP-SYNC\cencomOS_gara_4.0_supa\gara_reconstruction_v5\node_modules\next\dist\server\base-server.js:818:17)
    at async E:\APP-LAPTOP-SYNC\cencomOS_gara_4.0_supa\gara_reconstruction_v5\node_modules\next\dist\server\dev\next-dev-server.js:339:20
    at async Span.traceAsyncFn (E:\APP-LAPTOP-SYNC\cencomOS_gara_4.0_supa\gara_reconstruction_v5\node_modules\next\dist\trace\trace.js:154:20)
    at async DevServer.handleRequest (E:\APP-LAPTOP-SYNC\cencomOS_gara_4.0_supa\gara_reconstruction_v5\node_modules\next\dist\server\dev\next-dev-server.js:336:24)
    at async invokeRender (E:\APP-LAPTOP-SYNC\cencomOS_gara_4.0_supa\gara_reconstruction_v5\node_modules\next\dist\server\lib\router-server.js:179:21)
    at async handleRequest (E:\APP-LAPTOP-SYNC\cencomOS_gara_4.0_supa\gara_reconstruction_v5\node_modules\next\dist\server\lib\router-server.js:359:24)
    at async requestHandlerImpl (E:\APP-LAPTOP-SYNC\cencomOS_gara_4.0_supa\gara_reconstruction_v5\node_modules\next\dist\server\lib\router-server.js:383:13)
    at async Server.requestListener (E:\APP-LAPTOP-SYNC\cencomOS_gara_4.0_supa\gara_reconstruction_v5\node_modules\next\dist\server\lib\start-server.js:141:13) userId=U-XUONG
[2026-08-31T21:29:37.234Z] ERROR module=rpc message="RPC handler failed" fn=phieuGet error=404: không tìm thấy phiếu stack=Error: 404: không tìm thấy phiếu
    at Module.phieuGet (webpack-internal:///(rsc)/./lib/core/kho.ts:565:15)
    at process.processTicksAndRejections (node:internal/process/task_queues:104:5)
    at async dispatch (webpack-internal:///(rsc)/./lib/rpc.ts:399:12)
    at async POST (webpack-internal:///(rsc)/./app/api/rpc/route.ts:67:24)
    at async E:\APP-LAPTOP-SYNC\cencomOS_gara_4.0_supa\gara_reconstruction_v5\node_modules\next\dist\compiled\next-server\app-route.runtime.dev.js:6:57228
    at async eT.execute (E:\APP-LAPTOP-SYNC\cencomOS_gara_4.0_supa\gara_reconstruction_v5\node_modules\next\dist\compiled\next-server\app-route.runtime.dev.js:6:46851)
    at async eT.handle (E:\APP-LAPTOP-SYNC\cencomOS_gara_4.0_supa\gara_reconstruction_v5\node_modules\next\dist\compiled\next-server\app-route.runtime.dev.js:6:58760)
    at async doRender (E:\APP-LAPTOP-SYNC\cencomOS_gara_4.0_supa\gara_reconstruction_v5\node_modules\next\dist\server\base-server.js:1366:42)
    at async cacheEntry.responseCache.get.routeKind (E:\APP-LAPTOP-SYNC\cencomOS_gara_4.0_supa\gara_reconstruction_v5\node_modules\next\dist\server\base-server.js:1588:28)
    at async DevServer.renderToResponseWithComponentsImpl (E:\APP-LAPTOP-SYNC\cencomOS_gara_4.0_supa\gara_reconstruction_v5\node_modules\next\dist\server\base-server.js:1496:28)
    at async DevServer.renderPageComponent (E:\APP-LAPTOP-SYNC\cencomOS_gara_4.0_supa\gara_reconstruction_v5\node_modules\next\dist\server\base-server.js:1924:24)
    at async DevServer.renderToResponseImpl (E:\APP-LAPTOP-SYNC\cencomOS_gara_4.0_supa\gara_reconstruction_v5\node_modules\next\dist\server\base-server.js:1962:32)
    at async DevServer.pipeImpl (E:\APP-LAPTOP-SYNC\cencomOS_gara_4.0_supa\gara_reconstruction_v5\node_modules\next\dist\server\base-server.js:922:25)
    at async NextNodeServer.handleCatchallRenderRequest (E:\APP-LAPTOP-SYNC\cencomOS_gara_4.0_supa\gara_reconstruction_v5\node_modules\next\dist\server\next-server.js:272:17)
    at async DevServer.handleRequestImpl (E:\APP-LAPTOP-SYNC\cencomOS_gara_4.0_supa\gara_reconstruction_v5\node_modules\next\dist\server\base-server.js:818:17)
    at async E:\APP-LAPTOP-SYNC\cencomOS_gara_4.0_supa\gara_reconstruction_v5\node_modules\next\dist\server\dev\next-dev-server.js:339:20
    at async Span.traceAsyncFn (E:\APP-LAPTOP-SYNC\cencomOS_gara_4.0_supa\gara_reconstruction_v5\node_modules\next\dist\trace\trace.js:154:20)
    at async DevServer.handleRequest (E:\APP-LAPTOP-SYNC\cencomOS_gara_4.0_supa\gara_reconstruction_v5\node_modules\next\dist\server\dev\next-dev-server.js:336:24)
    at async invokeRender (E:\APP-LAPTOP-SYNC\cencomOS_gara_4.0_supa\gara_reconstruction_v5\node_modules\next\dist\server\lib\router-server.js:179:21)
    at async handleRequest (E:\APP-LAPTOP-SYNC\cencomOS_gara_4.0_supa\gara_reconstruction_v5\node_modules\next\dist\server\lib\router-server.js:359:24)
    at async requestHandlerImpl (E:\APP-LAPTOP-SYNC\cencomOS_gara_4.0_supa\gara_reconstruction_v5\node_modules\next\dist\server\lib\router-server.js:383:13)
    at async Server.requestListener (E:\APP-LAPTOP-SYNC\cencomOS_gara_4.0_supa\gara_reconstruction_v5\node_modules\next\dist\server\lib\start-server.js:141:13) userId=U-XUONG
[2026-08-31T21:29:37.325Z] ERROR module=rpc message="RPC handler failed" fn=scGet error=Không tìm thấy phiếu sửa chữa stack=Error: Không tìm thấy phiếu sửa chữa
    at Module.scGet (webpack-internal:///(rsc)/./lib/core/sc.ts:124:19)
    at process.processTicksAndRejections (node:internal/process/task_queues:104:5)
    at async dispatch (webpack-internal:///(rsc)/./lib/rpc.ts:399:12)
    at async POST (webpack-internal:///(rsc)/./app/api/rpc/route.ts:67:24)
    at async E:\APP-LAPTOP-SYNC\cencomOS_gara_4.0_supa\gara_reconstruction_v5\node_modules\next\dist\compiled\next-server\app-route.runtime.dev.js:6:57228
    at async eT.execute (E:\APP-LAPTOP-SYNC\cencomOS_gara_4.0_supa\gara_reconstruction_v5\node_modules\next\dist\compiled\next-server\app-route.runtime.dev.js:6:46851)
    at async eT.handle (E:\APP-LAPTOP-SYNC\cencomOS_gara_4.0_supa\gara_reconstruction_v5\node_modules\next\dist\compiled\next-server\app-route.runtime.dev.js:6:58760)
    at async doRender (E:\APP-LAPTOP-SYNC\cencomOS_gara_4.0_supa\gara_reconstruction_v5\node_modules\next\dist\server\base-server.js:1366:42)
    at async cacheEntry.responseCache.get.routeKind (E:\APP-LAPTOP-SYNC\cencomOS_gara_4.0_supa\gara_reconstruction_v5\node_modules\next\dist\server\base-server.js:1588:28)
    at async DevServer.renderToResponseWithComponentsImpl (E:\APP-LAPTOP-SYNC\cencomOS_gara_4.0_supa\gara_reconstruction_v5\node_modules\next\dist\server\base-server.js:1496:28)
    at async DevServer.renderPageComponent (E:\APP-LAPTOP-SYNC\cencomOS_gara_4.0_supa\gara_reconstruction_v5\node_modules\next\dist\server\base-server.js:1924:24)
    at async DevServer.renderToResponseImpl (E:\APP-LAPTOP-SYNC\cencomOS_gara_4.0_supa\gara_reconstruction_v5\node_modules\next\dist\server\base-server.js:1962:32)
    at async DevServer.pipeImpl (E:\APP-LAPTOP-SYNC\cencomOS_gara_4.0_supa\gara_reconstruction_v5\node_modules\next\dist\server\base-server.js:922:25)
    at async NextNodeServer.handleCatchallRenderRequest (E:\APP-LAPTOP-SYNC\cencomOS_gara_4.0_supa\gara_reconstruction_v5\node_modules\next\dist\server\next-server.js:272:17)
    at async DevServer.handleRequestImpl (E:\APP-LAPTOP-SYNC\cencomOS_gara_4.0_supa\gara_reconstruction_v5\node_modules\next\dist\server\base-server.js:818:17)
    at async E:\APP-LAPTOP-SYNC\cencomOS_gara_4.0_supa\gara_reconstruction_v5\node_modules\next\dist\server\dev\next-dev-server.js:339:20
    at async Span.traceAsyncFn (E:\APP-LAPTOP-SYNC\cencomOS_gara_4.0_supa\gara_reconstruction_v5\node_modules\next\dist\trace\trace.js:154:20)
    at async DevServer.handleRequest (E:\APP-LAPTOP-SYNC\cencomOS_gara_4.0_supa\gara_reconstruction_v5\node_modules\next\dist\server\dev\next-dev-server.js:336:24)
    at async invokeRender (E:\APP-LAPTOP-SYNC\cencomOS_gara_4.0_supa\gara_reconstruction_v5\node_modules\next\dist\server\lib\router-server.js:179:21)
    at async handleRequest (E:\APP-LAPTOP-SYNC\cencomOS_gara_4.0_supa\gara_reconstruction_v5\node_modules\next\dist\server\lib\router-server.js:359:24)
    at async requestHandlerImpl (E:\APP-LAPTOP-SYNC\cencomOS_gara_4.0_supa\gara_reconstruction_v5\node_modules\next\dist\server\lib\router-server.js:383:13)
    at async Server.requestListener (E:\APP-LAPTOP-SYNC\cencomOS_gara_4.0_supa\gara_reconstruction_v5\node_modules\next\dist\server\lib\start-server.js:141:13) userId=U-KETOAN
[2026-08-31T21:29:37.368Z] ERROR module=rpc message="RPC handler failed" fn=scQuyetToan error=Không thể quyết toán — thiếu hồ sơ: Phiếu xuất kho cho SC stack=Error: Không thể quyết toán — thiếu hồ sơ: Phiếu xuất kho cho SC
    at Module.scQuyetToan (webpack-internal:///(rsc)/./lib/core/sc.ts:388:15)
    at process.processTicksAndRejections (node:internal/process/task_queues:104:5)
    at async dispatch (webpack-internal:///(rsc)/./lib/rpc.ts:399:12)
    at async POST (webpack-internal:///(rsc)/./app/api/rpc/route.ts:67:24)
    at async E:\APP-LAPTOP-SYNC\cencomOS_gara_4.0_supa\gara_reconstruction_v5\node_modules\next\dist\compiled\next-server\app-route.runtime.dev.js:6:57228
    at async eT.execute (E:\APP-LAPTOP-SYNC\cencomOS_gara_4.0_supa\gara_reconstruction_v5\node_modules\next\dist\compiled\next-server\app-route.runtime.dev.js:6:46851)
    at async eT.handle (E:\APP-LAPTOP-SYNC\cencomOS_gara_4.0_supa\gara_reconstruction_v5\node_modules\next\dist\compiled\next-server\app-route.runtime.dev.js:6:58760)
    at async doRender (E:\APP-LAPTOP-SYNC\cencomOS_gara_4.0_supa\gara_reconstruction_v5\node_modules\next\dist\server\base-server.js:1366:42)
    at async cacheEntry.responseCache.get.routeKind (E:\APP-LAPTOP-SYNC\cencomOS_gara_4.0_supa\gara_reconstruction_v5\node_modules\next\dist\server\base-server.js:1588:28)
    at async DevServer.renderToResponseWithComponentsImpl (E:\APP-LAPTOP-SYNC\cencomOS_gara_4.0_supa\gara_reconstruction_v5\node_modules\next\dist\server\base-server.js:1496:28)
    at async DevServer.renderPageComponent (E:\APP-LAPTOP-SYNC\cencomOS_gara_4.0_supa\gara_reconstruction_v5\node_modules\next\dist\server\base-server.js:1924:24)
    at async DevServer.renderToResponseImpl (E:\APP-LAPTOP-SYNC\cencomOS_gara_4.0_supa\gara_reconstruction_v5\node_modules\next\dist\server\base-server.js:1962:32)
    at async DevServer.pipeImpl (E:\APP-LAPTOP-SYNC\cencomOS_gara_4.0_supa\gara_reconstruction_v5\node_modules\next\dist\server\base-server.js:922:25)
    at async NextNodeServer.handleCatchallRenderRequest (E:\APP-LAPTOP-SYNC\cencomOS_gara_4.0_supa\gara_reconstruction_v5\node_modules\next\dist\server\next-server.js:272:17)
    at async DevServer.handleRequestImpl (E:\APP-LAPTOP-SYNC\cencomOS_gara_4.0_supa\gara_reconstruction_v5\node_modules\next\dist\server\base-server.js:818:17)
    at async E:\APP-LAPTOP-SYNC\cencomOS_gara_4.0_supa\gara_reconstruction_v5\node_modules\next\dist\server\dev\next-dev-server.js:339:20
    at async Span.traceAsyncFn (E:\APP-LAPTOP-SYNC\cencomOS_gara_4.0_supa\gara_reconstruction_v5\node_modules\next\dist\trace\trace.js:154:20)
    at async DevServer.handleRequest (E:\APP-LAPTOP-SYNC\cencomOS_gara_4.0_supa\gara_reconstruction_v5\node_modules\next\dist\server\dev\next-dev-server.js:336:24)
    at async invokeRender (E:\APP-LAPTOP-SYNC\cencomOS_gara_4.0_supa\gara_reconstruction_v5\node_modules\next\dist\server\lib\router-server.js:179:21)
    at async handleRequest (E:\APP-LAPTOP-SYNC\cencomOS_gara_4.0_supa\gara_reconstruction_v5\node_modules\next\dist\server\lib\router-server.js:359:24)
    at async requestHandlerImpl (E:\APP-LAPTOP-SYNC\cencomOS_gara_4.0_supa\gara_reconstruction_v5\node_modules\next\dist\server\lib\router-server.js:383:13)
    at async Server.requestListener (E:\APP-LAPTOP-SYNC\cencomOS_gara_4.0_supa\gara_reconstruction_v5\node_modules\next\dist\server\lib\start-server.js:141:13) userId=U-KETOAN
[2026-08-31T21:29:37.524Z] ERROR module=rpc message="RPC handler failed" fn=phieuGet error=404: không tìm thấy phiếu stack=Error: 404: không tìm thấy phiếu
    at Module.phieuGet (webpack-internal:///(rsc)/./lib/core/kho.ts:565:15)
    at process.processTicksAndRejections (node:internal/process/task_queues:104:5)
    at async dispatch (webpack-internal:///(rsc)/./lib/rpc.ts:399:12)
    at async POST (webpack-internal:///(rsc)/./app/api/rpc/route.ts:67:24)
    at async E:\APP-LAPTOP-SYNC\cencomOS_gara_4.0_supa\gara_reconstruction_v5\node_modules\next\dist\compiled\next-server\app-route.runtime.dev.js:6:57228
    at async eT.execute (E:\APP-LAPTOP-SYNC\cencomOS_gara_4.0_supa\gara_reconstruction_v5\node_modules\next\dist\compiled\next-server\app-route.runtime.dev.js:6:46851)
    at async eT.handle (E:\APP-LAPTOP-SYNC\cencomOS_gara_4.0_supa\gara_reconstruction_v5\node_modules\next\dist\compiled\next-server\app-route.runtime.dev.js:6:58760)
    at async doRender (E:\APP-LAPTOP-SYNC\cencomOS_gara_4.0_supa\gara_reconstruction_v5\node_modules\next\dist\server\base-server.js:1366:42)
    at async cacheEntry.responseCache.get.routeKind (E:\APP-LAPTOP-SYNC\cencomOS_gara_4.0_supa\gara_reconstruction_v5\node_modules\next\dist\server\base-server.js:1588:28)
    at async DevServer.renderToResponseWithComponentsImpl (E:\APP-LAPTOP-SYNC\cencomOS_gara_4.0_supa\gara_reconstruction_v5\node_modules\next\dist\server\base-server.js:1496:28)
    at async DevServer.renderPageComponent (E:\APP-LAPTOP-SYNC\cencomOS_gara_4.0_supa\gara_reconstruction_v5\node_modules\next\dist\server\base-server.js:1924:24)
    at async DevServer.renderToResponseImpl (E:\APP-LAPTOP-SYNC\cencomOS_gara_4.0_supa\gara_reconstruction_v5\node_modules\next\dist\server\base-server.js:1962:32)
    at async DevServer.pipeImpl (E:\APP-LAPTOP-SYNC\cencomOS_gara_4.0_supa\gara_reconstruction_v5\node_modules\next\dist\server\base-server.js:922:25)
    at async NextNodeServer.handleCatchallRenderRequest (E:\APP-LAPTOP-SYNC\cencomOS_gara_4.0_supa\gara_reconstruction_v5\node_modules\next\dist\server\next-server.js:272:17)
    at async DevServer.handleRequestImpl (E:\APP-LAPTOP-SYNC\cencomOS_gara_4.0_supa\gara_reconstruction_v5\node_modules\next\dist\server\base-server.js:818:17)
    at async E:\APP-LAPTOP-SYNC\cencomOS_gara_4.0_supa\gara_reconstruction_v5\node_modules\next\dist\server\dev\next-dev-server.js:339:20
    at async Span.traceAsyncFn (E:\APP-LAPTOP-SYNC\cencomOS_gara_4.0_supa\gara_reconstruction_v5\node_modules\next\dist\trace\trace.js:154:20)
    at async DevServer.handleRequest (E:\APP-LAPTOP-SYNC\cencomOS_gara_4.0_supa\gara_reconstruction_v5\node_modules\next\dist\server\dev\next-dev-server.js:336:24)
    at async invokeRender (E:\APP-LAPTOP-SYNC\cencomOS_gara_4.0_supa\gara_reconstruction_v5\node_modules\next\dist\server\lib\router-server.js:179:21)
    at async handleRequest (E:\APP-LAPTOP-SYNC\cencomOS_gara_4.0_supa\gara_reconstruction_v5\node_modules\next\dist\server\lib\router-server.js:359:24)
    at async requestHandlerImpl (E:\APP-LAPTOP-SYNC\cencomOS_gara_4.0_supa\gara_reconstruction_v5\node_modules\next\dist\server\lib\router-server.js:383:13)
    at async Server.requestListener (E:\APP-LAPTOP-SYNC\cencomOS_gara_4.0_supa\gara_reconstruction_v5\node_modules\next\dist\server\lib\start-server.js:141:13) userId=U-KETOAN
[2026-08-31T21:29:37.608Z] ERROR module=rpc message="RPC handler failed" fn=scGet error=Không tìm thấy phiếu sửa chữa stack=Error: Không tìm thấy phiếu sửa chữa
    at Module.scGet (webpack-internal:///(rsc)/./lib/core/sc.ts:124:19)
    at process.processTicksAndRejections (node:internal/process/task_queues:104:5)
    at async dispatch (webpack-internal:///(rsc)/./lib/rpc.ts:399:12)
    at async POST (webpack-internal:///(rsc)/./app/api/rpc/route.ts:67:24)
    at async E:\APP-LAPTOP-SYNC\cencomOS_gara_4.0_supa\gara_reconstruction_v5\node_modules\next\dist\compiled\next-server\app-route.runtime.dev.js:6:57228
    at async eT.execute (E:\APP-LAPTOP-SYNC\cencomOS_gara_4.0_supa\gara_reconstruction_v5\node_modules\next\dist\compiled\next-server\app-route.runtime.dev.js:6:46851)
    at async eT.handle (E:\APP-LAPTOP-SYNC\cencomOS_gara_4.0_supa\gara_reconstruction_v5\node_modules\next\dist\compiled\next-server\app-route.runtime.dev.js:6:58760)
    at async doRender (E:\APP-LAPTOP-SYNC\cencomOS_gara_4.0_supa\gara_reconstruction_v5\node_modules\next\dist\server\base-server.js:1366:42)
    at async cacheEntry.responseCache.get.routeKind (E:\APP-LAPTOP-SYNC\cencomOS_gara_4.0_supa\gara_reconstruction_v5\node_modules\next\dist\server\base-server.js:1588:28)
    at async DevServer.renderToResponseWithComponentsImpl (E:\APP-LAPTOP-SYNC\cencomOS_gara_4.0_supa\gara_reconstruction_v5\node_modules\next\dist\server\base-server.js:1496:28)
    at async DevServer.renderPageComponent (E:\APP-LAPTOP-SYNC\cencomOS_gara_4.0_supa\gara_reconstruction_v5\node_modules\next\dist\server\base-server.js:1924:24)
    at async DevServer.renderToResponseImpl (E:\APP-LAPTOP-SYNC\cencomOS_gara_4.0_supa\gara_reconstruction_v5\node_modules\next\dist\server\base-server.js:1962:32)
    at async DevServer.pipeImpl (E:\APP-LAPTOP-SYNC\cencomOS_gara_4.0_supa\gara_reconstruction_v5\node_modules\next\dist\server\base-server.js:922:25)
    at async NextNodeServer.handleCatchallRenderRequest (E:\APP-LAPTOP-SYNC\cencomOS_gara_4.0_supa\gara_reconstruction_v5\node_modules\next\dist\server\next-server.js:272:17)
    at async DevServer.handleRequestImpl (E:\APP-LAPTOP-SYNC\cencomOS_gara_4.0_supa\gara_reconstruction_v5\node_modules\next\dist\server\base-server.js:818:17)
    at async E:\APP-LAPTOP-SYNC\cencomOS_gara_4.0_supa\gara_reconstruction_v5\node_modules\next\dist\server\dev\next-dev-server.js:339:20
    at async Span.traceAsyncFn (E:\APP-LAPTOP-SYNC\cencomOS_gara_4.0_supa\gara_reconstruction_v5\node_modules\next\dist\trace\trace.js:154:20)
    at async DevServer.handleRequest (E:\APP-LAPTOP-SYNC\cencomOS_gara_4.0_supa\gara_reconstruction_v5\node_modules\next\dist\server\dev\next-dev-server.js:336:24)
    at async invokeRender (E:\APP-LAPTOP-SYNC\cencomOS_gara_4.0_supa\gara_reconstruction_v5\node_modules\next\dist\server\lib\router-server.js:179:21)
    at async handleRequest (E:\APP-LAPTOP-SYNC\cencomOS_gara_4.0_supa\gara_reconstruction_v5\node_modules\next\dist\server\lib\router-server.js:359:24)
    at async requestHandlerImpl (E:\APP-LAPTOP-SYNC\cencomOS_gara_4.0_supa\gara_reconstruction_v5\node_modules\next\dist\server\lib\router-server.js:383:13)
    at async Server.requestListener (E:\APP-LAPTOP-SYNC\cencomOS_gara_4.0_supa\gara_reconstruction_v5\node_modules\next\dist\server\lib\start-server.js:141:13) userId=U-KHO
[2026-08-31T21:29:37.805Z] ERROR module=rpc message="RPC handler failed" fn=phieuGet error=404: không tìm thấy phiếu stack=Error: 404: không tìm thấy phiếu
    at Module.phieuGet (webpack-internal:///(rsc)/./lib/core/kho.ts:565:15)
    at process.processTicksAndRejections (node:internal/process/task_queues:104:5)
    at async dispatch (webpack-internal:///(rsc)/./lib/rpc.ts:399:12)
    at async POST (webpack-internal:///(rsc)/./app/api/rpc/route.ts:67:24)
    at async E:\APP-LAPTOP-SYNC\cencomOS_gara_4.0_supa\gara_reconstruction_v5\node_modules\next\dist\compiled\next-server\app-route.runtime.dev.js:6:57228
    at async eT.execute (E:\APP-LAPTOP-SYNC\cencomOS_gara_4.0_supa\gara_reconstruction_v5\node_modules\next\dist\compiled\next-server\app-route.runtime.dev.js:6:46851)
    at async eT.handle (E:\APP-LAPTOP-SYNC\cencomOS_gara_4.0_supa\gara_reconstruction_v5\node_modules\next\dist\compiled\next-server\app-route.runtime.dev.js:6:58760)
    at async doRender (E:\APP-LAPTOP-SYNC\cencomOS_gara_4.0_supa\gara_reconstruction_v5\node_modules\next\dist\server\base-server.js:1366:42)
    at async cacheEntry.responseCache.get.routeKind (E:\APP-LAPTOP-SYNC\cencomOS_gara_4.0_supa\gara_reconstruction_v5\node_modules\next\dist\server\base-server.js:1588:28)
    at async DevServer.renderToResponseWithComponentsImpl (E:\APP-LAPTOP-SYNC\cencomOS_gara_4.0_supa\gara_reconstruction_v5\node_modules\next\dist\server\base-server.js:1496:28)
    at async DevServer.renderPageComponent (E:\APP-LAPTOP-SYNC\cencomOS_gara_4.0_supa\gara_reconstruction_v5\node_modules\next\dist\server\base-server.js:1924:24)
    at async DevServer.renderToResponseImpl (E:\APP-LAPTOP-SYNC\cencomOS_gara_4.0_supa\gara_reconstruction_v5\node_modules\next\dist\server\base-server.js:1962:32)
    at async DevServer.pipeImpl (E:\APP-LAPTOP-SYNC\cencomOS_gara_4.0_supa\gara_reconstruction_v5\node_modules\next\dist\server\base-server.js:922:25)
    at async NextNodeServer.handleCatchallRenderRequest (E:\APP-LAPTOP-SYNC\cencomOS_gara_4.0_supa\gara_reconstruction_v5\node_modules\next\dist\server\next-server.js:272:17)
    at async DevServer.handleRequestImpl (E:\APP-LAPTOP-SYNC\cencomOS_gara_4.0_supa\gara_reconstruction_v5\node_modules\next\dist\server\base-server.js:818:17)
    at async E:\APP-LAPTOP-SYNC\cencomOS_gara_4.0_supa\gara_reconstruction_v5\node_modules\next\dist\server\dev\next-dev-server.js:339:20
    at async Span.traceAsyncFn (E:\APP-LAPTOP-SYNC\cencomOS_gara_4.0_supa\gara_reconstruction_v5\node_modules\next\dist\trace\trace.js:154:20)
    at async DevServer.handleRequest (E:\APP-LAPTOP-SYNC\cencomOS_gara_4.0_supa\gara_reconstruction_v5\node_modules\next\dist\server\dev\next-dev-server.js:336:24)
    at async invokeRender (E:\APP-LAPTOP-SYNC\cencomOS_gara_4.0_supa\gara_reconstruction_v5\node_modules\next\dist\server\lib\router-server.js:179:21)
    at async handleRequest (E:\APP-LAPTOP-SYNC\cencomOS_gara_4.0_supa\gara_reconstruction_v5\node_modules\next\dist\server\lib\router-server.js:359:24)
    at async requestHandlerImpl (E:\APP-LAPTOP-SYNC\cencomOS_gara_4.0_supa\gara_reconstruction_v5\node_modules\next\dist\server\lib\router-server.js:383:13)
    at async Server.requestListener (E:\APP-LAPTOP-SYNC\cencomOS_gara_4.0_supa\gara_reconstruction_v5\node_modules\next\dist\server\lib\start-server.js:141:13) userId=U-KHO
[2026-08-31T21:29:58.496Z] ERROR module=rpc message="RPC handler failed" fn=scGet error=Không tìm thấy phiếu sửa chữa stack=Error: Không tìm thấy phiếu sửa chữa
    at Module.scGet (webpack-internal:///(rsc)/./lib/core/sc.ts:124:19)
    at process.processTicksAndRejections (node:internal/process/task_queues:104:5)
    at async dispatch (webpack-internal:///(rsc)/./lib/rpc.ts:399:12)
    at async POST (webpack-internal:///(rsc)/./app/api/rpc/route.ts:67:24)
    at async E:\APP-LAPTOP-SYNC\cencomOS_gara_4.0_supa\gara_reconstruction_v5\node_modules\next\dist\compiled\next-server\app-route.runtime.dev.js:6:57228
    at async eT.execute (E:\APP-LAPTOP-SYNC\cencomOS_gara_4.0_supa\gara_reconstruction_v5\node_modules\next\dist\compiled\next-server\app-route.runtime.dev.js:6:46851)
    at async eT.handle (E:\APP-LAPTOP-SYNC\cencomOS_gara_4.0_supa\gara_reconstruction_v5\node_modules\next\dist\compiled\next-server\app-route.runtime.dev.js:6:58760)
    at async doRender (E:\APP-LAPTOP-SYNC\cencomOS_gara_4.0_supa\gara_reconstruction_v5\node_modules\next\dist\server\base-server.js:1366:42)
    at async cacheEntry.responseCache.get.routeKind (E:\APP-LAPTOP-SYNC\cencomOS_gara_4.0_supa\gara_reconstruction_v5\node_modules\next\dist\server\base-server.js:1588:28)
    at async DevServer.renderToResponseWithComponentsImpl (E:\APP-LAPTOP-SYNC\cencomOS_gara_4.0_supa\gara_reconstruction_v5\node_modules\next\dist\server\base-server.js:1496:28)
    at async DevServer.renderPageComponent (E:\APP-LAPTOP-SYNC\cencomOS_gara_4.0_supa\gara_reconstruction_v5\node_modules\next\dist\server\base-server.js:1924:24)
    at async DevServer.renderToResponseImpl (E:\APP-LAPTOP-SYNC\cencomOS_gara_4.0_supa\gara_reconstruction_v5\node_modules\next\dist\server\base-server.js:1962:32)
    at async DevServer.pipeImpl (E:\APP-LAPTOP-SYNC\cencomOS_gara_4.0_supa\gara_reconstruction_v5\node_modules\next\dist\server\base-server.js:922:25)
    at async NextNodeServer.handleCatchallRenderRequest (E:\APP-LAPTOP-SYNC\cencomOS_gara_4.0_supa\gara_reconstruction_v5\node_modules\next\dist\server\next-server.js:272:17)
    at async DevServer.handleRequestImpl (E:\APP-LAPTOP-SYNC\cencomOS_gara_4.0_supa\gara_reconstruction_v5\node_modules\next\dist\server\base-server.js:818:17)
    at async E:\APP-LAPTOP-SYNC\cencomOS_gara_4.0_supa\gara_reconstruction_v5\node_modules\next\dist\server\dev\next-dev-server.js:339:20
    at async Span.traceAsyncFn (E:\APP-LAPTOP-SYNC\cencomOS_gara_4.0_supa\gara_reconstruction_v5\node_modules\next\dist\trace\trace.js:154:20)
    at async DevServer.handleRequest (E:\APP-LAPTOP-SYNC\cencomOS_gara_4.0_supa\gara_reconstruction_v5\node_modules\next\dist\server\dev\next-dev-server.js:336:24)
    at async invokeRender (E:\APP-LAPTOP-SYNC\cencomOS_gara_4.0_supa\gara_reconstruction_v5\node_modules\next\dist\server\lib\router-server.js:179:21)
    at async handleRequest (E:\APP-LAPTOP-SYNC\cencomOS_gara_4.0_supa\gara_reconstruction_v5\node_modules\next\dist\server\lib\router-server.js:359:24)
    at async requestHandlerImpl (E:\APP-LAPTOP-SYNC\cencomOS_gara_4.0_supa\gara_reconstruction_v5\node_modules\next\dist\server\lib\router-server.js:383:13)
    at async Server.requestListener (E:\APP-LAPTOP-SYNC\cencomOS_gara_4.0_supa\gara_reconstruction_v5\node_modules\next\dist\server\lib\start-server.js:141:13) userId=U-ADMIN
[2026-08-31T21:29:58.560Z] ERROR module=rpc message="RPC handler failed" fn=scTuChoi error=Không thể từ chối khi phiếu đang da_hoan stack=Error: Không thể từ chối khi phiếu đang da_hoan
    at Module.scTuChoi (webpack-internal:///(rsc)/./lib/core/sc.ts:332:15)
    at process.processTicksAndRejections (node:internal/process/task_queues:104:5)
    at async dispatch (webpack-internal:///(rsc)/./lib/rpc.ts:399:12)
    at async POST (webpack-internal:///(rsc)/./app/api/rpc/route.ts:67:24)
    at async E:\APP-LAPTOP-SYNC\cencomOS_gara_4.0_supa\gara_reconstruction_v5\node_modules\next\dist\compiled\next-server\app-route.runtime.dev.js:6:57228
    at async eT.execute (E:\APP-LAPTOP-SYNC\cencomOS_gara_4.0_supa\gara_reconstruction_v5\node_modules\next\dist\compiled\next-server\app-route.runtime.dev.js:6:46851)
    at async eT.handle (E:\APP-LAPTOP-SYNC\cencomOS_gara_4.0_supa\gara_reconstruction_v5\node_modules\next\dist\compiled\next-server\app-route.runtime.dev.js:6:58760)
    at async doRender (E:\APP-LAPTOP-SYNC\cencomOS_gara_4.0_supa\gara_reconstruction_v5\node_modules\next\dist\server\base-server.js:1366:42)
    at async cacheEntry.responseCache.get.routeKind (E:\APP-LAPTOP-SYNC\cencomOS_gara_4.0_supa\gara_reconstruction_v5\node_modules\next\dist\server\base-server.js:1588:28)
    at async DevServer.renderToResponseWithComponentsImpl (E:\APP-LAPTOP-SYNC\cencomOS_gara_4.0_supa\gara_reconstruction_v5\node_modules\next\dist\server\base-server.js:1496:28)
    at async DevServer.renderPageComponent (E:\APP-LAPTOP-SYNC\cencomOS_gara_4.0_supa\gara_reconstruction_v5\node_modules\next\dist\server\base-server.js:1924:24)
    at async DevServer.renderToResponseImpl (E:\APP-LAPTOP-SYNC\cencomOS_gara_4.0_supa\gara_reconstruction_v5\node_modules\next\dist\server\base-server.js:1962:32)
    at async DevServer.pipeImpl (E:\APP-LAPTOP-SYNC\cencomOS_gara_4.0_supa\gara_reconstruction_v5\node_modules\next\dist\server\base-server.js:922:25)
    at async NextNodeServer.handleCatchallRenderRequest (E:\APP-LAPTOP-SYNC\cencomOS_gara_4.0_supa\gara_reconstruction_v5\node_modules\next\dist\server\next-server.js:272:17)
    at async DevServer.handleRequestImpl (E:\APP-LAPTOP-SYNC\cencomOS_gara_4.0_supa\gara_reconstruction_v5\node_modules\next\dist\server\base-server.js:818:17)
    at async E:\APP-LAPTOP-SYNC\cencomOS_gara_4.0_supa\gara_reconstruction_v5\node_modules\next\dist\server\dev\next-dev-server.js:339:20
    at async Span.traceAsyncFn (E:\APP-LAPTOP-SYNC\cencomOS_gara_4.0_supa\gara_reconstruction_v5\node_modules\next\dist\trace\trace.js:154:20)
    at async DevServer.handleRequest (E:\APP-LAPTOP-SYNC\cencomOS_gara_4.0_supa\gara_reconstruction_v5\node_modules\next\dist\server\dev\next-dev-server.js:336:24)
    at async invokeRender (E:\APP-LAPTOP-SYNC\cencomOS_gara_4.0_supa\gara_reconstruction_v5\node_modules\next\dist\server\lib\router-server.js:179:21)
    at async handleRequest (E:\APP-LAPTOP-SYNC\cencomOS_gara_4.0_supa\gara_reconstruction_v5\node_modules\next\dist\server\lib\router-server.js:359:24)
    at async requestHandlerImpl (E:\APP-LAPTOP-SYNC\cencomOS_gara_4.0_supa\gara_reconstruction_v5\node_modules\next\dist\server\lib\router-server.js:383:13)
    at async Server.requestListener (E:\APP-LAPTOP-SYNC\cencomOS_gara_4.0_supa\gara_reconstruction_v5\node_modules\next\dist\server\lib\start-server.js:141:13) userId=U-ADMIN
[2026-08-31T21:29:58.574Z] ERROR module=rpc message="RPC handler failed" fn=scQuyetToan error=Không thể quyết toán — thiếu hồ sơ: Kế hoạch sửa chữa (mẫu 01), Bản kiểm tu, Báo giá NCC (đã xác nhận), Phiếu nhập kho vật tư mới, Phiếu xuất kho cho SC, Biên bản nghiệm thu stack=Error: Không thể quyết toán — thiếu hồ sơ: Kế hoạch sửa chữa (mẫu 01), Bản kiểm tu, Báo giá NCC (đã xác nhận), Phiếu nhập kho vật tư mới, Phiếu xuất kho cho SC, Biên bản nghiệm thu
    at Module.scQuyetToan (webpack-internal:///(rsc)/./lib/core/sc.ts:388:15)
    at process.processTicksAndRejections (node:internal/process/task_queues:104:5)
    at async dispatch (webpack-internal:///(rsc)/./lib/rpc.ts:399:12)
    at async POST (webpack-internal:///(rsc)/./app/api/rpc/route.ts:67:24)
    at async E:\APP-LAPTOP-SYNC\cencomOS_gara_4.0_supa\gara_reconstruction_v5\node_modules\next\dist\compiled\next-server\app-route.runtime.dev.js:6:57228
    at async eT.execute (E:\APP-LAPTOP-SYNC\cencomOS_gara_4.0_supa\gara_reconstruction_v5\node_modules\next\dist\compiled\next-server\app-route.runtime.dev.js:6:46851)
    at async eT.handle (E:\APP-LAPTOP-SYNC\cencomOS_gara_4.0_supa\gara_reconstruction_v5\node_modules\next\dist\compiled\next-server\app-route.runtime.dev.js:6:58760)
    at async doRender (E:\APP-LAPTOP-SYNC\cencomOS_gara_4.0_supa\gara_reconstruction_v5\node_modules\next\dist\server\base-server.js:1366:42)
    at async cacheEntry.responseCache.get.routeKind (E:\APP-LAPTOP-SYNC\cencomOS_gara_4.0_supa\gara_reconstruction_v5\node_modules\next\dist\server\base-server.js:1588:28)
    at async DevServer.renderToResponseWithComponentsImpl (E:\APP-LAPTOP-SYNC\cencomOS_gara_4.0_supa\gara_reconstruction_v5\node_modules\next\dist\server\base-server.js:1496:28)
    at async DevServer.renderPageComponent (E:\APP-LAPTOP-SYNC\cencomOS_gara_4.0_supa\gara_reconstruction_v5\node_modules\next\dist\server\base-server.js:1924:24)
    at async DevServer.renderToResponseImpl (E:\APP-LAPTOP-SYNC\cencomOS_gara_4.0_supa\gara_reconstruction_v5\node_modules\next\dist\server\base-server.js:1962:32)
    at async DevServer.pipeImpl (E:\APP-LAPTOP-SYNC\cencomOS_gara_4.0_supa\gara_reconstruction_v5\node_modules\next\dist\server\base-server.js:922:25)
    at async NextNodeServer.handleCatchallRenderRequest (E:\APP-LAPTOP-SYNC\cencomOS_gara_4.0_supa\gara_reconstruction_v5\node_modules\next\dist\server\next-server.js:272:17)
    at async DevServer.handleRequestImpl (E:\APP-LAPTOP-SYNC\cencomOS_gara_4.0_supa\gara_reconstruction_v5\node_modules\next\dist\server\base-server.js:818:17)
    at async E:\APP-LAPTOP-SYNC\cencomOS_gara_4.0_supa\gara_reconstruction_v5\node_modules\next\dist\server\dev\next-dev-server.js:339:20
    at async Span.traceAsyncFn (E:\APP-LAPTOP-SYNC\cencomOS_gara_4.0_supa\gara_reconstruction_v5\node_modules\next\dist\trace\trace.js:154:20)
    at async DevServer.handleRequest (E:\APP-LAPTOP-SYNC\cencomOS_gara_4.0_supa\gara_reconstruction_v5\node_modules\next\dist\server\dev\next-dev-server.js:336:24)
    at async invokeRender (E:\APP-LAPTOP-SYNC\cencomOS_gara_4.0_supa\gara_reconstruction_v5\node_modules\next\dist\server\lib\router-server.js:179:21)
    at async handleRequest (E:\APP-LAPTOP-SYNC\cencomOS_gara_4.0_supa\gara_reconstruction_v5\node_modules\next\dist\server\lib\router-server.js:359:24)
    at async requestHandlerImpl (E:\APP-LAPTOP-SYNC\cencomOS_gara_4.0_supa\gara_reconstruction_v5\node_modules\next\dist\server\lib\router-server.js:383:13)
    at async Server.requestListener (E:\APP-LAPTOP-SYNC\cencomOS_gara_4.0_supa\gara_reconstruction_v5\node_modules\next\dist\server\lib\start-server.js:141:13) userId=U-ADMIN
[2026-08-31T21:29:58.800Z] ERROR module=rpc message="RPC handler failed" fn=phieuGet error=404: không tìm thấy phiếu stack=Error: 404: không tìm thấy phiếu
    at Module.phieuGet (webpack-internal:///(rsc)/./lib/core/kho.ts:565:15)
    at process.processTicksAndRejections (node:internal/process/task_queues:104:5)
    at async dispatch (webpack-internal:///(rsc)/./lib/rpc.ts:399:12)
    at async POST (webpack-internal:///(rsc)/./app/api/rpc/route.ts:67:24)
    at async E:\APP-LAPTOP-SYNC\cencomOS_gara_4.0_supa\gara_reconstruction_v5\node_modules\next\dist\compiled\next-server\app-route.runtime.dev.js:6:57228
    at async eT.execute (E:\APP-LAPTOP-SYNC\cencomOS_gara_4.0_supa\gara_reconstruction_v5\node_modules\next\dist\compiled\next-server\app-route.runtime.dev.js:6:46851)
    at async eT.handle (E:\APP-LAPTOP-SYNC\cencomOS_gara_4.0_supa\gara_reconstruction_v5\node_modules\next\dist\compiled\next-server\app-route.runtime.dev.js:6:58760)
    at async doRender (E:\APP-LAPTOP-SYNC\cencomOS_gara_4.0_supa\gara_reconstruction_v5\node_modules\next\dist\server\base-server.js:1366:42)
    at async cacheEntry.responseCache.get.routeKind (E:\APP-LAPTOP-SYNC\cencomOS_gara_4.0_supa\gara_reconstruction_v5\node_modules\next\dist\server\base-server.js:1588:28)
    at async DevServer.renderToResponseWithComponentsImpl (E:\APP-LAPTOP-SYNC\cencomOS_gara_4.0_supa\gara_reconstruction_v5\node_modules\next\dist\server\base-server.js:1496:28)
    at async DevServer.renderPageComponent (E:\APP-LAPTOP-SYNC\cencomOS_gara_4.0_supa\gara_reconstruction_v5\node_modules\next\dist\server\base-server.js:1924:24)
    at async DevServer.renderToResponseImpl (E:\APP-LAPTOP-SYNC\cencomOS_gara_4.0_supa\gara_reconstruction_v5\node_modules\next\dist\server\base-server.js:1962:32)
    at async DevServer.pipeImpl (E:\APP-LAPTOP-SYNC\cencomOS_gara_4.0_supa\gara_reconstruction_v5\node_modules\next\dist\server\base-server.js:922:25)
    at async NextNodeServer.handleCatchallRenderRequest (E:\APP-LAPTOP-SYNC\cencomOS_gara_4.0_supa\gara_reconstruction_v5\node_modules\next\dist\server\next-server.js:272:17)
    at async DevServer.handleRequestImpl (E:\APP-LAPTOP-SYNC\cencomOS_gara_4.0_supa\gara_reconstruction_v5\node_modules\next\dist\server\base-server.js:818:17)
    at async E:\APP-LAPTOP-SYNC\cencomOS_gara_4.0_supa\gara_reconstruction_v5\node_modules\next\dist\server\dev\next-dev-server.js:339:20
    at async Span.traceAsyncFn (E:\APP-LAPTOP-SYNC\cencomOS_gara_4.0_supa\gara_reconstruction_v5\node_modules\next\dist\trace\trace.js:154:20)
    at async DevServer.handleRequest (E:\APP-LAPTOP-SYNC\cencomOS_gara_4.0_supa\gara_reconstruction_v5\node_modules\next\dist\server\dev\next-dev-server.js:336:24)
    at async invokeRender (E:\APP-LAPTOP-SYNC\cencomOS_gara_4.0_supa\gara_reconstruction_v5\node_modules\next\dist\server\lib\router-server.js:179:21)
    at async handleRequest (E:\APP-LAPTOP-SYNC\cencomOS_gara_4.0_supa\gara_reconstruction_v5\node_modules\next\dist\server\lib\router-server.js:359:24)
    at async requestHandlerImpl (E:\APP-LAPTOP-SYNC\cencomOS_gara_4.0_supa\gara_reconstruction_v5\node_modules\next\dist\server\lib\router-server.js:383:13)
    at async Server.requestListener (E:\APP-LAPTOP-SYNC\cencomOS_gara_4.0_supa\gara_reconstruction_v5\node_modules\next\dist\server\lib\start-server.js:141:13) userId=U-ADMIN
[2026-08-31T21:29:58.894Z] ERROR module=rpc message="RPC handler failed" fn=scGet error=Không tìm thấy phiếu sửa chữa stack=Error: Không tìm thấy phiếu sửa chữa
    at Module.scGet (webpack-internal:///(rsc)/./lib/core/sc.ts:124:19)
    at process.processTicksAndRejections (node:internal/process/task_queues:104:5)
    at async dispatch (webpack-internal:///(rsc)/./lib/rpc.ts:399:12)
    at async POST (webpack-internal:///(rsc)/./app/api/rpc/route.ts:67:24)
    at async E:\APP-LAPTOP-SYNC\cencomOS_gara_4.0_supa\gara_reconstruction_v5\node_modules\next\dist\compiled\next-server\app-route.runtime.dev.js:6:57228
    at async eT.execute (E:\APP-LAPTOP-SYNC\cencomOS_gara_4.0_supa\gara_reconstruction_v5\node_modules\next\dist\compiled\next-server\app-route.runtime.dev.js:6:46851)
    at async eT.handle (E:\APP-LAPTOP-SYNC\cencomOS_gara_4.0_supa\gara_reconstruction_v5\node_modules\next\dist\compiled\next-server\app-route.runtime.dev.js:6:58760)
    at async doRender (E:\APP-LAPTOP-SYNC\cencomOS_gara_4.0_supa\gara_reconstruction_v5\node_modules\next\dist\server\base-server.js:1366:42)
    at async cacheEntry.responseCache.get.routeKind (E:\APP-LAPTOP-SYNC\cencomOS_gara_4.0_supa\gara_reconstruction_v5\node_modules\next\dist\server\base-server.js:1588:28)
    at async DevServer.renderToResponseWithComponentsImpl (E:\APP-LAPTOP-SYNC\cencomOS_gara_4.0_supa\gara_reconstruction_v5\node_modules\next\dist\server\base-server.js:1496:28)
    at async DevServer.renderPageComponent (E:\APP-LAPTOP-SYNC\cencomOS_gara_4.0_supa\gara_reconstruction_v5\node_modules\next\dist\server\base-server.js:1924:24)
    at async DevServer.renderToResponseImpl (E:\APP-LAPTOP-SYNC\cencomOS_gara_4.0_supa\gara_reconstruction_v5\node_modules\next\dist\server\base-server.js:1962:32)
    at async DevServer.pipeImpl (E:\APP-LAPTOP-SYNC\cencomOS_gara_4.0_supa\gara_reconstruction_v5\node_modules\next\dist\server\base-server.js:922:25)
    at async NextNodeServer.handleCatchallRenderRequest (E:\APP-LAPTOP-SYNC\cencomOS_gara_4.0_supa\gara_reconstruction_v5\node_modules\next\dist\server\next-server.js:272:17)
    at async DevServer.handleRequestImpl (E:\APP-LAPTOP-SYNC\cencomOS_gara_4.0_supa\gara_reconstruction_v5\node_modules\next\dist\server\base-server.js:818:17)
    at async E:\APP-LAPTOP-SYNC\cencomOS_gara_4.0_supa\gara_reconstruction_v5\node_modules\next\dist\server\dev\next-dev-server.js:339:20
    at async Span.traceAsyncFn (E:\APP-LAPTOP-SYNC\cencomOS_gara_4.0_supa\gara_reconstruction_v5\node_modules\next\dist\trace\trace.js:154:20)
    at async DevServer.handleRequest (E:\APP-LAPTOP-SYNC\cencomOS_gara_4.0_supa\gara_reconstruction_v5\node_modules\next\dist\server\dev\next-dev-server.js:336:24)
    at async invokeRender (E:\APP-LAPTOP-SYNC\cencomOS_gara_4.0_supa\gara_reconstruction_v5\node_modules\next\dist\server\lib\router-server.js:179:21)
    at async handleRequest (E:\APP-LAPTOP-SYNC\cencomOS_gara_4.0_supa\gara_reconstruction_v5\node_modules\next\dist\server\lib\router-server.js:359:24)
    at async requestHandlerImpl (E:\APP-LAPTOP-SYNC\cencomOS_gara_4.0_supa\gara_reconstruction_v5\node_modules\next\dist\server\lib\router-server.js:383:13)
    at async Server.requestListener (E:\APP-LAPTOP-SYNC\cencomOS_gara_4.0_supa\gara_reconstruction_v5\node_modules\next\dist\server\lib\start-server.js:141:13) userId=U-GIAMDOC
[2026-08-31T21:29:59.061Z] ERROR module=rpc message="RPC handler failed" fn=phieuGet error=404: không tìm thấy phiếu stack=Error: 404: không tìm thấy phiếu
    at Module.phieuGet (webpack-internal:///(rsc)/./lib/core/kho.ts:565:15)
    at process.processTicksAndRejections (node:internal/process/task_queues:104:5)
    at async dispatch (webpack-internal:///(rsc)/./lib/rpc.ts:399:12)
    at async POST (webpack-internal:///(rsc)/./app/api/rpc/route.ts:67:24)
    at async E:\APP-LAPTOP-SYNC\cencomOS_gara_4.0_supa\gara_reconstruction_v5\node_modules\next\dist\compiled\next-server\app-route.runtime.dev.js:6:57228
    at async eT.execute (E:\APP-LAPTOP-SYNC\cencomOS_gara_4.0_supa\gara_reconstruction_v5\node_modules\next\dist\compiled\next-server\app-route.runtime.dev.js:6:46851)
    at async eT.handle (E:\APP-LAPTOP-SYNC\cencomOS_gara_4.0_supa\gara_reconstruction_v5\node_modules\next\dist\compiled\next-server\app-route.runtime.dev.js:6:58760)
    at async doRender (E:\APP-LAPTOP-SYNC\cencomOS_gara_4.0_supa\gara_reconstruction_v5\node_modules\next\dist\server\base-server.js:1366:42)
    at async cacheEntry.responseCache.get.routeKind (E:\APP-LAPTOP-SYNC\cencomOS_gara_4.0_supa\gara_reconstruction_v5\node_modules\next\dist\server\base-server.js:1588:28)
    at async DevServer.renderToResponseWithComponentsImpl (E:\APP-LAPTOP-SYNC\cencomOS_gara_4.0_supa\gara_reconstruction_v5\node_modules\next\dist\server\base-server.js:1496:28)
    at async DevServer.renderPageComponent (E:\APP-LAPTOP-SYNC\cencomOS_gara_4.0_supa\gara_reconstruction_v5\node_modules\next\dist\server\base-server.js:1924:24)
    at async DevServer.renderToResponseImpl (E:\APP-LAPTOP-SYNC\cencomOS_gara_4.0_supa\gara_reconstruction_v5\node_modules\next\dist\server\base-server.js:1962:32)
    at async DevServer.pipeImpl (E:\APP-LAPTOP-SYNC\cencomOS_gara_4.0_supa\gara_reconstruction_v5\node_modules\next\dist\server\base-server.js:922:25)
    at async NextNodeServer.handleCatchallRenderRequest (E:\APP-LAPTOP-SYNC\cencomOS_gara_4.0_supa\gara_reconstruction_v5\node_modules\next\dist\server\next-server.js:272:17)
    at async DevServer.handleRequestImpl (E:\APP-LAPTOP-SYNC\cencomOS_gara_4.0_supa\gara_reconstruction_v5\node_modules\next\dist\server\base-server.js:818:17)
    at async E:\APP-LAPTOP-SYNC\cencomOS_gara_4.0_supa\gara_reconstruction_v5\node_modules\next\dist\server\dev\next-dev-server.js:339:20
    at async Span.traceAsyncFn (E:\APP-LAPTOP-SYNC\cencomOS_gara_4.0_supa\gara_reconstruction_v5\node_modules\next\dist\trace\trace.js:154:20)
    at async DevServer.handleRequest (E:\APP-LAPTOP-SYNC\cencomOS_gara_4.0_supa\gara_reconstruction_v5\node_modules\next\dist\server\dev\next-dev-server.js:336:24)
    at async invokeRender (E:\APP-LAPTOP-SYNC\cencomOS_gara_4.0_supa\gara_reconstruction_v5\node_modules\next\dist\server\lib\router-server.js:179:21)
    at async handleRequest (E:\APP-LAPTOP-SYNC\cencomOS_gara_4.0_supa\gara_reconstruction_v5\node_modules\next\dist\server\lib\router-server.js:359:24)
    at async requestHandlerImpl (E:\APP-LAPTOP-SYNC\cencomOS_gara_4.0_supa\gara_reconstruction_v5\node_modules\next\dist\server\lib\router-server.js:383:13)
    at async Server.requestListener (E:\APP-LAPTOP-SYNC\cencomOS_gara_4.0_supa\gara_reconstruction_v5\node_modules\next\dist\server\lib\start-server.js:141:13) userId=U-GIAMDOC
[2026-08-31T21:29:59.143Z] ERROR module=rpc message="RPC handler failed" fn=scGet error=Không tìm thấy phiếu sửa chữa stack=Error: Không tìm thấy phiếu sửa chữa
    at Module.scGet (webpack-internal:///(rsc)/./lib/core/sc.ts:124:19)
    at process.processTicksAndRejections (node:internal/process/task_queues:104:5)
    at async dispatch (webpack-internal:///(rsc)/./lib/rpc.ts:399:12)
    at async POST (webpack-internal:///(rsc)/./app/api/rpc/route.ts:67:24)
    at async E:\APP-LAPTOP-SYNC\cencomOS_gara_4.0_supa\gara_reconstruction_v5\node_modules\next\dist\compiled\next-server\app-route.runtime.dev.js:6:57228
    at async eT.execute (E:\APP-LAPTOP-SYNC\cencomOS_gara_4.0_supa\gara_reconstruction_v5\node_modules\next\dist\compiled\next-server\app-route.runtime.dev.js:6:46851)
    at async eT.handle (E:\APP-LAPTOP-SYNC\cencomOS_gara_4.0_supa\gara_reconstruction_v5\node_modules\next\dist\compiled\next-server\app-route.runtime.dev.js:6:58760)
    at async doRender (E:\APP-LAPTOP-SYNC\cencomOS_gara_4.0_supa\gara_reconstruction_v5\node_modules\next\dist\server\base-server.js:1366:42)
    at async cacheEntry.responseCache.get.routeKind (E:\APP-LAPTOP-SYNC\cencomOS_gara_4.0_supa\gara_reconstruction_v5\node_modules\next\dist\server\base-server.js:1588:28)
    at async DevServer.renderToResponseWithComponentsImpl (E:\APP-LAPTOP-SYNC\cencomOS_gara_4.0_supa\gara_reconstruction_v5\node_modules\next\dist\server\base-server.js:1496:28)
    at async DevServer.renderPageComponent (E:\APP-LAPTOP-SYNC\cencomOS_gara_4.0_supa\gara_reconstruction_v5\node_modules\next\dist\server\base-server.js:1924:24)
    at async DevServer.renderToResponseImpl (E:\APP-LAPTOP-SYNC\cencomOS_gara_4.0_supa\gara_reconstruction_v5\node_modules\next\dist\server\base-server.js:1962:32)
    at async DevServer.pipeImpl (E:\APP-LAPTOP-SYNC\cencomOS_gara_4.0_supa\gara_reconstruction_v5\node_modules\next\dist\server\base-server.js:922:25)
    at async NextNodeServer.handleCatchallRenderRequest (E:\APP-LAPTOP-SYNC\cencomOS_gara_4.0_supa\gara_reconstruction_v5\node_modules\next\dist\server\next-server.js:272:17)
    at async DevServer.handleRequestImpl (E:\APP-LAPTOP-SYNC\cencomOS_gara_4.0_supa\gara_reconstruction_v5\node_modules\next\dist\server\base-server.js:818:17)
    at async E:\APP-LAPTOP-SYNC\cencomOS_gara_4.0_supa\gara_reconstruction_v5\node_modules\next\dist\server\dev\next-dev-server.js:339:20
    at async Span.traceAsyncFn (E:\APP-LAPTOP-SYNC\cencomOS_gara_4.0_supa\gara_reconstruction_v5\node_modules\next\dist\trace\trace.js:154:20)
    at async DevServer.handleRequest (E:\APP-LAPTOP-SYNC\cencomOS_gara_4.0_supa\gara_reconstruction_v5\node_modules\next\dist\server\dev\next-dev-server.js:336:24)
    at async invokeRender (E:\APP-LAPTOP-SYNC\cencomOS_gara_4.0_supa\gara_reconstruction_v5\node_modules\next\dist\server\lib\router-server.js:179:21)
    at async handleRequest (E:\APP-LAPTOP-SYNC\cencomOS_gara_4.0_supa\gara_reconstruction_v5\node_modules\next\dist\server\lib\router-server.js:359:24)
    at async requestHandlerImpl (E:\APP-LAPTOP-SYNC\cencomOS_gara_4.0_supa\gara_reconstruction_v5\node_modules\next\dist\server\lib\router-server.js:383:13)
    at async Server.requestListener (E:\APP-LAPTOP-SYNC\cencomOS_gara_4.0_supa\gara_reconstruction_v5\node_modules\next\dist\server\lib\start-server.js:141:13) userId=U-XUONG
[2026-08-31T21:29:59.188Z] ERROR module=rpc message="RPC handler failed" fn=scBatDauSua error=Không thể bắt đầu sửa khi phiếu đang da_hoan stack=Error: Không thể bắt đầu sửa khi phiếu đang da_hoan
    at Module.scBatDauSua (webpack-internal:///(rsc)/./lib/core/sc.ts:265:15)
    at process.processTicksAndRejections (node:internal/process/task_queues:104:5)
    at async dispatch (webpack-internal:///(rsc)/./lib/rpc.ts:399:12)
    at async POST (webpack-internal:///(rsc)/./app/api/rpc/route.ts:67:24)
    at async E:\APP-LAPTOP-SYNC\cencomOS_gara_4.0_supa\gara_reconstruction_v5\node_modules\next\dist\compiled\next-server\app-route.runtime.dev.js:6:57228
    at async eT.execute (E:\APP-LAPTOP-SYNC\cencomOS_gara_4.0_supa\gara_reconstruction_v5\node_modules\next\dist\compiled\next-server\app-route.runtime.dev.js:6:46851)
    at async eT.handle (E:\APP-LAPTOP-SYNC\cencomOS_gara_4.0_supa\gara_reconstruction_v5\node_modules\next\dist\compiled\next-server\app-route.runtime.dev.js:6:58760)
    at async doRender (E:\APP-LAPTOP-SYNC\cencomOS_gara_4.0_supa\gara_reconstruction_v5\node_modules\next\dist\server\base-server.js:1366:42)
    at async cacheEntry.responseCache.get.routeKind (E:\APP-LAPTOP-SYNC\cencomOS_gara_4.0_supa\gara_reconstruction_v5\node_modules\next\dist\server\base-server.js:1588:28)
    at async DevServer.renderToResponseWithComponentsImpl (E:\APP-LAPTOP-SYNC\cencomOS_gara_4.0_supa\gara_reconstruction_v5\node_modules\next\dist\server\base-server.js:1496:28)
    at async DevServer.renderPageComponent (E:\APP-LAPTOP-SYNC\cencomOS_gara_4.0_supa\gara_reconstruction_v5\node_modules\next\dist\server\base-server.js:1924:24)
    at async DevServer.renderToResponseImpl (E:\APP-LAPTOP-SYNC\cencomOS_gara_4.0_supa\gara_reconstruction_v5\node_modules\next\dist\server\base-server.js:1962:32)
    at async DevServer.pipeImpl (E:\APP-LAPTOP-SYNC\cencomOS_gara_4.0_supa\gara_reconstruction_v5\node_modules\next\dist\server\base-server.js:922:25)
    at async NextNodeServer.handleCatchallRenderRequest (E:\APP-LAPTOP-SYNC\cencomOS_gara_4.0_supa\gara_reconstruction_v5\node_modules\next\dist\server\next-server.js:272:17)
    at async DevServer.handleRequestImpl (E:\APP-LAPTOP-SYNC\cencomOS_gara_4.0_supa\gara_reconstruction_v5\node_modules\next\dist\server\base-server.js:818:17)
    at async E:\APP-LAPTOP-SYNC\cencomOS_gara_4.0_supa\gara_reconstruction_v5\node_modules\next\dist\server\dev\next-dev-server.js:339:20
    at async Span.traceAsyncFn (E:\APP-LAPTOP-SYNC\cencomOS_gara_4.0_supa\gara_reconstruction_v5\node_modules\next\dist\trace\trace.js:154:20)
    at async DevServer.handleRequest (E:\APP-LAPTOP-SYNC\cencomOS_gara_4.0_supa\gara_reconstruction_v5\node_modules\next\dist\server\dev\next-dev-server.js:336:24)
    at async invokeRender (E:\APP-LAPTOP-SYNC\cencomOS_gara_4.0_supa\gara_reconstruction_v5\node_modules\next\dist\server\lib\router-server.js:179:21)
    at async handleRequest (E:\APP-LAPTOP-SYNC\cencomOS_gara_4.0_supa\gara_reconstruction_v5\node_modules\next\dist\server\lib\router-server.js:359:24)
    at async requestHandlerImpl (E:\APP-LAPTOP-SYNC\cencomOS_gara_4.0_supa\gara_reconstruction_v5\node_modules\next\dist\server\lib\router-server.js:383:13)
    at async Server.requestListener (E:\APP-LAPTOP-SYNC\cencomOS_gara_4.0_supa\gara_reconstruction_v5\node_modules\next\dist\server\lib\start-server.js:141:13) userId=U-XUONG
[2026-08-31T21:29:59.194Z] ERROR module=rpc message="RPC handler failed" fn=scHoanThanh error=Chưa bắt đầu sửa — không thể hoàn thành stack=Error: Chưa bắt đầu sửa — không thể hoàn thành
    at Module.scHoanThanh (webpack-internal:///(rsc)/./lib/core/sc.ts:298:15)
    at process.processTicksAndRejections (node:internal/process/task_queues:104:5)
    at async dispatch (webpack-internal:///(rsc)/./lib/rpc.ts:399:12)
    at async POST (webpack-internal:///(rsc)/./app/api/rpc/route.ts:67:24)
    at async E:\APP-LAPTOP-SYNC\cencomOS_gara_4.0_supa\gara_reconstruction_v5\node_modules\next\dist\compiled\next-server\app-route.runtime.dev.js:6:57228
    at async eT.execute (E:\APP-LAPTOP-SYNC\cencomOS_gara_4.0_supa\gara_reconstruction_v5\node_modules\next\dist\compiled\next-server\app-route.runtime.dev.js:6:46851)
    at async eT.handle (E:\APP-LAPTOP-SYNC\cencomOS_gara_4.0_supa\gara_reconstruction_v5\node_modules\next\dist\compiled\next-server\app-route.runtime.dev.js:6:58760)
    at async doRender (E:\APP-LAPTOP-SYNC\cencomOS_gara_4.0_supa\gara_reconstruction_v5\node_modules\next\dist\server\base-server.js:1366:42)
    at async cacheEntry.responseCache.get.routeKind (E:\APP-LAPTOP-SYNC\cencomOS_gara_4.0_supa\gara_reconstruction_v5\node_modules\next\dist\server\base-server.js:1588:28)
    at async DevServer.renderToResponseWithComponentsImpl (E:\APP-LAPTOP-SYNC\cencomOS_gara_4.0_supa\gara_reconstruction_v5\node_modules\next\dist\server\base-server.js:1496:28)
    at async DevServer.renderPageComponent (E:\APP-LAPTOP-SYNC\cencomOS_gara_4.0_supa\gara_reconstruction_v5\node_modules\next\dist\server\base-server.js:1924:24)
    at async DevServer.renderToResponseImpl (E:\APP-LAPTOP-SYNC\cencomOS_gara_4.0_supa\gara_reconstruction_v5\node_modules\next\dist\server\base-server.js:1962:32)
    at async DevServer.pipeImpl (E:\APP-LAPTOP-SYNC\cencomOS_gara_4.0_supa\gara_reconstruction_v5\node_modules\next\dist\server\base-server.js:922:25)
    at async NextNodeServer.handleCatchallRenderRequest (E:\APP-LAPTOP-SYNC\cencomOS_gara_4.0_supa\gara_reconstruction_v5\node_modules\next\dist\server\next-server.js:272:17)
    at async DevServer.handleRequestImpl (E:\APP-LAPTOP-SYNC\cencomOS_gara_4.0_supa\gara_reconstruction_v5\node_modules\next\dist\server\base-server.js:818:17)
    at async E:\APP-LAPTOP-SYNC\cencomOS_gara_4.0_supa\gara_reconstruction_v5\node_modules\next\dist\server\dev\next-dev-server.js:339:20
    at async Span.traceAsyncFn (E:\APP-LAPTOP-SYNC\cencomOS_gara_4.0_supa\gara_reconstruction_v5\node_modules\next\dist\trace\trace.js:154:20)
    at async DevServer.handleRequest (E:\APP-LAPTOP-SYNC\cencomOS_gara_4.0_supa\gara_reconstruction_v5\node_modules\next\dist\server\dev\next-dev-server.js:336:24)
    at async invokeRender (E:\APP-LAPTOP-SYNC\cencomOS_gara_4.0_supa\gara_reconstruction_v5\node_modules\next\dist\server\lib\router-server.js:179:21)
    at async handleRequest (E:\APP-LAPTOP-SYNC\cencomOS_gara_4.0_supa\gara_reconstruction_v5\node_modules\next\dist\server\lib\router-server.js:359:24)
    at async requestHandlerImpl (E:\APP-LAPTOP-SYNC\cencomOS_gara_4.0_supa\gara_reconstruction_v5\node_modules\next\dist\server\lib\router-server.js:383:13)
    at async Server.requestListener (E:\APP-LAPTOP-SYNC\cencomOS_gara_4.0_supa\gara_reconstruction_v5\node_modules\next\dist\server\lib\start-server.js:141:13) userId=U-XUONG
[2026-08-31T21:29:59.200Z] ERROR module=rpc message="RPC handler failed" fn=scTuChoi error=Không thể từ chối khi phiếu đang da_hoan stack=Error: Không thể từ chối khi phiếu đang da_hoan
    at Module.scTuChoi (webpack-internal:///(rsc)/./lib/core/sc.ts:332:15)
    at process.processTicksAndRejections (node:internal/process/task_queues:104:5)
    at async dispatch (webpack-internal:///(rsc)/./lib/rpc.ts:399:12)
    at async POST (webpack-internal:///(rsc)/./app/api/rpc/route.ts:67:24)
    at async E:\APP-LAPTOP-SYNC\cencomOS_gara_4.0_supa\gara_reconstruction_v5\node_modules\next\dist\compiled\next-server\app-route.runtime.dev.js:6:57228
    at async eT.execute (E:\APP-LAPTOP-SYNC\cencomOS_gara_4.0_supa\gara_reconstruction_v5\node_modules\next\dist\compiled\next-server\app-route.runtime.dev.js:6:46851)
    at async eT.handle (E:\APP-LAPTOP-SYNC\cencomOS_gara_4.0_supa\gara_reconstruction_v5\node_modules\next\dist\compiled\next-server\app-route.runtime.dev.js:6:58760)
    at async doRender (E:\APP-LAPTOP-SYNC\cencomOS_gara_4.0_supa\gara_reconstruction_v5\node_modules\next\dist\server\base-server.js:1366:42)
    at async cacheEntry.responseCache.get.routeKind (E:\APP-LAPTOP-SYNC\cencomOS_gara_4.0_supa\gara_reconstruction_v5\node_modules\next\dist\server\base-server.js:1588:28)
    at async DevServer.renderToResponseWithComponentsImpl (E:\APP-LAPTOP-SYNC\cencomOS_gara_4.0_supa\gara_reconstruction_v5\node_modules\next\dist\server\base-server.js:1496:28)
    at async DevServer.renderPageComponent (E:\APP-LAPTOP-SYNC\cencomOS_gara_4.0_supa\gara_reconstruction_v5\node_modules\next\dist\server\base-server.js:1924:24)
    at async DevServer.renderToResponseImpl (E:\APP-LAPTOP-SYNC\cencomOS_gara_4.0_supa\gara_reconstruction_v5\node_modules\next\dist\server\base-server.js:1962:32)
    at async DevServer.pipeImpl (E:\APP-LAPTOP-SYNC\cencomOS_gara_4.0_supa\gara_reconstruction_v5\node_modules\next\dist\server\base-server.js:922:25)
    at async NextNodeServer.handleCatchallRenderRequest (E:\APP-LAPTOP-SYNC\cencomOS_gara_4.0_supa\gara_reconstruction_v5\node_modules\next\dist\server\next-server.js:272:17)
    at async DevServer.handleRequestImpl (E:\APP-LAPTOP-SYNC\cencomOS_gara_4.0_supa\gara_reconstruction_v5\node_modules\next\dist\server\base-server.js:818:17)
    at async E:\APP-LAPTOP-SYNC\cencomOS_gara_4.0_supa\gara_reconstruction_v5\node_modules\next\dist\server\dev\next-dev-server.js:339:20
    at async Span.traceAsyncFn (E:\APP-LAPTOP-SYNC\cencomOS_gara_4.0_supa\gara_reconstruction_v5\node_modules\next\dist\trace\trace.js:154:20)
    at async DevServer.handleRequest (E:\APP-LAPTOP-SYNC\cencomOS_gara_4.0_supa\gara_reconstruction_v5\node_modules\next\dist\server\dev\next-dev-server.js:336:24)
    at async invokeRender (E:\APP-LAPTOP-SYNC\cencomOS_gara_4.0_supa\gara_reconstruction_v5\node_modules\next\dist\server\lib\router-server.js:179:21)
    at async handleRequest (E:\APP-LAPTOP-SYNC\cencomOS_gara_4.0_supa\gara_reconstruction_v5\node_modules\next\dist\server\lib\router-server.js:359:24)
    at async requestHandlerImpl (E:\APP-LAPTOP-SYNC\cencomOS_gara_4.0_supa\gara_reconstruction_v5\node_modules\next\dist\server\lib\router-server.js:383:13)
    at async Server.requestListener (E:\APP-LAPTOP-SYNC\cencomOS_gara_4.0_supa\gara_reconstruction_v5\node_modules\next\dist\server\lib\start-server.js:141:13) userId=U-XUONG
[2026-08-31T21:29:59.349Z] ERROR module=rpc message="RPC handler failed" fn=phieuGet error=404: không tìm thấy phiếu stack=Error: 404: không tìm thấy phiếu
    at Module.phieuGet (webpack-internal:///(rsc)/./lib/core/kho.ts:565:15)
    at process.processTicksAndRejections (node:internal/process/task_queues:104:5)
    at async dispatch (webpack-internal:///(rsc)/./lib/rpc.ts:399:12)
    at async POST (webpack-internal:///(rsc)/./app/api/rpc/route.ts:67:24)
    at async E:\APP-LAPTOP-SYNC\cencomOS_gara_4.0_supa\gara_reconstruction_v5\node_modules\next\dist\compiled\next-server\app-route.runtime.dev.js:6:57228
    at async eT.execute (E:\APP-LAPTOP-SYNC\cencomOS_gara_4.0_supa\gara_reconstruction_v5\node_modules\next\dist\compiled\next-server\app-route.runtime.dev.js:6:46851)
    at async eT.handle (E:\APP-LAPTOP-SYNC\cencomOS_gara_4.0_supa\gara_reconstruction_v5\node_modules\next\dist\compiled\next-server\app-route.runtime.dev.js:6:58760)
    at async doRender (E:\APP-LAPTOP-SYNC\cencomOS_gara_4.0_supa\gara_reconstruction_v5\node_modules\next\dist\server\base-server.js:1366:42)
    at async cacheEntry.responseCache.get.routeKind (E:\APP-LAPTOP-SYNC\cencomOS_gara_4.0_supa\gara_reconstruction_v5\node_modules\next\dist\server\base-server.js:1588:28)
    at async DevServer.renderToResponseWithComponentsImpl (E:\APP-LAPTOP-SYNC\cencomOS_gara_4.0_supa\gara_reconstruction_v5\node_modules\next\dist\server\base-server.js:1496:28)
    at async DevServer.renderPageComponent (E:\APP-LAPTOP-SYNC\cencomOS_gara_4.0_supa\gara_reconstruction_v5\node_modules\next\dist\server\base-server.js:1924:24)
    at async DevServer.renderToResponseImpl (E:\APP-LAPTOP-SYNC\cencomOS_gara_4.0_supa\gara_reconstruction_v5\node_modules\next\dist\server\base-server.js:1962:32)
    at async DevServer.pipeImpl (E:\APP-LAPTOP-SYNC\cencomOS_gara_4.0_supa\gara_reconstruction_v5\node_modules\next\dist\server\base-server.js:922:25)
    at async NextNodeServer.handleCatchallRenderRequest (E:\APP-LAPTOP-SYNC\cencomOS_gara_4.0_supa\gara_reconstruction_v5\node_modules\next\dist\server\next-server.js:272:17)
    at async DevServer.handleRequestImpl (E:\APP-LAPTOP-SYNC\cencomOS_gara_4.0_supa\gara_reconstruction_v5\node_modules\next\dist\server\base-server.js:818:17)
    at async E:\APP-LAPTOP-SYNC\cencomOS_gara_4.0_supa\gara_reconstruction_v5\node_modules\next\dist\server\dev\next-dev-server.js:339:20
    at async Span.traceAsyncFn (E:\APP-LAPTOP-SYNC\cencomOS_gara_4.0_supa\gara_reconstruction_v5\node_modules\next\dist\trace\trace.js:154:20)
    at async DevServer.handleRequest (E:\APP-LAPTOP-SYNC\cencomOS_gara_4.0_supa\gara_reconstruction_v5\node_modules\next\dist\server\dev\next-dev-server.js:336:24)
    at async invokeRender (E:\APP-LAPTOP-SYNC\cencomOS_gara_4.0_supa\gara_reconstruction_v5\node_modules\next\dist\server\lib\router-server.js:179:21)
    at async handleRequest (E:\APP-LAPTOP-SYNC\cencomOS_gara_4.0_supa\gara_reconstruction_v5\node_modules\next\dist\server\lib\router-server.js:359:24)
    at async requestHandlerImpl (E:\APP-LAPTOP-SYNC\cencomOS_gara_4.0_supa\gara_reconstruction_v5\node_modules\next\dist\server\lib\router-server.js:383:13)
    at async Server.requestListener (E:\APP-LAPTOP-SYNC\cencomOS_gara_4.0_supa\gara_reconstruction_v5\node_modules\next\dist\server\lib\start-server.js:141:13) userId=U-XUONG
[2026-08-31T21:29:59.426Z] ERROR module=rpc message="RPC handler failed" fn=scGet error=Không tìm thấy phiếu sửa chữa stack=Error: Không tìm thấy phiếu sửa chữa
    at Module.scGet (webpack-internal:///(rsc)/./lib/core/sc.ts:124:19)
    at process.processTicksAndRejections (node:internal/process/task_queues:104:5)
    at async dispatch (webpack-internal:///(rsc)/./lib/rpc.ts:399:12)
    at async POST (webpack-internal:///(rsc)/./app/api/rpc/route.ts:67:24)
    at async E:\APP-LAPTOP-SYNC\cencomOS_gara_4.0_supa\gara_reconstruction_v5\node_modules\next\dist\compiled\next-server\app-route.runtime.dev.js:6:57228
    at async eT.execute (E:\APP-LAPTOP-SYNC\cencomOS_gara_4.0_supa\gara_reconstruction_v5\node_modules\next\dist\compiled\next-server\app-route.runtime.dev.js:6:46851)
    at async eT.handle (E:\APP-LAPTOP-SYNC\cencomOS_gara_4.0_supa\gara_reconstruction_v5\node_modules\next\dist\compiled\next-server\app-route.runtime.dev.js:6:58760)
    at async doRender (E:\APP-LAPTOP-SYNC\cencomOS_gara_4.0_supa\gara_reconstruction_v5\node_modules\next\dist\server\base-server.js:1366:42)
    at async cacheEntry.responseCache.get.routeKind (E:\APP-LAPTOP-SYNC\cencomOS_gara_4.0_supa\gara_reconstruction_v5\node_modules\next\dist\server\base-server.js:1588:28)
    at async DevServer.renderToResponseWithComponentsImpl (E:\APP-LAPTOP-SYNC\cencomOS_gara_4.0_supa\gara_reconstruction_v5\node_modules\next\dist\server\base-server.js:1496:28)
    at async DevServer.renderPageComponent (E:\APP-LAPTOP-SYNC\cencomOS_gara_4.0_supa\gara_reconstruction_v5\node_modules\next\dist\server\base-server.js:1924:24)
    at async DevServer.renderToResponseImpl (E:\APP-LAPTOP-SYNC\cencomOS_gara_4.0_supa\gara_reconstruction_v5\node_modules\next\dist\server\base-server.js:1962:32)
    at async DevServer.pipeImpl (E:\APP-LAPTOP-SYNC\cencomOS_gara_4.0_supa\gara_reconstruction_v5\node_modules\next\dist\server\base-server.js:922:25)
    at async NextNodeServer.handleCatchallRenderRequest (E:\APP-LAPTOP-SYNC\cencomOS_gara_4.0_supa\gara_reconstruction_v5\node_modules\next\dist\server\next-server.js:272:17)
    at async DevServer.handleRequestImpl (E:\APP-LAPTOP-SYNC\cencomOS_gara_4.0_supa\gara_reconstruction_v5\node_modules\next\dist\server\base-server.js:818:17)
    at async E:\APP-LAPTOP-SYNC\cencomOS_gara_4.0_supa\gara_reconstruction_v5\node_modules\next\dist\server\dev\next-dev-server.js:339:20
    at async Span.traceAsyncFn (E:\APP-LAPTOP-SYNC\cencomOS_gara_4.0_supa\gara_reconstruction_v5\node_modules\next\dist\trace\trace.js:154:20)
    at async DevServer.handleRequest (E:\APP-LAPTOP-SYNC\cencomOS_gara_4.0_supa\gara_reconstruction_v5\node_modules\next\dist\server\dev\next-dev-server.js:336:24)
    at async invokeRender (E:\APP-LAPTOP-SYNC\cencomOS_gara_4.0_supa\gara_reconstruction_v5\node_modules\next\dist\server\lib\router-server.js:179:21)
    at async handleRequest (E:\APP-LAPTOP-SYNC\cencomOS_gara_4.0_supa\gara_reconstruction_v5\node_modules\next\dist\server\lib\router-server.js:359:24)
    at async requestHandlerImpl (E:\APP-LAPTOP-SYNC\cencomOS_gara_4.0_supa\gara_reconstruction_v5\node_modules\next\dist\server\lib\router-server.js:383:13)
    at async Server.requestListener (E:\APP-LAPTOP-SYNC\cencomOS_gara_4.0_supa\gara_reconstruction_v5\node_modules\next\dist\server\lib\start-server.js:141:13) userId=U-KETOAN
[2026-08-31T21:29:59.466Z] ERROR module=rpc message="RPC handler failed" fn=scQuyetToan error=Không thể quyết toán — thiếu hồ sơ: Phiếu nhập kho vật tư mới, Phiếu xuất kho cho SC stack=Error: Không thể quyết toán — thiếu hồ sơ: Phiếu nhập kho vật tư mới, Phiếu xuất kho cho SC
    at Module.scQuyetToan (webpack-internal:///(rsc)/./lib/core/sc.ts:388:15)
    at process.processTicksAndRejections (node:internal/process/task_queues:104:5)
    at async dispatch (webpack-internal:///(rsc)/./lib/rpc.ts:399:12)
    at async POST (webpack-internal:///(rsc)/./app/api/rpc/route.ts:67:24)
    at async E:\APP-LAPTOP-SYNC\cencomOS_gara_4.0_supa\gara_reconstruction_v5\node_modules\next\dist\compiled\next-server\app-route.runtime.dev.js:6:57228
    at async eT.execute (E:\APP-LAPTOP-SYNC\cencomOS_gara_4.0_supa\gara_reconstruction_v5\node_modules\next\dist\compiled\next-server\app-route.runtime.dev.js:6:46851)
    at async eT.handle (E:\APP-LAPTOP-SYNC\cencomOS_gara_4.0_supa\gara_reconstruction_v5\node_modules\next\dist\compiled\next-server\app-route.runtime.dev.js:6:58760)
    at async doRender (E:\APP-LAPTOP-SYNC\cencomOS_gara_4.0_supa\gara_reconstruction_v5\node_modules\next\dist\server\base-server.js:1366:42)
    at async cacheEntry.responseCache.get.routeKind (E:\APP-LAPTOP-SYNC\cencomOS_gara_4.0_supa\gara_reconstruction_v5\node_modules\next\dist\server\base-server.js:1588:28)
    at async DevServer.renderToResponseWithComponentsImpl (E:\APP-LAPTOP-SYNC\cencomOS_gara_4.0_supa\gara_reconstruction_v5\node_modules\next\dist\server\base-server.js:1496:28)
    at async DevServer.renderPageComponent (E:\APP-LAPTOP-SYNC\cencomOS_gara_4.0_supa\gara_reconstruction_v5\node_modules\next\dist\server\base-server.js:1924:24)
    at async DevServer.renderToResponseImpl (E:\APP-LAPTOP-SYNC\cencomOS_gara_4.0_supa\gara_reconstruction_v5\node_modules\next\dist\server\base-server.js:1962:32)
    at async DevServer.pipeImpl (E:\APP-LAPTOP-SYNC\cencomOS_gara_4.0_supa\gara_reconstruction_v5\node_modules\next\dist\server\base-server.js:922:25)
    at async NextNodeServer.handleCatchallRenderRequest (E:\APP-LAPTOP-SYNC\cencomOS_gara_4.0_supa\gara_reconstruction_v5\node_modules\next\dist\server\next-server.js:272:17)
    at async DevServer.handleRequestImpl (E:\APP-LAPTOP-SYNC\cencomOS_gara_4.0_supa\gara_reconstruction_v5\node_modules\next\dist\server\base-server.js:818:17)
    at async E:\APP-LAPTOP-SYNC\cencomOS_gara_4.0_supa\gara_reconstruction_v5\node_modules\next\dist\server\dev\next-dev-server.js:339:20
    at async Span.traceAsyncFn (E:\APP-LAPTOP-SYNC\cencomOS_gara_4.0_supa\gara_reconstruction_v5\node_modules\next\dist\trace\trace.js:154:20)
    at async DevServer.handleRequest (E:\APP-LAPTOP-SYNC\cencomOS_gara_4.0_supa\gara_reconstruction_v5\node_modules\next\dist\server\dev\next-dev-server.js:336:24)
    at async invokeRender (E:\APP-LAPTOP-SYNC\cencomOS_gara_4.0_supa\gara_reconstruction_v5\node_modules\next\dist\server\lib\router-server.js:179:21)
    at async handleRequest (E:\APP-LAPTOP-SYNC\cencomOS_gara_4.0_supa\gara_reconstruction_v5\node_modules\next\dist\server\lib\router-server.js:359:24)
    at async requestHandlerImpl (E:\APP-LAPTOP-SYNC\cencomOS_gara_4.0_supa\gara_reconstruction_v5\node_modules\next\dist\server\lib\router-server.js:383:13)
    at async Server.requestListener (E:\APP-LAPTOP-SYNC\cencomOS_gara_4.0_supa\gara_reconstruction_v5\node_modules\next\dist\server\lib\start-server.js:141:13) userId=U-KETOAN
[2026-08-31T21:29:59.613Z] ERROR module=rpc message="RPC handler failed" fn=phieuGet error=404: không tìm thấy phiếu stack=Error: 404: không tìm thấy phiếu
    at Module.phieuGet (webpack-internal:///(rsc)/./lib/core/kho.ts:565:15)
    at process.processTicksAndRejections (node:internal/process/task_queues:104:5)
    at async dispatch (webpack-internal:///(rsc)/./lib/rpc.ts:399:12)
    at async POST (webpack-internal:///(rsc)/./app/api/rpc/route.ts:67:24)
    at async E:\APP-LAPTOP-SYNC\cencomOS_gara_4.0_supa\gara_reconstruction_v5\node_modules\next\dist\compiled\next-server\app-route.runtime.dev.js:6:57228
    at async eT.execute (E:\APP-LAPTOP-SYNC\cencomOS_gara_4.0_supa\gara_reconstruction_v5\node_modules\next\dist\compiled\next-server\app-route.runtime.dev.js:6:46851)
    at async eT.handle (E:\APP-LAPTOP-SYNC\cencomOS_gara_4.0_supa\gara_reconstruction_v5\node_modules\next\dist\compiled\next-server\app-route.runtime.dev.js:6:58760)
    at async doRender (E:\APP-LAPTOP-SYNC\cencomOS_gara_4.0_supa\gara_reconstruction_v5\node_modules\next\dist\server\base-server.js:1366:42)
    at async cacheEntry.responseCache.get.routeKind (E:\APP-LAPTOP-SYNC\cencomOS_gara_4.0_supa\gara_reconstruction_v5\node_modules\next\dist\server\base-server.js:1588:28)
    at async DevServer.renderToResponseWithComponentsImpl (E:\APP-LAPTOP-SYNC\cencomOS_gara_4.0_supa\gara_reconstruction_v5\node_modules\next\dist\server\base-server.js:1496:28)
    at async DevServer.renderPageComponent (E:\APP-LAPTOP-SYNC\cencomOS_gara_4.0_supa\gara_reconstruction_v5\node_modules\next\dist\server\base-server.js:1924:24)
    at async DevServer.renderToResponseImpl (E:\APP-LAPTOP-SYNC\cencomOS_gara_4.0_supa\gara_reconstruction_v5\node_modules\next\dist\server\base-server.js:1962:32)
    at async DevServer.pipeImpl (E:\APP-LAPTOP-SYNC\cencomOS_gara_4.0_supa\gara_reconstruction_v5\node_modules\next\dist\server\base-server.js:922:25)
    at async NextNodeServer.handleCatchallRenderRequest (E:\APP-LAPTOP-SYNC\cencomOS_gara_4.0_supa\gara_reconstruction_v5\node_modules\next\dist\server\next-server.js:272:17)
    at async DevServer.handleRequestImpl (E:\APP-LAPTOP-SYNC\cencomOS_gara_4.0_supa\gara_reconstruction_v5\node_modules\next\dist\server\base-server.js:818:17)
    at async E:\APP-LAPTOP-SYNC\cencomOS_gara_4.0_supa\gara_reconstruction_v5\node_modules\next\dist\server\dev\next-dev-server.js:339:20
    at async Span.traceAsyncFn (E:\APP-LAPTOP-SYNC\cencomOS_gara_4.0_supa\gara_reconstruction_v5\node_modules\next\dist\trace\trace.js:154:20)
    at async DevServer.handleRequest (E:\APP-LAPTOP-SYNC\cencomOS_gara_4.0_supa\gara_reconstruction_v5\node_modules\next\dist\server\dev\next-dev-server.js:336:24)
    at async invokeRender (E:\APP-LAPTOP-SYNC\cencomOS_gara_4.0_supa\gara_reconstruction_v5\node_modules\next\dist\server\lib\router-server.js:179:21)
    at async handleRequest (E:\APP-LAPTOP-SYNC\cencomOS_gara_4.0_supa\gara_reconstruction_v5\node_modules\next\dist\server\lib\router-server.js:359:24)
    at async requestHandlerImpl (E:\APP-LAPTOP-SYNC\cencomOS_gara_4.0_supa\gara_reconstruction_v5\node_modules\next\dist\server\lib\router-server.js:383:13)
    at async Server.requestListener (E:\APP-LAPTOP-SYNC\cencomOS_gara_4.0_supa\gara_reconstruction_v5\node_modules\next\dist\server\lib\start-server.js:141:13) userId=U-KETOAN
[2026-08-31T21:29:59.693Z] ERROR module=rpc message="RPC handler failed" fn=scGet error=Không tìm thấy phiếu sửa chữa stack=Error: Không tìm thấy phiếu sửa chữa
    at Module.scGet (webpack-internal:///(rsc)/./lib/core/sc.ts:124:19)
    at process.processTicksAndRejections (node:internal/process/task_queues:104:5)
    at async dispatch (webpack-internal:///(rsc)/./lib/rpc.ts:399:12)
    at async POST (webpack-internal:///(rsc)/./app/api/rpc/route.ts:67:24)
    at async E:\APP-LAPTOP-SYNC\cencomOS_gara_4.0_supa\gara_reconstruction_v5\node_modules\next\dist\compiled\next-server\app-route.runtime.dev.js:6:57228
    at async eT.execute (E:\APP-LAPTOP-SYNC\cencomOS_gara_4.0_supa\gara_reconstruction_v5\node_modules\next\dist\compiled\next-server\app-route.runtime.dev.js:6:46851)
    at async eT.handle (E:\APP-LAPTOP-SYNC\cencomOS_gara_4.0_supa\gara_reconstruction_v5\node_modules\next\dist\compiled\next-server\app-route.runtime.dev.js:6:58760)
    at async doRender (E:\APP-LAPTOP-SYNC\cencomOS_gara_4.0_supa\gara_reconstruction_v5\node_modules\next\dist\server\base-server.js:1366:42)
    at async cacheEntry.responseCache.get.routeKind (E:\APP-LAPTOP-SYNC\cencomOS_gara_4.0_supa\gara_reconstruction_v5\node_modules\next\dist\server\base-server.js:1588:28)
    at async DevServer.renderToResponseWithComponentsImpl (E:\APP-LAPTOP-SYNC\cencomOS_gara_4.0_supa\gara_reconstruction_v5\node_modules\next\dist\server\base-server.js:1496:28)
    at async DevServer.renderPageComponent (E:\APP-LAPTOP-SYNC\cencomOS_gara_4.0_supa\gara_reconstruction_v5\node_modules\next\dist\server\base-server.js:1924:24)
    at async DevServer.renderToResponseImpl (E:\APP-LAPTOP-SYNC\cencomOS_gara_4.0_supa\gara_reconstruction_v5\node_modules\next\dist\server\base-server.js:1962:32)
    at async DevServer.pipeImpl (E:\APP-LAPTOP-SYNC\cencomOS_gara_4.0_supa\gara_reconstruction_v5\node_modules\next\dist\server\base-server.js:922:25)
    at async NextNodeServer.handleCatchallRenderRequest (E:\APP-LAPTOP-SYNC\cencomOS_gara_4.0_supa\gara_reconstruction_v5\node_modules\next\dist\server\next-server.js:272:17)
    at async DevServer.handleRequestImpl (E:\APP-LAPTOP-SYNC\cencomOS_gara_4.0_supa\gara_reconstruction_v5\node_modules\next\dist\server\base-server.js:818:17)
    at async E:\APP-LAPTOP-SYNC\cencomOS_gara_4.0_supa\gara_reconstruction_v5\node_modules\next\dist\server\dev\next-dev-server.js:339:20
    at async Span.traceAsyncFn (E:\APP-LAPTOP-SYNC\cencomOS_gara_4.0_supa\gara_reconstruction_v5\node_modules\next\dist\trace\trace.js:154:20)
    at async DevServer.handleRequest (E:\APP-LAPTOP-SYNC\cencomOS_gara_4.0_supa\gara_reconstruction_v5\node_modules\next\dist\server\dev\next-dev-server.js:336:24)
    at async invokeRender (E:\APP-LAPTOP-SYNC\cencomOS_gara_4.0_supa\gara_reconstruction_v5\node_modules\next\dist\server\lib\router-server.js:179:21)
    at async handleRequest (E:\APP-LAPTOP-SYNC\cencomOS_gara_4.0_supa\gara_reconstruction_v5\node_modules\next\dist\server\lib\router-server.js:359:24)
    at async requestHandlerImpl (E:\APP-LAPTOP-SYNC\cencomOS_gara_4.0_supa\gara_reconstruction_v5\node_modules\next\dist\server\lib\router-server.js:383:13)
    at async Server.requestListener (E:\APP-LAPTOP-SYNC\cencomOS_gara_4.0_supa\gara_reconstruction_v5\node_modules\next\dist\server\lib\start-server.js:141:13) userId=U-KHO
[2026-08-31T21:29:59.876Z] ERROR module=rpc message="RPC handler failed" fn=phieuGet error=404: không tìm thấy phiếu stack=Error: 404: không tìm thấy phiếu
    at Module.phieuGet (webpack-internal:///(rsc)/./lib/core/kho.ts:565:15)
    at process.processTicksAndRejections (node:internal/process/task_queues:104:5)
    at async dispatch (webpack-internal:///(rsc)/./lib/rpc.ts:399:12)
    at async POST (webpack-internal:///(rsc)/./app/api/rpc/route.ts:67:24)
    at async E:\APP-LAPTOP-SYNC\cencomOS_gara_4.0_supa\gara_reconstruction_v5\node_modules\next\dist\compiled\next-server\app-route.runtime.dev.js:6:57228
    at async eT.execute (E:\APP-LAPTOP-SYNC\cencomOS_gara_4.0_supa\gara_reconstruction_v5\node_modules\next\dist\compiled\next-server\app-route.runtime.dev.js:6:46851)
    at async eT.handle (E:\APP-LAPTOP-SYNC\cencomOS_gara_4.0_supa\gara_reconstruction_v5\node_modules\next\dist\compiled\next-server\app-route.runtime.dev.js:6:58760)
    at async doRender (E:\APP-LAPTOP-SYNC\cencomOS_gara_4.0_supa\gara_reconstruction_v5\node_modules\next\dist\server\base-server.js:1366:42)
    at async cacheEntry.responseCache.get.routeKind (E:\APP-LAPTOP-SYNC\cencomOS_gara_4.0_supa\gara_reconstruction_v5\node_modules\next\dist\server\base-server.js:1588:28)
    at async DevServer.renderToResponseWithComponentsImpl (E:\APP-LAPTOP-SYNC\cencomOS_gara_4.0_supa\gara_reconstruction_v5\node_modules\next\dist\server\base-server.js:1496:28)
    at async DevServer.renderPageComponent (E:\APP-LAPTOP-SYNC\cencomOS_gara_4.0_supa\gara_reconstruction_v5\node_modules\next\dist\server\base-server.js:1924:24)
    at async DevServer.renderToResponseImpl (E:\APP-LAPTOP-SYNC\cencomOS_gara_4.0_supa\gara_reconstruction_v5\node_modules\next\dist\server\base-server.js:1962:32)
    at async DevServer.pipeImpl (E:\APP-LAPTOP-SYNC\cencomOS_gara_4.0_supa\gara_reconstruction_v5\node_modules\next\dist\server\base-server.js:922:25)
    at async NextNodeServer.handleCatchallRenderRequest (E:\APP-LAPTOP-SYNC\cencomOS_gara_4.0_supa\gara_reconstruction_v5\node_modules\next\dist\server\next-server.js:272:17)
    at async DevServer.handleRequestImpl (E:\APP-LAPTOP-SYNC\cencomOS_gara_4.0_supa\gara_reconstruction_v5\node_modules\next\dist\server\base-server.js:818:17)
    at async E:\APP-LAPTOP-SYNC\cencomOS_gara_4.0_supa\gara_reconstruction_v5\node_modules\next\dist\server\dev\next-dev-server.js:339:20
    at async Span.traceAsyncFn (E:\APP-LAPTOP-SYNC\cencomOS_gara_4.0_supa\gara_reconstruction_v5\node_modules\next\dist\trace\trace.js:154:20)
    at async DevServer.handleRequest (E:\APP-LAPTOP-SYNC\cencomOS_gara_4.0_supa\gara_reconstruction_v5\node_modules\next\dist\server\dev\next-dev-server.js:336:24)
    at async invokeRender (E:\APP-LAPTOP-SYNC\cencomOS_gara_4.0_supa\gara_reconstruction_v5\node_modules\next\dist\server\lib\router-server.js:179:21)
    at async handleRequest (E:\APP-LAPTOP-SYNC\cencomOS_gara_4.0_supa\gara_reconstruction_v5\node_modules\next\dist\server\lib\router-server.js:359:24)
    at async requestHandlerImpl (E:\APP-LAPTOP-SYNC\cencomOS_gara_4.0_supa\gara_reconstruction_v5\node_modules\next\dist\server\lib\router-server.js:383:13)
    at async Server.requestListener (E:\APP-LAPTOP-SYNC\cencomOS_gara_4.0_supa\gara_reconstruction_v5\node_modules\next\dist\server\lib\start-server.js:141:13) userId=U-KHO
[2026-08-31T21:30:27.803Z] ERROR module=rpc message="RPC handler failed" fn=scGet error=Không tìm thấy phiếu sửa chữa stack=Error: Không tìm thấy phiếu sửa chữa
    at Module.scGet (webpack-internal:///(rsc)/./lib/core/sc.ts:124:19)
    at process.processTicksAndRejections (node:internal/process/task_queues:104:5)
    at async dispatch (webpack-internal:///(rsc)/./lib/rpc.ts:399:12)
    at async POST (webpack-internal:///(rsc)/./app/api/rpc/route.ts:67:24)
    at async E:\APP-LAPTOP-SYNC\cencomOS_gara_4.0_supa\gara_reconstruction_v5\node_modules\next\dist\compiled\next-server\app-route.runtime.dev.js:6:57228
    at async eT.execute (E:\APP-LAPTOP-SYNC\cencomOS_gara_4.0_supa\gara_reconstruction_v5\node_modules\next\dist\compiled\next-server\app-route.runtime.dev.js:6:46851)
    at async eT.handle (E:\APP-LAPTOP-SYNC\cencomOS_gara_4.0_supa\gara_reconstruction_v5\node_modules\next\dist\compiled\next-server\app-route.runtime.dev.js:6:58760)
    at async doRender (E:\APP-LAPTOP-SYNC\cencomOS_gara_4.0_supa\gara_reconstruction_v5\node_modules\next\dist\server\base-server.js:1366:42)
    at async cacheEntry.responseCache.get.routeKind (E:\APP-LAPTOP-SYNC\cencomOS_gara_4.0_supa\gara_reconstruction_v5\node_modules\next\dist\server\base-server.js:1588:28)
    at async DevServer.renderToResponseWithComponentsImpl (E:\APP-LAPTOP-SYNC\cencomOS_gara_4.0_supa\gara_reconstruction_v5\node_modules\next\dist\server\base-server.js:1496:28)
    at async DevServer.renderPageComponent (E:\APP-LAPTOP-SYNC\cencomOS_gara_4.0_supa\gara_reconstruction_v5\node_modules\next\dist\server\base-server.js:1924:24)
    at async DevServer.renderToResponseImpl (E:\APP-LAPTOP-SYNC\cencomOS_gara_4.0_supa\gara_reconstruction_v5\node_modules\next\dist\server\base-server.js:1962:32)
    at async DevServer.pipeImpl (E:\APP-LAPTOP-SYNC\cencomOS_gara_4.0_supa\gara_reconstruction_v5\node_modules\next\dist\server\base-server.js:922:25)
    at async NextNodeServer.handleCatchallRenderRequest (E:\APP-LAPTOP-SYNC\cencomOS_gara_4.0_supa\gara_reconstruction_v5\node_modules\next\dist\server\next-server.js:272:17)
    at async DevServer.handleRequestImpl (E:\APP-LAPTOP-SYNC\cencomOS_gara_4.0_supa\gara_reconstruction_v5\node_modules\next\dist\server\base-server.js:818:17)
    at async E:\APP-LAPTOP-SYNC\cencomOS_gara_4.0_supa\gara_reconstruction_v5\node_modules\next\dist\server\dev\next-dev-server.js:339:20
    at async Span.traceAsyncFn (E:\APP-LAPTOP-SYNC\cencomOS_gara_4.0_supa\gara_reconstruction_v5\node_modules\next\dist\trace\trace.js:154:20)
    at async DevServer.handleRequest (E:\APP-LAPTOP-SYNC\cencomOS_gara_4.0_supa\gara_reconstruction_v5\node_modules\next\dist\server\dev\next-dev-server.js:336:24)
    at async invokeRender (E:\APP-LAPTOP-SYNC\cencomOS_gara_4.0_supa\gara_reconstruction_v5\node_modules\next\dist\server\lib\router-server.js:179:21)
    at async handleRequest (E:\APP-LAPTOP-SYNC\cencomOS_gara_4.0_supa\gara_reconstruction_v5\node_modules\next\dist\server\lib\router-server.js:359:24)
    at async requestHandlerImpl (E:\APP-LAPTOP-SYNC\cencomOS_gara_4.0_supa\gara_reconstruction_v5\node_modules\next\dist\server\lib\router-server.js:383:13)
    at async Server.requestListener (E:\APP-LAPTOP-SYNC\cencomOS_gara_4.0_supa\gara_reconstruction_v5\node_modules\next\dist\server\lib\start-server.js:141:13) userId=U-ADMIN
[2026-08-31T21:30:27.865Z] ERROR module=rpc message="RPC handler failed" fn=scTuChoi error=Không thể từ chối khi phiếu đang da_hoan stack=Error: Không thể từ chối khi phiếu đang da_hoan
    at Module.scTuChoi (webpack-internal:///(rsc)/./lib/core/sc.ts:332:15)
    at process.processTicksAndRejections (node:internal/process/task_queues:104:5)
    at async dispatch (webpack-internal:///(rsc)/./lib/rpc.ts:399:12)
    at async POST (webpack-internal:///(rsc)/./app/api/rpc/route.ts:67:24)
    at async E:\APP-LAPTOP-SYNC\cencomOS_gara_4.0_supa\gara_reconstruction_v5\node_modules\next\dist\compiled\next-server\app-route.runtime.dev.js:6:57228
    at async eT.execute (E:\APP-LAPTOP-SYNC\cencomOS_gara_4.0_supa\gara_reconstruction_v5\node_modules\next\dist\compiled\next-server\app-route.runtime.dev.js:6:46851)
    at async eT.handle (E:\APP-LAPTOP-SYNC\cencomOS_gara_4.0_supa\gara_reconstruction_v5\node_modules\next\dist\compiled\next-server\app-route.runtime.dev.js:6:58760)
    at async doRender (E:\APP-LAPTOP-SYNC\cencomOS_gara_4.0_supa\gara_reconstruction_v5\node_modules\next\dist\server\base-server.js:1366:42)
    at async cacheEntry.responseCache.get.routeKind (E:\APP-LAPTOP-SYNC\cencomOS_gara_4.0_supa\gara_reconstruction_v5\node_modules\next\dist\server\base-server.js:1588:28)
    at async DevServer.renderToResponseWithComponentsImpl (E:\APP-LAPTOP-SYNC\cencomOS_gara_4.0_supa\gara_reconstruction_v5\node_modules\next\dist\server\base-server.js:1496:28)
    at async DevServer.renderPageComponent (E:\APP-LAPTOP-SYNC\cencomOS_gara_4.0_supa\gara_reconstruction_v5\node_modules\next\dist\server\base-server.js:1924:24)
    at async DevServer.renderToResponseImpl (E:\APP-LAPTOP-SYNC\cencomOS_gara_4.0_supa\gara_reconstruction_v5\node_modules\next\dist\server\base-server.js:1962:32)
    at async DevServer.pipeImpl (E:\APP-LAPTOP-SYNC\cencomOS_gara_4.0_supa\gara_reconstruction_v5\node_modules\next\dist\server\base-server.js:922:25)
    at async NextNodeServer.handleCatchallRenderRequest (E:\APP-LAPTOP-SYNC\cencomOS_gara_4.0_supa\gara_reconstruction_v5\node_modules\next\dist\server\next-server.js:272:17)
    at async DevServer.handleRequestImpl (E:\APP-LAPTOP-SYNC\cencomOS_gara_4.0_supa\gara_reconstruction_v5\node_modules\next\dist\server\base-server.js:818:17)
    at async E:\APP-LAPTOP-SYNC\cencomOS_gara_4.0_supa\gara_reconstruction_v5\node_modules\next\dist\server\dev\next-dev-server.js:339:20
    at async Span.traceAsyncFn (E:\APP-LAPTOP-SYNC\cencomOS_gara_4.0_supa\gara_reconstruction_v5\node_modules\next\dist\trace\trace.js:154:20)
    at async DevServer.handleRequest (E:\APP-LAPTOP-SYNC\cencomOS_gara_4.0_supa\gara_reconstruction_v5\node_modules\next\dist\server\dev\next-dev-server.js:336:24)
    at async invokeRender (E:\APP-LAPTOP-SYNC\cencomOS_gara_4.0_supa\gara_reconstruction_v5\node_modules\next\dist\server\lib\router-server.js:179:21)
    at async handleRequest (E:\APP-LAPTOP-SYNC\cencomOS_gara_4.0_supa\gara_reconstruction_v5\node_modules\next\dist\server\lib\router-server.js:359:24)
    at async requestHandlerImpl (E:\APP-LAPTOP-SYNC\cencomOS_gara_4.0_supa\gara_reconstruction_v5\node_modules\next\dist\server\lib\router-server.js:383:13)
    at async Server.requestListener (E:\APP-LAPTOP-SYNC\cencomOS_gara_4.0_supa\gara_reconstruction_v5\node_modules\next\dist\server\lib\start-server.js:141:13) userId=U-ADMIN
[2026-08-31T21:30:27.877Z] ERROR module=rpc message="RPC handler failed" fn=scQuyetToan error=Không thể quyết toán — thiếu hồ sơ: Kế hoạch sửa chữa (mẫu 01), Bản kiểm tu, Báo giá NCC (đã xác nhận), Phiếu nhập kho vật tư mới, Phiếu xuất kho cho SC, Biên bản nghiệm thu stack=Error: Không thể quyết toán — thiếu hồ sơ: Kế hoạch sửa chữa (mẫu 01), Bản kiểm tu, Báo giá NCC (đã xác nhận), Phiếu nhập kho vật tư mới, Phiếu xuất kho cho SC, Biên bản nghiệm thu
    at Module.scQuyetToan (webpack-internal:///(rsc)/./lib/core/sc.ts:388:15)
    at process.processTicksAndRejections (node:internal/process/task_queues:104:5)
    at async dispatch (webpack-internal:///(rsc)/./lib/rpc.ts:399:12)
    at async POST (webpack-internal:///(rsc)/./app/api/rpc/route.ts:67:24)
    at async E:\APP-LAPTOP-SYNC\cencomOS_gara_4.0_supa\gara_reconstruction_v5\node_modules\next\dist\compiled\next-server\app-route.runtime.dev.js:6:57228
    at async eT.execute (E:\APP-LAPTOP-SYNC\cencomOS_gara_4.0_supa\gara_reconstruction_v5\node_modules\next\dist\compiled\next-server\app-route.runtime.dev.js:6:46851)
    at async eT.handle (E:\APP-LAPTOP-SYNC\cencomOS_gara_4.0_supa\gara_reconstruction_v5\node_modules\next\dist\compiled\next-server\app-route.runtime.dev.js:6:58760)
    at async doRender (E:\APP-LAPTOP-SYNC\cencomOS_gara_4.0_supa\gara_reconstruction_v5\node_modules\next\dist\server\base-server.js:1366:42)
    at async cacheEntry.responseCache.get.routeKind (E:\APP-LAPTOP-SYNC\cencomOS_gara_4.0_supa\gara_reconstruction_v5\node_modules\next\dist\server\base-server.js:1588:28)
    at async DevServer.renderToResponseWithComponentsImpl (E:\APP-LAPTOP-SYNC\cencomOS_gara_4.0_supa\gara_reconstruction_v5\node_modules\next\dist\server\base-server.js:1496:28)
    at async DevServer.renderPageComponent (E:\APP-LAPTOP-SYNC\cencomOS_gara_4.0_supa\gara_reconstruction_v5\node_modules\next\dist\server\base-server.js:1924:24)
    at async DevServer.renderToResponseImpl (E:\APP-LAPTOP-SYNC\cencomOS_gara_4.0_supa\gara_reconstruction_v5\node_modules\next\dist\server\base-server.js:1962:32)
    at async DevServer.pipeImpl (E:\APP-LAPTOP-SYNC\cencomOS_gara_4.0_supa\gara_reconstruction_v5\node_modules\next\dist\server\base-server.js:922:25)
    at async NextNodeServer.handleCatchallRenderRequest (E:\APP-LAPTOP-SYNC\cencomOS_gara_4.0_supa\gara_reconstruction_v5\node_modules\next\dist\server\next-server.js:272:17)
    at async DevServer.handleRequestImpl (E:\APP-LAPTOP-SYNC\cencomOS_gara_4.0_supa\gara_reconstruction_v5\node_modules\next\dist\server\base-server.js:818:17)
    at async E:\APP-LAPTOP-SYNC\cencomOS_gara_4.0_supa\gara_reconstruction_v5\node_modules\next\dist\server\dev\next-dev-server.js:339:20
    at async Span.traceAsyncFn (E:\APP-LAPTOP-SYNC\cencomOS_gara_4.0_supa\gara_reconstruction_v5\node_modules\next\dist\trace\trace.js:154:20)
    at async DevServer.handleRequest (E:\APP-LAPTOP-SYNC\cencomOS_gara_4.0_supa\gara_reconstruction_v5\node_modules\next\dist\server\dev\next-dev-server.js:336:24)
    at async invokeRender (E:\APP-LAPTOP-SYNC\cencomOS_gara_4.0_supa\gara_reconstruction_v5\node_modules\next\dist\server\lib\router-server.js:179:21)
    at async handleRequest (E:\APP-LAPTOP-SYNC\cencomOS_gara_4.0_supa\gara_reconstruction_v5\node_modules\next\dist\server\lib\router-server.js:359:24)
    at async requestHandlerImpl (E:\APP-LAPTOP-SYNC\cencomOS_gara_4.0_supa\gara_reconstruction_v5\node_modules\next\dist\server\lib\router-server.js:383:13)
    at async Server.requestListener (E:\APP-LAPTOP-SYNC\cencomOS_gara_4.0_supa\gara_reconstruction_v5\node_modules\next\dist\server\lib\start-server.js:141:13) userId=U-ADMIN
[2026-08-31T21:30:28.089Z] ERROR module=rpc message="RPC handler failed" fn=phieuGet error=404: không tìm thấy phiếu stack=Error: 404: không tìm thấy phiếu
    at Module.phieuGet (webpack-internal:///(rsc)/./lib/core/kho.ts:565:15)
    at process.processTicksAndRejections (node:internal/process/task_queues:104:5)
    at async dispatch (webpack-internal:///(rsc)/./lib/rpc.ts:399:12)
    at async POST (webpack-internal:///(rsc)/./app/api/rpc/route.ts:67:24)
    at async E:\APP-LAPTOP-SYNC\cencomOS_gara_4.0_supa\gara_reconstruction_v5\node_modules\next\dist\compiled\next-server\app-route.runtime.dev.js:6:57228
    at async eT.execute (E:\APP-LAPTOP-SYNC\cencomOS_gara_4.0_supa\gara_reconstruction_v5\node_modules\next\dist\compiled\next-server\app-route.runtime.dev.js:6:46851)
    at async eT.handle (E:\APP-LAPTOP-SYNC\cencomOS_gara_4.0_supa\gara_reconstruction_v5\node_modules\next\dist\compiled\next-server\app-route.runtime.dev.js:6:58760)
    at async doRender (E:\APP-LAPTOP-SYNC\cencomOS_gara_4.0_supa\gara_reconstruction_v5\node_modules\next\dist\server\base-server.js:1366:42)
    at async cacheEntry.responseCache.get.routeKind (E:\APP-LAPTOP-SYNC\cencomOS_gara_4.0_supa\gara_reconstruction_v5\node_modules\next\dist\server\base-server.js:1588:28)
    at async DevServer.renderToResponseWithComponentsImpl (E:\APP-LAPTOP-SYNC\cencomOS_gara_4.0_supa\gara_reconstruction_v5\node_modules\next\dist\server\base-server.js:1496:28)
    at async DevServer.renderPageComponent (E:\APP-LAPTOP-SYNC\cencomOS_gara_4.0_supa\gara_reconstruction_v5\node_modules\next\dist\server\base-server.js:1924:24)
    at async DevServer.renderToResponseImpl (E:\APP-LAPTOP-SYNC\cencomOS_gara_4.0_supa\gara_reconstruction_v5\node_modules\next\dist\server\base-server.js:1962:32)
    at async DevServer.pipeImpl (E:\APP-LAPTOP-SYNC\cencomOS_gara_4.0_supa\gara_reconstruction_v5\node_modules\next\dist\server\base-server.js:922:25)
    at async NextNodeServer.handleCatchallRenderRequest (E:\APP-LAPTOP-SYNC\cencomOS_gara_4.0_supa\gara_reconstruction_v5\node_modules\next\dist\server\next-server.js:272:17)
    at async DevServer.handleRequestImpl (E:\APP-LAPTOP-SYNC\cencomOS_gara_4.0_supa\gara_reconstruction_v5\node_modules\next\dist\server\base-server.js:818:17)
    at async E:\APP-LAPTOP-SYNC\cencomOS_gara_4.0_supa\gara_reconstruction_v5\node_modules\next\dist\server\dev\next-dev-server.js:339:20
    at async Span.traceAsyncFn (E:\APP-LAPTOP-SYNC\cencomOS_gara_4.0_supa\gara_reconstruction_v5\node_modules\next\dist\trace\trace.js:154:20)
    at async DevServer.handleRequest (E:\APP-LAPTOP-SYNC\cencomOS_gara_4.0_supa\gara_reconstruction_v5\node_modules\next\dist\server\dev\next-dev-server.js:336:24)
    at async invokeRender (E:\APP-LAPTOP-SYNC\cencomOS_gara_4.0_supa\gara_reconstruction_v5\node_modules\next\dist\server\lib\router-server.js:179:21)
    at async handleRequest (E:\APP-LAPTOP-SYNC\cencomOS_gara_4.0_supa\gara_reconstruction_v5\node_modules\next\dist\server\lib\router-server.js:359:24)
    at async requestHandlerImpl (E:\APP-LAPTOP-SYNC\cencomOS_gara_4.0_supa\gara_reconstruction_v5\node_modules\next\dist\server\lib\router-server.js:383:13)
    at async Server.requestListener (E:\APP-LAPTOP-SYNC\cencomOS_gara_4.0_supa\gara_reconstruction_v5\node_modules\next\dist\server\lib\start-server.js:141:13) userId=U-ADMIN
[2026-08-31T21:30:28.190Z] ERROR module=rpc message="RPC handler failed" fn=scGet error=Không tìm thấy phiếu sửa chữa stack=Error: Không tìm thấy phiếu sửa chữa
    at Module.scGet (webpack-internal:///(rsc)/./lib/core/sc.ts:124:19)
    at process.processTicksAndRejections (node:internal/process/task_queues:104:5)
    at async dispatch (webpack-internal:///(rsc)/./lib/rpc.ts:399:12)
    at async POST (webpack-internal:///(rsc)/./app/api/rpc/route.ts:67:24)
    at async E:\APP-LAPTOP-SYNC\cencomOS_gara_4.0_supa\gara_reconstruction_v5\node_modules\next\dist\compiled\next-server\app-route.runtime.dev.js:6:57228
    at async eT.execute (E:\APP-LAPTOP-SYNC\cencomOS_gara_4.0_supa\gara_reconstruction_v5\node_modules\next\dist\compiled\next-server\app-route.runtime.dev.js:6:46851)
    at async eT.handle (E:\APP-LAPTOP-SYNC\cencomOS_gara_4.0_supa\gara_reconstruction_v5\node_modules\next\dist\compiled\next-server\app-route.runtime.dev.js:6:58760)
    at async doRender (E:\APP-LAPTOP-SYNC\cencomOS_gara_4.0_supa\gara_reconstruction_v5\node_modules\next\dist\server\base-server.js:1366:42)
    at async cacheEntry.responseCache.get.routeKind (E:\APP-LAPTOP-SYNC\cencomOS_gara_4.0_supa\gara_reconstruction_v5\node_modules\next\dist\server\base-server.js:1588:28)
    at async DevServer.renderToResponseWithComponentsImpl (E:\APP-LAPTOP-SYNC\cencomOS_gara_4.0_supa\gara_reconstruction_v5\node_modules\next\dist\server\base-server.js:1496:28)
    at async DevServer.renderPageComponent (E:\APP-LAPTOP-SYNC\cencomOS_gara_4.0_supa\gara_reconstruction_v5\node_modules\next\dist\server\base-server.js:1924:24)
    at async DevServer.renderToResponseImpl (E:\APP-LAPTOP-SYNC\cencomOS_gara_4.0_supa\gara_reconstruction_v5\node_modules\next\dist\server\base-server.js:1962:32)
    at async DevServer.pipeImpl (E:\APP-LAPTOP-SYNC\cencomOS_gara_4.0_supa\gara_reconstruction_v5\node_modules\next\dist\server\base-server.js:922:25)
    at async NextNodeServer.handleCatchallRenderRequest (E:\APP-LAPTOP-SYNC\cencomOS_gara_4.0_supa\gara_reconstruction_v5\node_modules\next\dist\server\next-server.js:272:17)
    at async DevServer.handleRequestImpl (E:\APP-LAPTOP-SYNC\cencomOS_gara_4.0_supa\gara_reconstruction_v5\node_modules\next\dist\server\base-server.js:818:17)
    at async E:\APP-LAPTOP-SYNC\cencomOS_gara_4.0_supa\gara_reconstruction_v5\node_modules\next\dist\server\dev\next-dev-server.js:339:20
    at async Span.traceAsyncFn (E:\APP-LAPTOP-SYNC\cencomOS_gara_4.0_supa\gara_reconstruction_v5\node_modules\next\dist\trace\trace.js:154:20)
    at async DevServer.handleRequest (E:\APP-LAPTOP-SYNC\cencomOS_gara_4.0_supa\gara_reconstruction_v5\node_modules\next\dist\server\dev\next-dev-server.js:336:24)
    at async invokeRender (E:\APP-LAPTOP-SYNC\cencomOS_gara_4.0_supa\gara_reconstruction_v5\node_modules\next\dist\server\lib\router-server.js:179:21)
    at async handleRequest (E:\APP-LAPTOP-SYNC\cencomOS_gara_4.0_supa\gara_reconstruction_v5\node_modules\next\dist\server\lib\router-server.js:359:24)
    at async requestHandlerImpl (E:\APP-LAPTOP-SYNC\cencomOS_gara_4.0_supa\gara_reconstruction_v5\node_modules\next\dist\server\lib\router-server.js:383:13)
    at async Server.requestListener (E:\APP-LAPTOP-SYNC\cencomOS_gara_4.0_supa\gara_reconstruction_v5\node_modules\next\dist\server\lib\start-server.js:141:13) userId=U-GIAMDOC
[2026-08-31T21:30:28.358Z] ERROR module=rpc message="RPC handler failed" fn=phieuGet error=404: không tìm thấy phiếu stack=Error: 404: không tìm thấy phiếu
    at Module.phieuGet (webpack-internal:///(rsc)/./lib/core/kho.ts:565:15)
    at process.processTicksAndRejections (node:internal/process/task_queues:104:5)
    at async dispatch (webpack-internal:///(rsc)/./lib/rpc.ts:399:12)
    at async POST (webpack-internal:///(rsc)/./app/api/rpc/route.ts:67:24)
    at async E:\APP-LAPTOP-SYNC\cencomOS_gara_4.0_supa\gara_reconstruction_v5\node_modules\next\dist\compiled\next-server\app-route.runtime.dev.js:6:57228
    at async eT.execute (E:\APP-LAPTOP-SYNC\cencomOS_gara_4.0_supa\gara_reconstruction_v5\node_modules\next\dist\compiled\next-server\app-route.runtime.dev.js:6:46851)
    at async eT.handle (E:\APP-LAPTOP-SYNC\cencomOS_gara_4.0_supa\gara_reconstruction_v5\node_modules\next\dist\compiled\next-server\app-route.runtime.dev.js:6:58760)
    at async doRender (E:\APP-LAPTOP-SYNC\cencomOS_gara_4.0_supa\gara_reconstruction_v5\node_modules\next\dist\server\base-server.js:1366:42)
    at async cacheEntry.responseCache.get.routeKind (E:\APP-LAPTOP-SYNC\cencomOS_gara_4.0_supa\gara_reconstruction_v5\node_modules\next\dist\server\base-server.js:1588:28)
    at async DevServer.renderToResponseWithComponentsImpl (E:\APP-LAPTOP-SYNC\cencomOS_gara_4.0_supa\gara_reconstruction_v5\node_modules\next\dist\server\base-server.js:1496:28)
    at async DevServer.renderPageComponent (E:\APP-LAPTOP-SYNC\cencomOS_gara_4.0_supa\gara_reconstruction_v5\node_modules\next\dist\server\base-server.js:1924:24)
    at async DevServer.renderToResponseImpl (E:\APP-LAPTOP-SYNC\cencomOS_gara_4.0_supa\gara_reconstruction_v5\node_modules\next\dist\server\base-server.js:1962:32)
    at async DevServer.pipeImpl (E:\APP-LAPTOP-SYNC\cencomOS_gara_4.0_supa\gara_reconstruction_v5\node_modules\next\dist\server\base-server.js:922:25)
    at async NextNodeServer.handleCatchallRenderRequest (E:\APP-LAPTOP-SYNC\cencomOS_gara_4.0_supa\gara_reconstruction_v5\node_modules\next\dist\server\next-server.js:272:17)
    at async DevServer.handleRequestImpl (E:\APP-LAPTOP-SYNC\cencomOS_gara_4.0_supa\gara_reconstruction_v5\node_modules\next\dist\server\base-server.js:818:17)
    at async E:\APP-LAPTOP-SYNC\cencomOS_gara_4.0_supa\gara_reconstruction_v5\node_modules\next\dist\server\dev\next-dev-server.js:339:20
    at async Span.traceAsyncFn (E:\APP-LAPTOP-SYNC\cencomOS_gara_4.0_supa\gara_reconstruction_v5\node_modules\next\dist\trace\trace.js:154:20)
    at async DevServer.handleRequest (E:\APP-LAPTOP-SYNC\cencomOS_gara_4.0_supa\gara_reconstruction_v5\node_modules\next\dist\server\dev\next-dev-server.js:336:24)
    at async invokeRender (E:\APP-LAPTOP-SYNC\cencomOS_gara_4.0_supa\gara_reconstruction_v5\node_modules\next\dist\server\lib\router-server.js:179:21)
    at async handleRequest (E:\APP-LAPTOP-SYNC\cencomOS_gara_4.0_supa\gara_reconstruction_v5\node_modules\next\dist\server\lib\router-server.js:359:24)
    at async requestHandlerImpl (E:\APP-LAPTOP-SYNC\cencomOS_gara_4.0_supa\gara_reconstruction_v5\node_modules\next\dist\server\lib\router-server.js:383:13)
    at async Server.requestListener (E:\APP-LAPTOP-SYNC\cencomOS_gara_4.0_supa\gara_reconstruction_v5\node_modules\next\dist\server\lib\start-server.js:141:13) userId=U-GIAMDOC
[2026-08-31T21:30:28.438Z] ERROR module=rpc message="RPC handler failed" fn=scGet error=Không tìm thấy phiếu sửa chữa stack=Error: Không tìm thấy phiếu sửa chữa
    at Module.scGet (webpack-internal:///(rsc)/./lib/core/sc.ts:124:19)
    at process.processTicksAndRejections (node:internal/process/task_queues:104:5)
    at async dispatch (webpack-internal:///(rsc)/./lib/rpc.ts:399:12)
    at async POST (webpack-internal:///(rsc)/./app/api/rpc/route.ts:67:24)
    at async E:\APP-LAPTOP-SYNC\cencomOS_gara_4.0_supa\gara_reconstruction_v5\node_modules\next\dist\compiled\next-server\app-route.runtime.dev.js:6:57228
    at async eT.execute (E:\APP-LAPTOP-SYNC\cencomOS_gara_4.0_supa\gara_reconstruction_v5\node_modules\next\dist\compiled\next-server\app-route.runtime.dev.js:6:46851)
    at async eT.handle (E:\APP-LAPTOP-SYNC\cencomOS_gara_4.0_supa\gara_reconstruction_v5\node_modules\next\dist\compiled\next-server\app-route.runtime.dev.js:6:58760)
    at async doRender (E:\APP-LAPTOP-SYNC\cencomOS_gara_4.0_supa\gara_reconstruction_v5\node_modules\next\dist\server\base-server.js:1366:42)
    at async cacheEntry.responseCache.get.routeKind (E:\APP-LAPTOP-SYNC\cencomOS_gara_4.0_supa\gara_reconstruction_v5\node_modules\next\dist\server\base-server.js:1588:28)
    at async DevServer.renderToResponseWithComponentsImpl (E:\APP-LAPTOP-SYNC\cencomOS_gara_4.0_supa\gara_reconstruction_v5\node_modules\next\dist\server\base-server.js:1496:28)
    at async DevServer.renderPageComponent (E:\APP-LAPTOP-SYNC\cencomOS_gara_4.0_supa\gara_reconstruction_v5\node_modules\next\dist\server\base-server.js:1924:24)
    at async DevServer.renderToResponseImpl (E:\APP-LAPTOP-SYNC\cencomOS_gara_4.0_supa\gara_reconstruction_v5\node_modules\next\dist\server\base-server.js:1962:32)
    at async DevServer.pipeImpl (E:\APP-LAPTOP-SYNC\cencomOS_gara_4.0_supa\gara_reconstruction_v5\node_modules\next\dist\server\base-server.js:922:25)
    at async NextNodeServer.handleCatchallRenderRequest (E:\APP-LAPTOP-SYNC\cencomOS_gara_4.0_supa\gara_reconstruction_v5\node_modules\next\dist\server\next-server.js:272:17)
    at async DevServer.handleRequestImpl (E:\APP-LAPTOP-SYNC\cencomOS_gara_4.0_supa\gara_reconstruction_v5\node_modules\next\dist\server\base-server.js:818:17)
    at async E:\APP-LAPTOP-SYNC\cencomOS_gara_4.0_supa\gara_reconstruction_v5\node_modules\next\dist\server\dev\next-dev-server.js:339:20
    at async Span.traceAsyncFn (E:\APP-LAPTOP-SYNC\cencomOS_gara_4.0_supa\gara_reconstruction_v5\node_modules\next\dist\trace\trace.js:154:20)
    at async DevServer.handleRequest (E:\APP-LAPTOP-SYNC\cencomOS_gara_4.0_supa\gara_reconstruction_v5\node_modules\next\dist\server\dev\next-dev-server.js:336:24)
    at async invokeRender (E:\APP-LAPTOP-SYNC\cencomOS_gara_4.0_supa\gara_reconstruction_v5\node_modules\next\dist\server\lib\router-server.js:179:21)
    at async handleRequest (E:\APP-LAPTOP-SYNC\cencomOS_gara_4.0_supa\gara_reconstruction_v5\node_modules\next\dist\server\lib\router-server.js:359:24)
    at async requestHandlerImpl (E:\APP-LAPTOP-SYNC\cencomOS_gara_4.0_supa\gara_reconstruction_v5\node_modules\next\dist\server\lib\router-server.js:383:13)
    at async Server.requestListener (E:\APP-LAPTOP-SYNC\cencomOS_gara_4.0_supa\gara_reconstruction_v5\node_modules\next\dist\server\lib\start-server.js:141:13) userId=U-XUONG
[2026-08-31T21:30:28.481Z] ERROR module=rpc message="RPC handler failed" fn=scBatDauSua error=Không thể bắt đầu sửa khi phiếu đang da_hoan stack=Error: Không thể bắt đầu sửa khi phiếu đang da_hoan
    at Module.scBatDauSua (webpack-internal:///(rsc)/./lib/core/sc.ts:265:15)
    at process.processTicksAndRejections (node:internal/process/task_queues:104:5)
    at async dispatch (webpack-internal:///(rsc)/./lib/rpc.ts:399:12)
    at async POST (webpack-internal:///(rsc)/./app/api/rpc/route.ts:67:24)
    at async E:\APP-LAPTOP-SYNC\cencomOS_gara_4.0_supa\gara_reconstruction_v5\node_modules\next\dist\compiled\next-server\app-route.runtime.dev.js:6:57228
    at async eT.execute (E:\APP-LAPTOP-SYNC\cencomOS_gara_4.0_supa\gara_reconstruction_v5\node_modules\next\dist\compiled\next-server\app-route.runtime.dev.js:6:46851)
    at async eT.handle (E:\APP-LAPTOP-SYNC\cencomOS_gara_4.0_supa\gara_reconstruction_v5\node_modules\next\dist\compiled\next-server\app-route.runtime.dev.js:6:58760)
    at async doRender (E:\APP-LAPTOP-SYNC\cencomOS_gara_4.0_supa\gara_reconstruction_v5\node_modules\next\dist\server\base-server.js:1366:42)
    at async cacheEntry.responseCache.get.routeKind (E:\APP-LAPTOP-SYNC\cencomOS_gara_4.0_supa\gara_reconstruction_v5\node_modules\next\dist\server\base-server.js:1588:28)
    at async DevServer.renderToResponseWithComponentsImpl (E:\APP-LAPTOP-SYNC\cencomOS_gara_4.0_supa\gara_reconstruction_v5\node_modules\next\dist\server\base-server.js:1496:28)
    at async DevServer.renderPageComponent (E:\APP-LAPTOP-SYNC\cencomOS_gara_4.0_supa\gara_reconstruction_v5\node_modules\next\dist\server\base-server.js:1924:24)
    at async DevServer.renderToResponseImpl (E:\APP-LAPTOP-SYNC\cencomOS_gara_4.0_supa\gara_reconstruction_v5\node_modules\next\dist\server\base-server.js:1962:32)
    at async DevServer.pipeImpl (E:\APP-LAPTOP-SYNC\cencomOS_gara_4.0_supa\gara_reconstruction_v5\node_modules\next\dist\server\base-server.js:922:25)
    at async NextNodeServer.handleCatchallRenderRequest (E:\APP-LAPTOP-SYNC\cencomOS_gara_4.0_supa\gara_reconstruction_v5\node_modules\next\dist\server\next-server.js:272:17)
    at async DevServer.handleRequestImpl (E:\APP-LAPTOP-SYNC\cencomOS_gara_4.0_supa\gara_reconstruction_v5\node_modules\next\dist\server\base-server.js:818:17)
    at async E:\APP-LAPTOP-SYNC\cencomOS_gara_4.0_supa\gara_reconstruction_v5\node_modules\next\dist\server\dev\next-dev-server.js:339:20
    at async Span.traceAsyncFn (E:\APP-LAPTOP-SYNC\cencomOS_gara_4.0_supa\gara_reconstruction_v5\node_modules\next\dist\trace\trace.js:154:20)
    at async DevServer.handleRequest (E:\APP-LAPTOP-SYNC\cencomOS_gara_4.0_supa\gara_reconstruction_v5\node_modules\next\dist\server\dev\next-dev-server.js:336:24)
    at async invokeRender (E:\APP-LAPTOP-SYNC\cencomOS_gara_4.0_supa\gara_reconstruction_v5\node_modules\next\dist\server\lib\router-server.js:179:21)
    at async handleRequest (E:\APP-LAPTOP-SYNC\cencomOS_gara_4.0_supa\gara_reconstruction_v5\node_modules\next\dist\server\lib\router-server.js:359:24)
    at async requestHandlerImpl (E:\APP-LAPTOP-SYNC\cencomOS_gara_4.0_supa\gara_reconstruction_v5\node_modules\next\dist\server\lib\router-server.js:383:13)
    at async Server.requestListener (E:\APP-LAPTOP-SYNC\cencomOS_gara_4.0_supa\gara_reconstruction_v5\node_modules\next\dist\server\lib\start-server.js:141:13) userId=U-XUONG
[2026-08-31T21:30:28.487Z] ERROR module=rpc message="RPC handler failed" fn=scHoanThanh error=Chưa bắt đầu sửa — không thể hoàn thành stack=Error: Chưa bắt đầu sửa — không thể hoàn thành
    at Module.scHoanThanh (webpack-internal:///(rsc)/./lib/core/sc.ts:298:15)
    at process.processTicksAndRejections (node:internal/process/task_queues:104:5)
    at async dispatch (webpack-internal:///(rsc)/./lib/rpc.ts:399:12)
    at async POST (webpack-internal:///(rsc)/./app/api/rpc/route.ts:67:24)
    at async E:\APP-LAPTOP-SYNC\cencomOS_gara_4.0_supa\gara_reconstruction_v5\node_modules\next\dist\compiled\next-server\app-route.runtime.dev.js:6:57228
    at async eT.execute (E:\APP-LAPTOP-SYNC\cencomOS_gara_4.0_supa\gara_reconstruction_v5\node_modules\next\dist\compiled\next-server\app-route.runtime.dev.js:6:46851)
    at async eT.handle (E:\APP-LAPTOP-SYNC\cencomOS_gara_4.0_supa\gara_reconstruction_v5\node_modules\next\dist\compiled\next-server\app-route.runtime.dev.js:6:58760)
    at async doRender (E:\APP-LAPTOP-SYNC\cencomOS_gara_4.0_supa\gara_reconstruction_v5\node_modules\next\dist\server\base-server.js:1366:42)
    at async cacheEntry.responseCache.get.routeKind (E:\APP-LAPTOP-SYNC\cencomOS_gara_4.0_supa\gara_reconstruction_v5\node_modules\next\dist\server\base-server.js:1588:28)
    at async DevServer.renderToResponseWithComponentsImpl (E:\APP-LAPTOP-SYNC\cencomOS_gara_4.0_supa\gara_reconstruction_v5\node_modules\next\dist\server\base-server.js:1496:28)
    at async DevServer.renderPageComponent (E:\APP-LAPTOP-SYNC\cencomOS_gara_4.0_supa\gara_reconstruction_v5\node_modules\next\dist\server\base-server.js:1924:24)
    at async DevServer.renderToResponseImpl (E:\APP-LAPTOP-SYNC\cencomOS_gara_4.0_supa\gara_reconstruction_v5\node_modules\next\dist\server\base-server.js:1962:32)
    at async DevServer.pipeImpl (E:\APP-LAPTOP-SYNC\cencomOS_gara_4.0_supa\gara_reconstruction_v5\node_modules\next\dist\server\base-server.js:922:25)
    at async NextNodeServer.handleCatchallRenderRequest (E:\APP-LAPTOP-SYNC\cencomOS_gara_4.0_supa\gara_reconstruction_v5\node_modules\next\dist\server\next-server.js:272:17)
    at async DevServer.handleRequestImpl (E:\APP-LAPTOP-SYNC\cencomOS_gara_4.0_supa\gara_reconstruction_v5\node_modules\next\dist\server\base-server.js:818:17)
    at async E:\APP-LAPTOP-SYNC\cencomOS_gara_4.0_supa\gara_reconstruction_v5\node_modules\next\dist\server\dev\next-dev-server.js:339:20
    at async Span.traceAsyncFn (E:\APP-LAPTOP-SYNC\cencomOS_gara_4.0_supa\gara_reconstruction_v5\node_modules\next\dist\trace\trace.js:154:20)
    at async DevServer.handleRequest (E:\APP-LAPTOP-SYNC\cencomOS_gara_4.0_supa\gara_reconstruction_v5\node_modules\next\dist\server\dev\next-dev-server.js:336:24)
    at async invokeRender (E:\APP-LAPTOP-SYNC\cencomOS_gara_4.0_supa\gara_reconstruction_v5\node_modules\next\dist\server\lib\router-server.js:179:21)
    at async handleRequest (E:\APP-LAPTOP-SYNC\cencomOS_gara_4.0_supa\gara_reconstruction_v5\node_modules\next\dist\server\lib\router-server.js:359:24)
    at async requestHandlerImpl (E:\APP-LAPTOP-SYNC\cencomOS_gara_4.0_supa\gara_reconstruction_v5\node_modules\next\dist\server\lib\router-server.js:383:13)
    at async Server.requestListener (E:\APP-LAPTOP-SYNC\cencomOS_gara_4.0_supa\gara_reconstruction_v5\node_modules\next\dist\server\lib\start-server.js:141:13) userId=U-XUONG
[2026-08-31T21:30:28.493Z] ERROR module=rpc message="RPC handler failed" fn=scTuChoi error=Không thể từ chối khi phiếu đang da_hoan stack=Error: Không thể từ chối khi phiếu đang da_hoan
    at Module.scTuChoi (webpack-internal:///(rsc)/./lib/core/sc.ts:332:15)
    at process.processTicksAndRejections (node:internal/process/task_queues:104:5)
    at async dispatch (webpack-internal:///(rsc)/./lib/rpc.ts:399:12)
    at async POST (webpack-internal:///(rsc)/./app/api/rpc/route.ts:67:24)
    at async E:\APP-LAPTOP-SYNC\cencomOS_gara_4.0_supa\gara_reconstruction_v5\node_modules\next\dist\compiled\next-server\app-route.runtime.dev.js:6:57228
    at async eT.execute (E:\APP-LAPTOP-SYNC\cencomOS_gara_4.0_supa\gara_reconstruction_v5\node_modules\next\dist\compiled\next-server\app-route.runtime.dev.js:6:46851)
    at async eT.handle (E:\APP-LAPTOP-SYNC\cencomOS_gara_4.0_supa\gara_reconstruction_v5\node_modules\next\dist\compiled\next-server\app-route.runtime.dev.js:6:58760)
    at async doRender (E:\APP-LAPTOP-SYNC\cencomOS_gara_4.0_supa\gara_reconstruction_v5\node_modules\next\dist\server\base-server.js:1366:42)
    at async cacheEntry.responseCache.get.routeKind (E:\APP-LAPTOP-SYNC\cencomOS_gara_4.0_supa\gara_reconstruction_v5\node_modules\next\dist\server\base-server.js:1588:28)
    at async DevServer.renderToResponseWithComponentsImpl (E:\APP-LAPTOP-SYNC\cencomOS_gara_4.0_supa\gara_reconstruction_v5\node_modules\next\dist\server\base-server.js:1496:28)
    at async DevServer.renderPageComponent (E:\APP-LAPTOP-SYNC\cencomOS_gara_4.0_supa\gara_reconstruction_v5\node_modules\next\dist\server\base-server.js:1924:24)
    at async DevServer.renderToResponseImpl (E:\APP-LAPTOP-SYNC\cencomOS_gara_4.0_supa\gara_reconstruction_v5\node_modules\next\dist\server\base-server.js:1962:32)
    at async DevServer.pipeImpl (E:\APP-LAPTOP-SYNC\cencomOS_gara_4.0_supa\gara_reconstruction_v5\node_modules\next\dist\server\base-server.js:922:25)
    at async NextNodeServer.handleCatchallRenderRequest (E:\APP-LAPTOP-SYNC\cencomOS_gara_4.0_supa\gara_reconstruction_v5\node_modules\next\dist\server\next-server.js:272:17)
    at async DevServer.handleRequestImpl (E:\APP-LAPTOP-SYNC\cencomOS_gara_4.0_supa\gara_reconstruction_v5\node_modules\next\dist\server\base-server.js:818:17)
    at async E:\APP-LAPTOP-SYNC\cencomOS_gara_4.0_supa\gara_reconstruction_v5\node_modules\next\dist\server\dev\next-dev-server.js:339:20
    at async Span.traceAsyncFn (E:\APP-LAPTOP-SYNC\cencomOS_gara_4.0_supa\gara_reconstruction_v5\node_modules\next\dist\trace\trace.js:154:20)
    at async DevServer.handleRequest (E:\APP-LAPTOP-SYNC\cencomOS_gara_4.0_supa\gara_reconstruction_v5\node_modules\next\dist\server\dev\next-dev-server.js:336:24)
    at async invokeRender (E:\APP-LAPTOP-SYNC\cencomOS_gara_4.0_supa\gara_reconstruction_v5\node_modules\next\dist\server\lib\router-server.js:179:21)
    at async handleRequest (E:\APP-LAPTOP-SYNC\cencomOS_gara_4.0_supa\gara_reconstruction_v5\node_modules\next\dist\server\lib\router-server.js:359:24)
    at async requestHandlerImpl (E:\APP-LAPTOP-SYNC\cencomOS_gara_4.0_supa\gara_reconstruction_v5\node_modules\next\dist\server\lib\router-server.js:383:13)
    at async Server.requestListener (E:\APP-LAPTOP-SYNC\cencomOS_gara_4.0_supa\gara_reconstruction_v5\node_modules\next\dist\server\lib\start-server.js:141:13) userId=U-XUONG
[2026-08-31T21:30:28.650Z] ERROR module=rpc message="RPC handler failed" fn=phieuGet error=404: không tìm thấy phiếu stack=Error: 404: không tìm thấy phiếu
    at Module.phieuGet (webpack-internal:///(rsc)/./lib/core/kho.ts:565:15)
    at process.processTicksAndRejections (node:internal/process/task_queues:104:5)
    at async dispatch (webpack-internal:///(rsc)/./lib/rpc.ts:399:12)
    at async POST (webpack-internal:///(rsc)/./app/api/rpc/route.ts:67:24)
    at async E:\APP-LAPTOP-SYNC\cencomOS_gara_4.0_supa\gara_reconstruction_v5\node_modules\next\dist\compiled\next-server\app-route.runtime.dev.js:6:57228
    at async eT.execute (E:\APP-LAPTOP-SYNC\cencomOS_gara_4.0_supa\gara_reconstruction_v5\node_modules\next\dist\compiled\next-server\app-route.runtime.dev.js:6:46851)
    at async eT.handle (E:\APP-LAPTOP-SYNC\cencomOS_gara_4.0_supa\gara_reconstruction_v5\node_modules\next\dist\compiled\next-server\app-route.runtime.dev.js:6:58760)
    at async doRender (E:\APP-LAPTOP-SYNC\cencomOS_gara_4.0_supa\gara_reconstruction_v5\node_modules\next\dist\server\base-server.js:1366:42)
    at async cacheEntry.responseCache.get.routeKind (E:\APP-LAPTOP-SYNC\cencomOS_gara_4.0_supa\gara_reconstruction_v5\node_modules\next\dist\server\base-server.js:1588:28)
    at async DevServer.renderToResponseWithComponentsImpl (E:\APP-LAPTOP-SYNC\cencomOS_gara_4.0_supa\gara_reconstruction_v5\node_modules\next\dist\server\base-server.js:1496:28)
    at async DevServer.renderPageComponent (E:\APP-LAPTOP-SYNC\cencomOS_gara_4.0_supa\gara_reconstruction_v5\node_modules\next\dist\server\base-server.js:1924:24)
    at async DevServer.renderToResponseImpl (E:\APP-LAPTOP-SYNC\cencomOS_gara_4.0_supa\gara_reconstruction_v5\node_modules\next\dist\server\base-server.js:1962:32)
    at async DevServer.pipeImpl (E:\APP-LAPTOP-SYNC\cencomOS_gara_4.0_supa\gara_reconstruction_v5\node_modules\next\dist\server\base-server.js:922:25)
    at async NextNodeServer.handleCatchallRenderRequest (E:\APP-LAPTOP-SYNC\cencomOS_gara_4.0_supa\gara_reconstruction_v5\node_modules\next\dist\server\next-server.js:272:17)
    at async DevServer.handleRequestImpl (E:\APP-LAPTOP-SYNC\cencomOS_gara_4.0_supa\gara_reconstruction_v5\node_modules\next\dist\server\base-server.js:818:17)
    at async E:\APP-LAPTOP-SYNC\cencomOS_gara_4.0_supa\gara_reconstruction_v5\node_modules\next\dist\server\dev\next-dev-server.js:339:20
    at async Span.traceAsyncFn (E:\APP-LAPTOP-SYNC\cencomOS_gara_4.0_supa\gara_reconstruction_v5\node_modules\next\dist\trace\trace.js:154:20)
    at async DevServer.handleRequest (E:\APP-LAPTOP-SYNC\cencomOS_gara_4.0_supa\gara_reconstruction_v5\node_modules\next\dist\server\dev\next-dev-server.js:336:24)
    at async invokeRender (E:\APP-LAPTOP-SYNC\cencomOS_gara_4.0_supa\gara_reconstruction_v5\node_modules\next\dist\server\lib\router-server.js:179:21)
    at async handleRequest (E:\APP-LAPTOP-SYNC\cencomOS_gara_4.0_supa\gara_reconstruction_v5\node_modules\next\dist\server\lib\router-server.js:359:24)
    at async requestHandlerImpl (E:\APP-LAPTOP-SYNC\cencomOS_gara_4.0_supa\gara_reconstruction_v5\node_modules\next\dist\server\lib\router-server.js:383:13)
    at async Server.requestListener (E:\APP-LAPTOP-SYNC\cencomOS_gara_4.0_supa\gara_reconstruction_v5\node_modules\next\dist\server\lib\start-server.js:141:13) userId=U-XUONG
[2026-08-31T21:30:28.727Z] ERROR module=rpc message="RPC handler failed" fn=scGet error=Không tìm thấy phiếu sửa chữa stack=Error: Không tìm thấy phiếu sửa chữa
    at Module.scGet (webpack-internal:///(rsc)/./lib/core/sc.ts:124:19)
    at process.processTicksAndRejections (node:internal/process/task_queues:104:5)
    at async dispatch (webpack-internal:///(rsc)/./lib/rpc.ts:399:12)
    at async POST (webpack-internal:///(rsc)/./app/api/rpc/route.ts:67:24)
    at async E:\APP-LAPTOP-SYNC\cencomOS_gara_4.0_supa\gara_reconstruction_v5\node_modules\next\dist\compiled\next-server\app-route.runtime.dev.js:6:57228
    at async eT.execute (E:\APP-LAPTOP-SYNC\cencomOS_gara_4.0_supa\gara_reconstruction_v5\node_modules\next\dist\compiled\next-server\app-route.runtime.dev.js:6:46851)
    at async eT.handle (E:\APP-LAPTOP-SYNC\cencomOS_gara_4.0_supa\gara_reconstruction_v5\node_modules\next\dist\compiled\next-server\app-route.runtime.dev.js:6:58760)
    at async doRender (E:\APP-LAPTOP-SYNC\cencomOS_gara_4.0_supa\gara_reconstruction_v5\node_modules\next\dist\server\base-server.js:1366:42)
    at async cacheEntry.responseCache.get.routeKind (E:\APP-LAPTOP-SYNC\cencomOS_gara_4.0_supa\gara_reconstruction_v5\node_modules\next\dist\server\base-server.js:1588:28)
    at async DevServer.renderToResponseWithComponentsImpl (E:\APP-LAPTOP-SYNC\cencomOS_gara_4.0_supa\gara_reconstruction_v5\node_modules\next\dist\server\base-server.js:1496:28)
    at async DevServer.renderPageComponent (E:\APP-LAPTOP-SYNC\cencomOS_gara_4.0_supa\gara_reconstruction_v5\node_modules\next\dist\server\base-server.js:1924:24)
    at async DevServer.renderToResponseImpl (E:\APP-LAPTOP-SYNC\cencomOS_gara_4.0_supa\gara_reconstruction_v5\node_modules\next\dist\server\base-server.js:1962:32)
    at async DevServer.pipeImpl (E:\APP-LAPTOP-SYNC\cencomOS_gara_4.0_supa\gara_reconstruction_v5\node_modules\next\dist\server\base-server.js:922:25)
    at async NextNodeServer.handleCatchallRenderRequest (E:\APP-LAPTOP-SYNC\cencomOS_gara_4.0_supa\gara_reconstruction_v5\node_modules\next\dist\server\next-server.js:272:17)
    at async DevServer.handleRequestImpl (E:\APP-LAPTOP-SYNC\cencomOS_gara_4.0_supa\gara_reconstruction_v5\node_modules\next\dist\server\base-server.js:818:17)
    at async E:\APP-LAPTOP-SYNC\cencomOS_gara_4.0_supa\gara_reconstruction_v5\node_modules\next\dist\server\dev\next-dev-server.js:339:20
    at async Span.traceAsyncFn (E:\APP-LAPTOP-SYNC\cencomOS_gara_4.0_supa\gara_reconstruction_v5\node_modules\next\dist\trace\trace.js:154:20)
    at async DevServer.handleRequest (E:\APP-LAPTOP-SYNC\cencomOS_gara_4.0_supa\gara_reconstruction_v5\node_modules\next\dist\server\dev\next-dev-server.js:336:24)
    at async invokeRender (E:\APP-LAPTOP-SYNC\cencomOS_gara_4.0_supa\gara_reconstruction_v5\node_modules\next\dist\server\lib\router-server.js:179:21)
    at async handleRequest (E:\APP-LAPTOP-SYNC\cencomOS_gara_4.0_supa\gara_reconstruction_v5\node_modules\next\dist\server\lib\router-server.js:359:24)
    at async requestHandlerImpl (E:\APP-LAPTOP-SYNC\cencomOS_gara_4.0_supa\gara_reconstruction_v5\node_modules\next\dist\server\lib\router-server.js:383:13)
    at async Server.requestListener (E:\APP-LAPTOP-SYNC\cencomOS_gara_4.0_supa\gara_reconstruction_v5\node_modules\next\dist\server\lib\start-server.js:141:13) userId=U-KETOAN
[2026-08-31T21:30:28.764Z] ERROR module=rpc message="RPC handler failed" fn=scQuyetToan error=Không thể quyết toán — thiếu hồ sơ: Phiếu nhập kho vật tư mới, Phiếu xuất kho cho SC stack=Error: Không thể quyết toán — thiếu hồ sơ: Phiếu nhập kho vật tư mới, Phiếu xuất kho cho SC
    at Module.scQuyetToan (webpack-internal:///(rsc)/./lib/core/sc.ts:388:15)
    at process.processTicksAndRejections (node:internal/process/task_queues:104:5)
    at async dispatch (webpack-internal:///(rsc)/./lib/rpc.ts:399:12)
    at async POST (webpack-internal:///(rsc)/./app/api/rpc/route.ts:67:24)
    at async E:\APP-LAPTOP-SYNC\cencomOS_gara_4.0_supa\gara_reconstruction_v5\node_modules\next\dist\compiled\next-server\app-route.runtime.dev.js:6:57228
    at async eT.execute (E:\APP-LAPTOP-SYNC\cencomOS_gara_4.0_supa\gara_reconstruction_v5\node_modules\next\dist\compiled\next-server\app-route.runtime.dev.js:6:46851)
    at async eT.handle (E:\APP-LAPTOP-SYNC\cencomOS_gara_4.0_supa\gara_reconstruction_v5\node_modules\next\dist\compiled\next-server\app-route.runtime.dev.js:6:58760)
    at async doRender (E:\APP-LAPTOP-SYNC\cencomOS_gara_4.0_supa\gara_reconstruction_v5\node_modules\next\dist\server\base-server.js:1366:42)
    at async cacheEntry.responseCache.get.routeKind (E:\APP-LAPTOP-SYNC\cencomOS_gara_4.0_supa\gara_reconstruction_v5\node_modules\next\dist\server\base-server.js:1588:28)
    at async DevServer.renderToResponseWithComponentsImpl (E:\APP-LAPTOP-SYNC\cencomOS_gara_4.0_supa\gara_reconstruction_v5\node_modules\next\dist\server\base-server.js:1496:28)
    at async DevServer.renderPageComponent (E:\APP-LAPTOP-SYNC\cencomOS_gara_4.0_supa\gara_reconstruction_v5\node_modules\next\dist\server\base-server.js:1924:24)
    at async DevServer.renderToResponseImpl (E:\APP-LAPTOP-SYNC\cencomOS_gara_4.0_supa\gara_reconstruction_v5\node_modules\next\dist\server\base-server.js:1962:32)
    at async DevServer.pipeImpl (E:\APP-LAPTOP-SYNC\cencomOS_gara_4.0_supa\gara_reconstruction_v5\node_modules\next\dist\server\base-server.js:922:25)
    at async NextNodeServer.handleCatchallRenderRequest (E:\APP-LAPTOP-SYNC\cencomOS_gara_4.0_supa\gara_reconstruction_v5\node_modules\next\dist\server\next-server.js:272:17)
    at async DevServer.handleRequestImpl (E:\APP-LAPTOP-SYNC\cencomOS_gara_4.0_supa\gara_reconstruction_v5\node_modules\next\dist\server\base-server.js:818:17)
    at async E:\APP-LAPTOP-SYNC\cencomOS_gara_4.0_supa\gara_reconstruction_v5\node_modules\next\dist\server\dev\next-dev-server.js:339:20
    at async Span.traceAsyncFn (E:\APP-LAPTOP-SYNC\cencomOS_gara_4.0_supa\gara_reconstruction_v5\node_modules\next\dist\trace\trace.js:154:20)
    at async DevServer.handleRequest (E:\APP-LAPTOP-SYNC\cencomOS_gara_4.0_supa\gara_reconstruction_v5\node_modules\next\dist\server\dev\next-dev-server.js:336:24)
    at async invokeRender (E:\APP-LAPTOP-SYNC\cencomOS_gara_4.0_supa\gara_reconstruction_v5\node_modules\next\dist\server\lib\router-server.js:179:21)
    at async handleRequest (E:\APP-LAPTOP-SYNC\cencomOS_gara_4.0_supa\gara_reconstruction_v5\node_modules\next\dist\server\lib\router-server.js:359:24)
    at async requestHandlerImpl (E:\APP-LAPTOP-SYNC\cencomOS_gara_4.0_supa\gara_reconstruction_v5\node_modules\next\dist\server\lib\router-server.js:383:13)
    at async Server.requestListener (E:\APP-LAPTOP-SYNC\cencomOS_gara_4.0_supa\gara_reconstruction_v5\node_modules\next\dist\server\lib\start-server.js:141:13) userId=U-KETOAN
[2026-08-31T21:30:28.927Z] ERROR module=rpc message="RPC handler failed" fn=phieuGet error=404: không tìm thấy phiếu stack=Error: 404: không tìm thấy phiếu
    at Module.phieuGet (webpack-internal:///(rsc)/./lib/core/kho.ts:565:15)
    at process.processTicksAndRejections (node:internal/process/task_queues:104:5)
    at async dispatch (webpack-internal:///(rsc)/./lib/rpc.ts:399:12)
    at async POST (webpack-internal:///(rsc)/./app/api/rpc/route.ts:67:24)
    at async E:\APP-LAPTOP-SYNC\cencomOS_gara_4.0_supa\gara_reconstruction_v5\node_modules\next\dist\compiled\next-server\app-route.runtime.dev.js:6:57228
    at async eT.execute (E:\APP-LAPTOP-SYNC\cencomOS_gara_4.0_supa\gara_reconstruction_v5\node_modules\next\dist\compiled\next-server\app-route.runtime.dev.js:6:46851)
    at async eT.handle (E:\APP-LAPTOP-SYNC\cencomOS_gara_4.0_supa\gara_reconstruction_v5\node_modules\next\dist\compiled\next-server\app-route.runtime.dev.js:6:58760)
    at async doRender (E:\APP-LAPTOP-SYNC\cencomOS_gara_4.0_supa\gara_reconstruction_v5\node_modules\next\dist\server\base-server.js:1366:42)
    at async cacheEntry.responseCache.get.routeKind (E:\APP-LAPTOP-SYNC\cencomOS_gara_4.0_supa\gara_reconstruction_v5\node_modules\next\dist\server\base-server.js:1588:28)
    at async DevServer.renderToResponseWithComponentsImpl (E:\APP-LAPTOP-SYNC\cencomOS_gara_4.0_supa\gara_reconstruction_v5\node_modules\next\dist\server\base-server.js:1496:28)
    at async DevServer.renderPageComponent (E:\APP-LAPTOP-SYNC\cencomOS_gara_4.0_supa\gara_reconstruction_v5\node_modules\next\dist\server\base-server.js:1924:24)
    at async DevServer.renderToResponseImpl (E:\APP-LAPTOP-SYNC\cencomOS_gara_4.0_supa\gara_reconstruction_v5\node_modules\next\dist\server\base-server.js:1962:32)
    at async DevServer.pipeImpl (E:\APP-LAPTOP-SYNC\cencomOS_gara_4.0_supa\gara_reconstruction_v5\node_modules\next\dist\server\base-server.js:922:25)
    at async NextNodeServer.handleCatchallRenderRequest (E:\APP-LAPTOP-SYNC\cencomOS_gara_4.0_supa\gara_reconstruction_v5\node_modules\next\dist\server\next-server.js:272:17)
    at async DevServer.handleRequestImpl (E:\APP-LAPTOP-SYNC\cencomOS_gara_4.0_supa\gara_reconstruction_v5\node_modules\next\dist\server\base-server.js:818:17)
    at async E:\APP-LAPTOP-SYNC\cencomOS_gara_4.0_supa\gara_reconstruction_v5\node_modules\next\dist\server\dev\next-dev-server.js:339:20
    at async Span.traceAsyncFn (E:\APP-LAPTOP-SYNC\cencomOS_gara_4.0_supa\gara_reconstruction_v5\node_modules\next\dist\trace\trace.js:154:20)
    at async DevServer.handleRequest (E:\APP-LAPTOP-SYNC\cencomOS_gara_4.0_supa\gara_reconstruction_v5\node_modules\next\dist\server\dev\next-dev-server.js:336:24)
    at async invokeRender (E:\APP-LAPTOP-SYNC\cencomOS_gara_4.0_supa\gara_reconstruction_v5\node_modules\next\dist\server\lib\router-server.js:179:21)
    at async handleRequest (E:\APP-LAPTOP-SYNC\cencomOS_gara_4.0_supa\gara_reconstruction_v5\node_modules\next\dist\server\lib\router-server.js:359:24)
    at async requestHandlerImpl (E:\APP-LAPTOP-SYNC\cencomOS_gara_4.0_supa\gara_reconstruction_v5\node_modules\next\dist\server\lib\router-server.js:383:13)
    at async Server.requestListener (E:\APP-LAPTOP-SYNC\cencomOS_gara_4.0_supa\gara_reconstruction_v5\node_modules\next\dist\server\lib\start-server.js:141:13) userId=U-KETOAN
[2026-08-31T21:30:29.011Z] ERROR module=rpc message="RPC handler failed" fn=scGet error=Không tìm thấy phiếu sửa chữa stack=Error: Không tìm thấy phiếu sửa chữa
    at Module.scGet (webpack-internal:///(rsc)/./lib/core/sc.ts:124:19)
    at process.processTicksAndRejections (node:internal/process/task_queues:104:5)
    at async dispatch (webpack-internal:///(rsc)/./lib/rpc.ts:399:12)
    at async POST (webpack-internal:///(rsc)/./app/api/rpc/route.ts:67:24)
    at async E:\APP-LAPTOP-SYNC\cencomOS_gara_4.0_supa\gara_reconstruction_v5\node_modules\next\dist\compiled\next-server\app-route.runtime.dev.js:6:57228
    at async eT.execute (E:\APP-LAPTOP-SYNC\cencomOS_gara_4.0_supa\gara_reconstruction_v5\node_modules\next\dist\compiled\next-server\app-route.runtime.dev.js:6:46851)
    at async eT.handle (E:\APP-LAPTOP-SYNC\cencomOS_gara_4.0_supa\gara_reconstruction_v5\node_modules\next\dist\compiled\next-server\app-route.runtime.dev.js:6:58760)
    at async doRender (E:\APP-LAPTOP-SYNC\cencomOS_gara_4.0_supa\gara_reconstruction_v5\node_modules\next\dist\server\base-server.js:1366:42)
    at async cacheEntry.responseCache.get.routeKind (E:\APP-LAPTOP-SYNC\cencomOS_gara_4.0_supa\gara_reconstruction_v5\node_modules\next\dist\server\base-server.js:1588:28)
    at async DevServer.renderToResponseWithComponentsImpl (E:\APP-LAPTOP-SYNC\cencomOS_gara_4.0_supa\gara_reconstruction_v5\node_modules\next\dist\server\base-server.js:1496:28)
    at async DevServer.renderPageComponent (E:\APP-LAPTOP-SYNC\cencomOS_gara_4.0_supa\gara_reconstruction_v5\node_modules\next\dist\server\base-server.js:1924:24)
    at async DevServer.renderToResponseImpl (E:\APP-LAPTOP-SYNC\cencomOS_gara_4.0_supa\gara_reconstruction_v5\node_modules\next\dist\server\base-server.js:1962:32)
    at async DevServer.pipeImpl (E:\APP-LAPTOP-SYNC\cencomOS_gara_4.0_supa\gara_reconstruction_v5\node_modules\next\dist\server\base-server.js:922:25)
    at async NextNodeServer.handleCatchallRenderRequest (E:\APP-LAPTOP-SYNC\cencomOS_gara_4.0_supa\gara_reconstruction_v5\node_modules\next\dist\server\next-server.js:272:17)
    at async DevServer.handleRequestImpl (E:\APP-LAPTOP-SYNC\cencomOS_gara_4.0_supa\gara_reconstruction_v5\node_modules\next\dist\server\base-server.js:818:17)
    at async E:\APP-LAPTOP-SYNC\cencomOS_gara_4.0_supa\gara_reconstruction_v5\node_modules\next\dist\server\dev\next-dev-server.js:339:20
    at async Span.traceAsyncFn (E:\APP-LAPTOP-SYNC\cencomOS_gara_4.0_supa\gara_reconstruction_v5\node_modules\next\dist\trace\trace.js:154:20)
    at async DevServer.handleRequest (E:\APP-LAPTOP-SYNC\cencomOS_gara_4.0_supa\gara_reconstruction_v5\node_modules\next\dist\server\dev\next-dev-server.js:336:24)
    at async invokeRender (E:\APP-LAPTOP-SYNC\cencomOS_gara_4.0_supa\gara_reconstruction_v5\node_modules\next\dist\server\lib\router-server.js:179:21)
    at async handleRequest (E:\APP-LAPTOP-SYNC\cencomOS_gara_4.0_supa\gara_reconstruction_v5\node_modules\next\dist\server\lib\router-server.js:359:24)
    at async requestHandlerImpl (E:\APP-LAPTOP-SYNC\cencomOS_gara_4.0_supa\gara_reconstruction_v5\node_modules\next\dist\server\lib\router-server.js:383:13)
    at async Server.requestListener (E:\APP-LAPTOP-SYNC\cencomOS_gara_4.0_supa\gara_reconstruction_v5\node_modules\next\dist\server\lib\start-server.js:141:13) userId=U-KHO
[2026-08-31T21:30:29.194Z] ERROR module=rpc message="RPC handler failed" fn=phieuGet error=404: không tìm thấy phiếu stack=Error: 404: không tìm thấy phiếu
    at Module.phieuGet (webpack-internal:///(rsc)/./lib/core/kho.ts:565:15)
    at process.processTicksAndRejections (node:internal/process/task_queues:104:5)
    at async dispatch (webpack-internal:///(rsc)/./lib/rpc.ts:399:12)
    at async POST (webpack-internal:///(rsc)/./app/api/rpc/route.ts:67:24)
    at async E:\APP-LAPTOP-SYNC\cencomOS_gara_4.0_supa\gara_reconstruction_v5\node_modules\next\dist\compiled\next-server\app-route.runtime.dev.js:6:57228
    at async eT.execute (E:\APP-LAPTOP-SYNC\cencomOS_gara_4.0_supa\gara_reconstruction_v5\node_modules\next\dist\compiled\next-server\app-route.runtime.dev.js:6:46851)
    at async eT.handle (E:\APP-LAPTOP-SYNC\cencomOS_gara_4.0_supa\gara_reconstruction_v5\node_modules\next\dist\compiled\next-server\app-route.runtime.dev.js:6:58760)
    at async doRender (E:\APP-LAPTOP-SYNC\cencomOS_gara_4.0_supa\gara_reconstruction_v5\node_modules\next\dist\server\base-server.js:1366:42)
    at async cacheEntry.responseCache.get.routeKind (E:\APP-LAPTOP-SYNC\cencomOS_gara_4.0_supa\gara_reconstruction_v5\node_modules\next\dist\server\base-server.js:1588:28)
    at async DevServer.renderToResponseWithComponentsImpl (E:\APP-LAPTOP-SYNC\cencomOS_gara_4.0_supa\gara_reconstruction_v5\node_modules\next\dist\server\base-server.js:1496:28)
    at async DevServer.renderPageComponent (E:\APP-LAPTOP-SYNC\cencomOS_gara_4.0_supa\gara_reconstruction_v5\node_modules\next\dist\server\base-server.js:1924:24)
    at async DevServer.renderToResponseImpl (E:\APP-LAPTOP-SYNC\cencomOS_gara_4.0_supa\gara_reconstruction_v5\node_modules\next\dist\server\base-server.js:1962:32)
    at async DevServer.pipeImpl (E:\APP-LAPTOP-SYNC\cencomOS_gara_4.0_supa\gara_reconstruction_v5\node_modules\next\dist\server\base-server.js:922:25)
    at async NextNodeServer.handleCatchallRenderRequest (E:\APP-LAPTOP-SYNC\cencomOS_gara_4.0_supa\gara_reconstruction_v5\node_modules\next\dist\server\next-server.js:272:17)
    at async DevServer.handleRequestImpl (E:\APP-LAPTOP-SYNC\cencomOS_gara_4.0_supa\gara_reconstruction_v5\node_modules\next\dist\server\base-server.js:818:17)
    at async E:\APP-LAPTOP-SYNC\cencomOS_gara_4.0_supa\gara_reconstruction_v5\node_modules\next\dist\server\dev\next-dev-server.js:339:20
    at async Span.traceAsyncFn (E:\APP-LAPTOP-SYNC\cencomOS_gara_4.0_supa\gara_reconstruction_v5\node_modules\next\dist\trace\trace.js:154:20)
    at async DevServer.handleRequest (E:\APP-LAPTOP-SYNC\cencomOS_gara_4.0_supa\gara_reconstruction_v5\node_modules\next\dist\server\dev\next-dev-server.js:336:24)
    at async invokeRender (E:\APP-LAPTOP-SYNC\cencomOS_gara_4.0_supa\gara_reconstruction_v5\node_modules\next\dist\server\lib\router-server.js:179:21)
    at async handleRequest (E:\APP-LAPTOP-SYNC\cencomOS_gara_4.0_supa\gara_reconstruction_v5\node_modules\next\dist\server\lib\router-server.js:359:24)
    at async requestHandlerImpl (E:\APP-LAPTOP-SYNC\cencomOS_gara_4.0_supa\gara_reconstruction_v5\node_modules\next\dist\server\lib\router-server.js:383:13)
    at async Server.requestListener (E:\APP-LAPTOP-SYNC\cencomOS_gara_4.0_supa\gara_reconstruction_v5\node_modules\next\dist\server\lib\start-server.js:141:13) userId=U-KHO
[2026-08-31T21:32:01.833Z] ERROR module=rpc message="RPC handler failed" fn=scGet error=Không tìm thấy phiếu sửa chữa stack=Error: Không tìm thấy phiếu sửa chữa
    at Module.scGet (webpack-internal:///(rsc)/./lib/core/sc.ts:124:19)
    at process.processTicksAndRejections (node:internal/process/task_queues:104:5)
    at async dispatch (webpack-internal:///(rsc)/./lib/rpc.ts:399:12)
    at async POST (webpack-internal:///(rsc)/./app/api/rpc/route.ts:67:24)
    at async E:\APP-LAPTOP-SYNC\cencomOS_gara_4.0_supa\gara_reconstruction_v5\node_modules\next\dist\compiled\next-server\app-route.runtime.dev.js:6:57228
    at async eT.execute (E:\APP-LAPTOP-SYNC\cencomOS_gara_4.0_supa\gara_reconstruction_v5\node_modules\next\dist\compiled\next-server\app-route.runtime.dev.js:6:46851)
    at async eT.handle (E:\APP-LAPTOP-SYNC\cencomOS_gara_4.0_supa\gara_reconstruction_v5\node_modules\next\dist\compiled\next-server\app-route.runtime.dev.js:6:58760)
    at async doRender (E:\APP-LAPTOP-SYNC\cencomOS_gara_4.0_supa\gara_reconstruction_v5\node_modules\next\dist\server\base-server.js:1366:42)
    at async cacheEntry.responseCache.get.routeKind (E:\APP-LAPTOP-SYNC\cencomOS_gara_4.0_supa\gara_reconstruction_v5\node_modules\next\dist\server\base-server.js:1588:28)
    at async DevServer.renderToResponseWithComponentsImpl (E:\APP-LAPTOP-SYNC\cencomOS_gara_4.0_supa\gara_reconstruction_v5\node_modules\next\dist\server\base-server.js:1496:28)
    at async DevServer.renderPageComponent (E:\APP-LAPTOP-SYNC\cencomOS_gara_4.0_supa\gara_reconstruction_v5\node_modules\next\dist\server\base-server.js:1924:24)
    at async DevServer.renderToResponseImpl (E:\APP-LAPTOP-SYNC\cencomOS_gara_4.0_supa\gara_reconstruction_v5\node_modules\next\dist\server\base-server.js:1962:32)
    at async DevServer.pipeImpl (E:\APP-LAPTOP-SYNC\cencomOS_gara_4.0_supa\gara_reconstruction_v5\node_modules\next\dist\server\base-server.js:922:25)
    at async NextNodeServer.handleCatchallRenderRequest (E:\APP-LAPTOP-SYNC\cencomOS_gara_4.0_supa\gara_reconstruction_v5\node_modules\next\dist\server\next-server.js:272:17)
    at async DevServer.handleRequestImpl (E:\APP-LAPTOP-SYNC\cencomOS_gara_4.0_supa\gara_reconstruction_v5\node_modules\next\dist\server\base-server.js:818:17)
    at async E:\APP-LAPTOP-SYNC\cencomOS_gara_4.0_supa\gara_reconstruction_v5\node_modules\next\dist\server\dev\next-dev-server.js:339:20
    at async Span.traceAsyncFn (E:\APP-LAPTOP-SYNC\cencomOS_gara_4.0_supa\gara_reconstruction_v5\node_modules\next\dist\trace\trace.js:154:20)
    at async DevServer.handleRequest (E:\APP-LAPTOP-SYNC\cencomOS_gara_4.0_supa\gara_reconstruction_v5\node_modules\next\dist\server\dev\next-dev-server.js:336:24)
    at async invokeRender (E:\APP-LAPTOP-SYNC\cencomOS_gara_4.0_supa\gara_reconstruction_v5\node_modules\next\dist\server\lib\router-server.js:179:21)
    at async handleRequest (E:\APP-LAPTOP-SYNC\cencomOS_gara_4.0_supa\gara_reconstruction_v5\node_modules\next\dist\server\lib\router-server.js:359:24)
    at async requestHandlerImpl (E:\APP-LAPTOP-SYNC\cencomOS_gara_4.0_supa\gara_reconstruction_v5\node_modules\next\dist\server\lib\router-server.js:383:13)
    at async Server.requestListener (E:\APP-LAPTOP-SYNC\cencomOS_gara_4.0_supa\gara_reconstruction_v5\node_modules\next\dist\server\lib\start-server.js:141:13) userId=U-ADMIN
[2026-08-31T21:32:01.897Z] ERROR module=rpc message="RPC handler failed" fn=scTuChoi error=Không thể từ chối khi phiếu đang da_hoan stack=Error: Không thể từ chối khi phiếu đang da_hoan
    at Module.scTuChoi (webpack-internal:///(rsc)/./lib/core/sc.ts:332:15)
    at process.processTicksAndRejections (node:internal/process/task_queues:104:5)
    at async dispatch (webpack-internal:///(rsc)/./lib/rpc.ts:399:12)
    at async POST (webpack-internal:///(rsc)/./app/api/rpc/route.ts:67:24)
    at async E:\APP-LAPTOP-SYNC\cencomOS_gara_4.0_supa\gara_reconstruction_v5\node_modules\next\dist\compiled\next-server\app-route.runtime.dev.js:6:57228
    at async eT.execute (E:\APP-LAPTOP-SYNC\cencomOS_gara_4.0_supa\gara_reconstruction_v5\node_modules\next\dist\compiled\next-server\app-route.runtime.dev.js:6:46851)
    at async eT.handle (E:\APP-LAPTOP-SYNC\cencomOS_gara_4.0_supa\gara_reconstruction_v5\node_modules\next\dist\compiled\next-server\app-route.runtime.dev.js:6:58760)
    at async doRender (E:\APP-LAPTOP-SYNC\cencomOS_gara_4.0_supa\gara_reconstruction_v5\node_modules\next\dist\server\base-server.js:1366:42)
    at async cacheEntry.responseCache.get.routeKind (E:\APP-LAPTOP-SYNC\cencomOS_gara_4.0_supa\gara_reconstruction_v5\node_modules\next\dist\server\base-server.js:1588:28)
    at async DevServer.renderToResponseWithComponentsImpl (E:\APP-LAPTOP-SYNC\cencomOS_gara_4.0_supa\gara_reconstruction_v5\node_modules\next\dist\server\base-server.js:1496:28)
    at async DevServer.renderPageComponent (E:\APP-LAPTOP-SYNC\cencomOS_gara_4.0_supa\gara_reconstruction_v5\node_modules\next\dist\server\base-server.js:1924:24)
    at async DevServer.renderToResponseImpl (E:\APP-LAPTOP-SYNC\cencomOS_gara_4.0_supa\gara_reconstruction_v5\node_modules\next\dist\server\base-server.js:1962:32)
    at async DevServer.pipeImpl (E:\APP-LAPTOP-SYNC\cencomOS_gara_4.0_supa\gara_reconstruction_v5\node_modules\next\dist\server\base-server.js:922:25)
    at async NextNodeServer.handleCatchallRenderRequest (E:\APP-LAPTOP-SYNC\cencomOS_gara_4.0_supa\gara_reconstruction_v5\node_modules\next\dist\server\next-server.js:272:17)
    at async DevServer.handleRequestImpl (E:\APP-LAPTOP-SYNC\cencomOS_gara_4.0_supa\gara_reconstruction_v5\node_modules\next\dist\server\base-server.js:818:17)
    at async E:\APP-LAPTOP-SYNC\cencomOS_gara_4.0_supa\gara_reconstruction_v5\node_modules\next\dist\server\dev\next-dev-server.js:339:20
    at async Span.traceAsyncFn (E:\APP-LAPTOP-SYNC\cencomOS_gara_4.0_supa\gara_reconstruction_v5\node_modules\next\dist\trace\trace.js:154:20)
    at async DevServer.handleRequest (E:\APP-LAPTOP-SYNC\cencomOS_gara_4.0_supa\gara_reconstruction_v5\node_modules\next\dist\server\dev\next-dev-server.js:336:24)
    at async invokeRender (E:\APP-LAPTOP-SYNC\cencomOS_gara_4.0_supa\gara_reconstruction_v5\node_modules\next\dist\server\lib\router-server.js:179:21)
    at async handleRequest (E:\APP-LAPTOP-SYNC\cencomOS_gara_4.0_supa\gara_reconstruction_v5\node_modules\next\dist\server\lib\router-server.js:359:24)
    at async requestHandlerImpl (E:\APP-LAPTOP-SYNC\cencomOS_gara_4.0_supa\gara_reconstruction_v5\node_modules\next\dist\server\lib\router-server.js:383:13)
    at async Server.requestListener (E:\APP-LAPTOP-SYNC\cencomOS_gara_4.0_supa\gara_reconstruction_v5\node_modules\next\dist\server\lib\start-server.js:141:13) userId=U-ADMIN
[2026-08-31T21:32:01.908Z] ERROR module=rpc message="RPC handler failed" fn=scQuyetToan error=Không thể quyết toán — thiếu hồ sơ: Kế hoạch sửa chữa (mẫu 01), Bản kiểm tu, Báo giá NCC (đã xác nhận), Phiếu nhập kho vật tư mới, Phiếu xuất kho cho SC, Biên bản nghiệm thu stack=Error: Không thể quyết toán — thiếu hồ sơ: Kế hoạch sửa chữa (mẫu 01), Bản kiểm tu, Báo giá NCC (đã xác nhận), Phiếu nhập kho vật tư mới, Phiếu xuất kho cho SC, Biên bản nghiệm thu
    at Module.scQuyetToan (webpack-internal:///(rsc)/./lib/core/sc.ts:388:15)
    at process.processTicksAndRejections (node:internal/process/task_queues:104:5)
    at async dispatch (webpack-internal:///(rsc)/./lib/rpc.ts:399:12)
    at async POST (webpack-internal:///(rsc)/./app/api/rpc/route.ts:67:24)
    at async E:\APP-LAPTOP-SYNC\cencomOS_gara_4.0_supa\gara_reconstruction_v5\node_modules\next\dist\compiled\next-server\app-route.runtime.dev.js:6:57228
    at async eT.execute (E:\APP-LAPTOP-SYNC\cencomOS_gara_4.0_supa\gara_reconstruction_v5\node_modules\next\dist\compiled\next-server\app-route.runtime.dev.js:6:46851)
    at async eT.handle (E:\APP-LAPTOP-SYNC\cencomOS_gara_4.0_supa\gara_reconstruction_v5\node_modules\next\dist\compiled\next-server\app-route.runtime.dev.js:6:58760)
    at async doRender (E:\APP-LAPTOP-SYNC\cencomOS_gara_4.0_supa\gara_reconstruction_v5\node_modules\next\dist\server\base-server.js:1366:42)
    at async cacheEntry.responseCache.get.routeKind (E:\APP-LAPTOP-SYNC\cencomOS_gara_4.0_supa\gara_reconstruction_v5\node_modules\next\dist\server\base-server.js:1588:28)
    at async DevServer.renderToResponseWithComponentsImpl (E:\APP-LAPTOP-SYNC\cencomOS_gara_4.0_supa\gara_reconstruction_v5\node_modules\next\dist\server\base-server.js:1496:28)
    at async DevServer.renderPageComponent (E:\APP-LAPTOP-SYNC\cencomOS_gara_4.0_supa\gara_reconstruction_v5\node_modules\next\dist\server\base-server.js:1924:24)
    at async DevServer.renderToResponseImpl (E:\APP-LAPTOP-SYNC\cencomOS_gara_4.0_supa\gara_reconstruction_v5\node_modules\next\dist\server\base-server.js:1962:32)
    at async DevServer.pipeImpl (E:\APP-LAPTOP-SYNC\cencomOS_gara_4.0_supa\gara_reconstruction_v5\node_modules\next\dist\server\base-server.js:922:25)
    at async NextNodeServer.handleCatchallRenderRequest (E:\APP-LAPTOP-SYNC\cencomOS_gara_4.0_supa\gara_reconstruction_v5\node_modules\next\dist\server\next-server.js:272:17)
    at async DevServer.handleRequestImpl (E:\APP-LAPTOP-SYNC\cencomOS_gara_4.0_supa\gara_reconstruction_v5\node_modules\next\dist\server\base-server.js:818:17)
    at async E:\APP-LAPTOP-SYNC\cencomOS_gara_4.0_supa\gara_reconstruction_v5\node_modules\next\dist\server\dev\next-dev-server.js:339:20
    at async Span.traceAsyncFn (E:\APP-LAPTOP-SYNC\cencomOS_gara_4.0_supa\gara_reconstruction_v5\node_modules\next\dist\trace\trace.js:154:20)
    at async DevServer.handleRequest (E:\APP-LAPTOP-SYNC\cencomOS_gara_4.0_supa\gara_reconstruction_v5\node_modules\next\dist\server\dev\next-dev-server.js:336:24)
    at async invokeRender (E:\APP-LAPTOP-SYNC\cencomOS_gara_4.0_supa\gara_reconstruction_v5\node_modules\next\dist\server\lib\router-server.js:179:21)
    at async handleRequest (E:\APP-LAPTOP-SYNC\cencomOS_gara_4.0_supa\gara_reconstruction_v5\node_modules\next\dist\server\lib\router-server.js:359:24)
    at async requestHandlerImpl (E:\APP-LAPTOP-SYNC\cencomOS_gara_4.0_supa\gara_reconstruction_v5\node_modules\next\dist\server\lib\router-server.js:383:13)
    at async Server.requestListener (E:\APP-LAPTOP-SYNC\cencomOS_gara_4.0_supa\gara_reconstruction_v5\node_modules\next\dist\server\lib\start-server.js:141:13) userId=U-ADMIN
[2026-08-31T21:32:02.114Z] ERROR module=rpc message="RPC handler failed" fn=phieuGet error=404: không tìm thấy phiếu stack=Error: 404: không tìm thấy phiếu
    at Module.phieuGet (webpack-internal:///(rsc)/./lib/core/kho.ts:565:15)
    at process.processTicksAndRejections (node:internal/process/task_queues:104:5)
    at async dispatch (webpack-internal:///(rsc)/./lib/rpc.ts:399:12)
    at async POST (webpack-internal:///(rsc)/./app/api/rpc/route.ts:67:24)
    at async E:\APP-LAPTOP-SYNC\cencomOS_gara_4.0_supa\gara_reconstruction_v5\node_modules\next\dist\compiled\next-server\app-route.runtime.dev.js:6:57228
    at async eT.execute (E:\APP-LAPTOP-SYNC\cencomOS_gara_4.0_supa\gara_reconstruction_v5\node_modules\next\dist\compiled\next-server\app-route.runtime.dev.js:6:46851)
    at async eT.handle (E:\APP-LAPTOP-SYNC\cencomOS_gara_4.0_supa\gara_reconstruction_v5\node_modules\next\dist\compiled\next-server\app-route.runtime.dev.js:6:58760)
    at async doRender (E:\APP-LAPTOP-SYNC\cencomOS_gara_4.0_supa\gara_reconstruction_v5\node_modules\next\dist\server\base-server.js:1366:42)
    at async cacheEntry.responseCache.get.routeKind (E:\APP-LAPTOP-SYNC\cencomOS_gara_4.0_supa\gara_reconstruction_v5\node_modules\next\dist\server\base-server.js:1588:28)
    at async DevServer.renderToResponseWithComponentsImpl (E:\APP-LAPTOP-SYNC\cencomOS_gara_4.0_supa\gara_reconstruction_v5\node_modules\next\dist\server\base-server.js:1496:28)
    at async DevServer.renderPageComponent (E:\APP-LAPTOP-SYNC\cencomOS_gara_4.0_supa\gara_reconstruction_v5\node_modules\next\dist\server\base-server.js:1924:24)
    at async DevServer.renderToResponseImpl (E:\APP-LAPTOP-SYNC\cencomOS_gara_4.0_supa\gara_reconstruction_v5\node_modules\next\dist\server\base-server.js:1962:32)
    at async DevServer.pipeImpl (E:\APP-LAPTOP-SYNC\cencomOS_gara_4.0_supa\gara_reconstruction_v5\node_modules\next\dist\server\base-server.js:922:25)
    at async NextNodeServer.handleCatchallRenderRequest (E:\APP-LAPTOP-SYNC\cencomOS_gara_4.0_supa\gara_reconstruction_v5\node_modules\next\dist\server\next-server.js:272:17)
    at async DevServer.handleRequestImpl (E:\APP-LAPTOP-SYNC\cencomOS_gara_4.0_supa\gara_reconstruction_v5\node_modules\next\dist\server\base-server.js:818:17)
    at async E:\APP-LAPTOP-SYNC\cencomOS_gara_4.0_supa\gara_reconstruction_v5\node_modules\next\dist\server\dev\next-dev-server.js:339:20
    at async Span.traceAsyncFn (E:\APP-LAPTOP-SYNC\cencomOS_gara_4.0_supa\gara_reconstruction_v5\node_modules\next\dist\trace\trace.js:154:20)
    at async DevServer.handleRequest (E:\APP-LAPTOP-SYNC\cencomOS_gara_4.0_supa\gara_reconstruction_v5\node_modules\next\dist\server\dev\next-dev-server.js:336:24)
    at async invokeRender (E:\APP-LAPTOP-SYNC\cencomOS_gara_4.0_supa\gara_reconstruction_v5\node_modules\next\dist\server\lib\router-server.js:179:21)
    at async handleRequest (E:\APP-LAPTOP-SYNC\cencomOS_gara_4.0_supa\gara_reconstruction_v5\node_modules\next\dist\server\lib\router-server.js:359:24)
    at async requestHandlerImpl (E:\APP-LAPTOP-SYNC\cencomOS_gara_4.0_supa\gara_reconstruction_v5\node_modules\next\dist\server\lib\router-server.js:383:13)
    at async Server.requestListener (E:\APP-LAPTOP-SYNC\cencomOS_gara_4.0_supa\gara_reconstruction_v5\node_modules\next\dist\server\lib\start-server.js:141:13) userId=U-ADMIN
[2026-08-31T21:32:02.201Z] ERROR module=rpc message="RPC handler failed" fn=scGet error=Không tìm thấy phiếu sửa chữa stack=Error: Không tìm thấy phiếu sửa chữa
    at Module.scGet (webpack-internal:///(rsc)/./lib/core/sc.ts:124:19)
    at process.processTicksAndRejections (node:internal/process/task_queues:104:5)
    at async dispatch (webpack-internal:///(rsc)/./lib/rpc.ts:399:12)
    at async POST (webpack-internal:///(rsc)/./app/api/rpc/route.ts:67:24)
    at async E:\APP-LAPTOP-SYNC\cencomOS_gara_4.0_supa\gara_reconstruction_v5\node_modules\next\dist\compiled\next-server\app-route.runtime.dev.js:6:57228
    at async eT.execute (E:\APP-LAPTOP-SYNC\cencomOS_gara_4.0_supa\gara_reconstruction_v5\node_modules\next\dist\compiled\next-server\app-route.runtime.dev.js:6:46851)
    at async eT.handle (E:\APP-LAPTOP-SYNC\cencomOS_gara_4.0_supa\gara_reconstruction_v5\node_modules\next\dist\compiled\next-server\app-route.runtime.dev.js:6:58760)
    at async doRender (E:\APP-LAPTOP-SYNC\cencomOS_gara_4.0_supa\gara_reconstruction_v5\node_modules\next\dist\server\base-server.js:1366:42)
    at async cacheEntry.responseCache.get.routeKind (E:\APP-LAPTOP-SYNC\cencomOS_gara_4.0_supa\gara_reconstruction_v5\node_modules\next\dist\server\base-server.js:1588:28)
    at async DevServer.renderToResponseWithComponentsImpl (E:\APP-LAPTOP-SYNC\cencomOS_gara_4.0_supa\gara_reconstruction_v5\node_modules\next\dist\server\base-server.js:1496:28)
    at async DevServer.renderPageComponent (E:\APP-LAPTOP-SYNC\cencomOS_gara_4.0_supa\gara_reconstruction_v5\node_modules\next\dist\server\base-server.js:1924:24)
    at async DevServer.renderToResponseImpl (E:\APP-LAPTOP-SYNC\cencomOS_gara_4.0_supa\gara_reconstruction_v5\node_modules\next\dist\server\base-server.js:1962:32)
    at async DevServer.pipeImpl (E:\APP-LAPTOP-SYNC\cencomOS_gara_4.0_supa\gara_reconstruction_v5\node_modules\next\dist\server\base-server.js:922:25)
    at async NextNodeServer.handleCatchallRenderRequest (E:\APP-LAPTOP-SYNC\cencomOS_gara_4.0_supa\gara_reconstruction_v5\node_modules\next\dist\server\next-server.js:272:17)
    at async DevServer.handleRequestImpl (E:\APP-LAPTOP-SYNC\cencomOS_gara_4.0_supa\gara_reconstruction_v5\node_modules\next\dist\server\base-server.js:818:17)
    at async E:\APP-LAPTOP-SYNC\cencomOS_gara_4.0_supa\gara_reconstruction_v5\node_modules\next\dist\server\dev\next-dev-server.js:339:20
    at async Span.traceAsyncFn (E:\APP-LAPTOP-SYNC\cencomOS_gara_4.0_supa\gara_reconstruction_v5\node_modules\next\dist\trace\trace.js:154:20)
    at async DevServer.handleRequest (E:\APP-LAPTOP-SYNC\cencomOS_gara_4.0_supa\gara_reconstruction_v5\node_modules\next\dist\server\dev\next-dev-server.js:336:24)
    at async invokeRender (E:\APP-LAPTOP-SYNC\cencomOS_gara_4.0_supa\gara_reconstruction_v5\node_modules\next\dist\server\lib\router-server.js:179:21)
    at async handleRequest (E:\APP-LAPTOP-SYNC\cencomOS_gara_4.0_supa\gara_reconstruction_v5\node_modules\next\dist\server\lib\router-server.js:359:24)
    at async requestHandlerImpl (E:\APP-LAPTOP-SYNC\cencomOS_gara_4.0_supa\gara_reconstruction_v5\node_modules\next\dist\server\lib\router-server.js:383:13)
    at async Server.requestListener (E:\APP-LAPTOP-SYNC\cencomOS_gara_4.0_supa\gara_reconstruction_v5\node_modules\next\dist\server\lib\start-server.js:141:13) userId=U-GIAMDOC
[2026-08-31T21:32:02.359Z] ERROR module=rpc message="RPC handler failed" fn=phieuGet error=404: không tìm thấy phiếu stack=Error: 404: không tìm thấy phiếu
    at Module.phieuGet (webpack-internal:///(rsc)/./lib/core/kho.ts:565:15)
    at process.processTicksAndRejections (node:internal/process/task_queues:104:5)
    at async dispatch (webpack-internal:///(rsc)/./lib/rpc.ts:399:12)
    at async POST (webpack-internal:///(rsc)/./app/api/rpc/route.ts:67:24)
    at async E:\APP-LAPTOP-SYNC\cencomOS_gara_4.0_supa\gara_reconstruction_v5\node_modules\next\dist\compiled\next-server\app-route.runtime.dev.js:6:57228
    at async eT.execute (E:\APP-LAPTOP-SYNC\cencomOS_gara_4.0_supa\gara_reconstruction_v5\node_modules\next\dist\compiled\next-server\app-route.runtime.dev.js:6:46851)
    at async eT.handle (E:\APP-LAPTOP-SYNC\cencomOS_gara_4.0_supa\gara_reconstruction_v5\node_modules\next\dist\compiled\next-server\app-route.runtime.dev.js:6:58760)
    at async doRender (E:\APP-LAPTOP-SYNC\cencomOS_gara_4.0_supa\gara_reconstruction_v5\node_modules\next\dist\server\base-server.js:1366:42)
    at async cacheEntry.responseCache.get.routeKind (E:\APP-LAPTOP-SYNC\cencomOS_gara_4.0_supa\gara_reconstruction_v5\node_modules\next\dist\server\base-server.js:1588:28)
    at async DevServer.renderToResponseWithComponentsImpl (E:\APP-LAPTOP-SYNC\cencomOS_gara_4.0_supa\gara_reconstruction_v5\node_modules\next\dist\server\base-server.js:1496:28)
    at async DevServer.renderPageComponent (E:\APP-LAPTOP-SYNC\cencomOS_gara_4.0_supa\gara_reconstruction_v5\node_modules\next\dist\server\base-server.js:1924:24)
    at async DevServer.renderToResponseImpl (E:\APP-LAPTOP-SYNC\cencomOS_gara_4.0_supa\gara_reconstruction_v5\node_modules\next\dist\server\base-server.js:1962:32)
    at async DevServer.pipeImpl (E:\APP-LAPTOP-SYNC\cencomOS_gara_4.0_supa\gara_reconstruction_v5\node_modules\next\dist\server\base-server.js:922:25)
    at async NextNodeServer.handleCatchallRenderRequest (E:\APP-LAPTOP-SYNC\cencomOS_gara_4.0_supa\gara_reconstruction_v5\node_modules\next\dist\server\next-server.js:272:17)
    at async DevServer.handleRequestImpl (E:\APP-LAPTOP-SYNC\cencomOS_gara_4.0_supa\gara_reconstruction_v5\node_modules\next\dist\server\base-server.js:818:17)
    at async E:\APP-LAPTOP-SYNC\cencomOS_gara_4.0_supa\gara_reconstruction_v5\node_modules\next\dist\server\dev\next-dev-server.js:339:20
    at async Span.traceAsyncFn (E:\APP-LAPTOP-SYNC\cencomOS_gara_4.0_supa\gara_reconstruction_v5\node_modules\next\dist\trace\trace.js:154:20)
    at async DevServer.handleRequest (E:\APP-LAPTOP-SYNC\cencomOS_gara_4.0_supa\gara_reconstruction_v5\node_modules\next\dist\server\dev\next-dev-server.js:336:24)
    at async invokeRender (E:\APP-LAPTOP-SYNC\cencomOS_gara_4.0_supa\gara_reconstruction_v5\node_modules\next\dist\server\lib\router-server.js:179:21)
    at async handleRequest (E:\APP-LAPTOP-SYNC\cencomOS_gara_4.0_supa\gara_reconstruction_v5\node_modules\next\dist\server\lib\router-server.js:359:24)
    at async requestHandlerImpl (E:\APP-LAPTOP-SYNC\cencomOS_gara_4.0_supa\gara_reconstruction_v5\node_modules\next\dist\server\lib\router-server.js:383:13)
    at async Server.requestListener (E:\APP-LAPTOP-SYNC\cencomOS_gara_4.0_supa\gara_reconstruction_v5\node_modules\next\dist\server\lib\start-server.js:141:13) userId=U-GIAMDOC
[2026-08-31T21:32:02.443Z] ERROR module=rpc message="RPC handler failed" fn=scGet error=Không tìm thấy phiếu sửa chữa stack=Error: Không tìm thấy phiếu sửa chữa
    at Module.scGet (webpack-internal:///(rsc)/./lib/core/sc.ts:124:19)
    at process.processTicksAndRejections (node:internal/process/task_queues:104:5)
    at async dispatch (webpack-internal:///(rsc)/./lib/rpc.ts:399:12)
    at async POST (webpack-internal:///(rsc)/./app/api/rpc/route.ts:67:24)
    at async E:\APP-LAPTOP-SYNC\cencomOS_gara_4.0_supa\gara_reconstruction_v5\node_modules\next\dist\compiled\next-server\app-route.runtime.dev.js:6:57228
    at async eT.execute (E:\APP-LAPTOP-SYNC\cencomOS_gara_4.0_supa\gara_reconstruction_v5\node_modules\next\dist\compiled\next-server\app-route.runtime.dev.js:6:46851)
    at async eT.handle (E:\APP-LAPTOP-SYNC\cencomOS_gara_4.0_supa\gara_reconstruction_v5\node_modules\next\dist\compiled\next-server\app-route.runtime.dev.js:6:58760)
    at async doRender (E:\APP-LAPTOP-SYNC\cencomOS_gara_4.0_supa\gara_reconstruction_v5\node_modules\next\dist\server\base-server.js:1366:42)
    at async cacheEntry.responseCache.get.routeKind (E:\APP-LAPTOP-SYNC\cencomOS_gara_4.0_supa\gara_reconstruction_v5\node_modules\next\dist\server\base-server.js:1588:28)
    at async DevServer.renderToResponseWithComponentsImpl (E:\APP-LAPTOP-SYNC\cencomOS_gara_4.0_supa\gara_reconstruction_v5\node_modules\next\dist\server\base-server.js:1496:28)
    at async DevServer.renderPageComponent (E:\APP-LAPTOP-SYNC\cencomOS_gara_4.0_supa\gara_reconstruction_v5\node_modules\next\dist\server\base-server.js:1924:24)
    at async DevServer.renderToResponseImpl (E:\APP-LAPTOP-SYNC\cencomOS_gara_4.0_supa\gara_reconstruction_v5\node_modules\next\dist\server\base-server.js:1962:32)
    at async DevServer.pipeImpl (E:\APP-LAPTOP-SYNC\cencomOS_gara_4.0_supa\gara_reconstruction_v5\node_modules\next\dist\server\base-server.js:922:25)
    at async NextNodeServer.handleCatchallRenderRequest (E:\APP-LAPTOP-SYNC\cencomOS_gara_4.0_supa\gara_reconstruction_v5\node_modules\next\dist\server\next-server.js:272:17)
    at async DevServer.handleRequestImpl (E:\APP-LAPTOP-SYNC\cencomOS_gara_4.0_supa\gara_reconstruction_v5\node_modules\next\dist\server\base-server.js:818:17)
    at async E:\APP-LAPTOP-SYNC\cencomOS_gara_4.0_supa\gara_reconstruction_v5\node_modules\next\dist\server\dev\next-dev-server.js:339:20
    at async Span.traceAsyncFn (E:\APP-LAPTOP-SYNC\cencomOS_gara_4.0_supa\gara_reconstruction_v5\node_modules\next\dist\trace\trace.js:154:20)
    at async DevServer.handleRequest (E:\APP-LAPTOP-SYNC\cencomOS_gara_4.0_supa\gara_reconstruction_v5\node_modules\next\dist\server\dev\next-dev-server.js:336:24)
    at async invokeRender (E:\APP-LAPTOP-SYNC\cencomOS_gara_4.0_supa\gara_reconstruction_v5\node_modules\next\dist\server\lib\router-server.js:179:21)
    at async handleRequest (E:\APP-LAPTOP-SYNC\cencomOS_gara_4.0_supa\gara_reconstruction_v5\node_modules\next\dist\server\lib\router-server.js:359:24)
    at async requestHandlerImpl (E:\APP-LAPTOP-SYNC\cencomOS_gara_4.0_supa\gara_reconstruction_v5\node_modules\next\dist\server\lib\router-server.js:383:13)
    at async Server.requestListener (E:\APP-LAPTOP-SYNC\cencomOS_gara_4.0_supa\gara_reconstruction_v5\node_modules\next\dist\server\lib\start-server.js:141:13) userId=U-XUONG
[2026-08-31T21:32:02.489Z] ERROR module=rpc message="RPC handler failed" fn=scBatDauSua error=Không thể bắt đầu sửa khi phiếu đang da_hoan stack=Error: Không thể bắt đầu sửa khi phiếu đang da_hoan
    at Module.scBatDauSua (webpack-internal:///(rsc)/./lib/core/sc.ts:265:15)
    at process.processTicksAndRejections (node:internal/process/task_queues:104:5)
    at async dispatch (webpack-internal:///(rsc)/./lib/rpc.ts:399:12)
    at async POST (webpack-internal:///(rsc)/./app/api/rpc/route.ts:67:24)
    at async E:\APP-LAPTOP-SYNC\cencomOS_gara_4.0_supa\gara_reconstruction_v5\node_modules\next\dist\compiled\next-server\app-route.runtime.dev.js:6:57228
    at async eT.execute (E:\APP-LAPTOP-SYNC\cencomOS_gara_4.0_supa\gara_reconstruction_v5\node_modules\next\dist\compiled\next-server\app-route.runtime.dev.js:6:46851)
    at async eT.handle (E:\APP-LAPTOP-SYNC\cencomOS_gara_4.0_supa\gara_reconstruction_v5\node_modules\next\dist\compiled\next-server\app-route.runtime.dev.js:6:58760)
    at async doRender (E:\APP-LAPTOP-SYNC\cencomOS_gara_4.0_supa\gara_reconstruction_v5\node_modules\next\dist\server\base-server.js:1366:42)
    at async cacheEntry.responseCache.get.routeKind (E:\APP-LAPTOP-SYNC\cencomOS_gara_4.0_supa\gara_reconstruction_v5\node_modules\next\dist\server\base-server.js:1588:28)
    at async DevServer.renderToResponseWithComponentsImpl (E:\APP-LAPTOP-SYNC\cencomOS_gara_4.0_supa\gara_reconstruction_v5\node_modules\next\dist\server\base-server.js:1496:28)
    at async DevServer.renderPageComponent (E:\APP-LAPTOP-SYNC\cencomOS_gara_4.0_supa\gara_reconstruction_v5\node_modules\next\dist\server\base-server.js:1924:24)
    at async DevServer.renderToResponseImpl (E:\APP-LAPTOP-SYNC\cencomOS_gara_4.0_supa\gara_reconstruction_v5\node_modules\next\dist\server\base-server.js:1962:32)
    at async DevServer.pipeImpl (E:\APP-LAPTOP-SYNC\cencomOS_gara_4.0_supa\gara_reconstruction_v5\node_modules\next\dist\server\base-server.js:922:25)
    at async NextNodeServer.handleCatchallRenderRequest (E:\APP-LAPTOP-SYNC\cencomOS_gara_4.0_supa\gara_reconstruction_v5\node_modules\next\dist\server\next-server.js:272:17)
    at async DevServer.handleRequestImpl (E:\APP-LAPTOP-SYNC\cencomOS_gara_4.0_supa\gara_reconstruction_v5\node_modules\next\dist\server\base-server.js:818:17)
    at async E:\APP-LAPTOP-SYNC\cencomOS_gara_4.0_supa\gara_reconstruction_v5\node_modules\next\dist\server\dev\next-dev-server.js:339:20
    at async Span.traceAsyncFn (E:\APP-LAPTOP-SYNC\cencomOS_gara_4.0_supa\gara_reconstruction_v5\node_modules\next\dist\trace\trace.js:154:20)
    at async DevServer.handleRequest (E:\APP-LAPTOP-SYNC\cencomOS_gara_4.0_supa\gara_reconstruction_v5\node_modules\next\dist\server\dev\next-dev-server.js:336:24)
    at async invokeRender (E:\APP-LAPTOP-SYNC\cencomOS_gara_4.0_supa\gara_reconstruction_v5\node_modules\next\dist\server\lib\router-server.js:179:21)
    at async handleRequest (E:\APP-LAPTOP-SYNC\cencomOS_gara_4.0_supa\gara_reconstruction_v5\node_modules\next\dist\server\lib\router-server.js:359:24)
    at async requestHandlerImpl (E:\APP-LAPTOP-SYNC\cencomOS_gara_4.0_supa\gara_reconstruction_v5\node_modules\next\dist\server\lib\router-server.js:383:13)
    at async Server.requestListener (E:\APP-LAPTOP-SYNC\cencomOS_gara_4.0_supa\gara_reconstruction_v5\node_modules\next\dist\server\lib\start-server.js:141:13) userId=U-XUONG
[2026-08-31T21:32:02.495Z] ERROR module=rpc message="RPC handler failed" fn=scHoanThanh error=Chưa bắt đầu sửa — không thể hoàn thành stack=Error: Chưa bắt đầu sửa — không thể hoàn thành
    at Module.scHoanThanh (webpack-internal:///(rsc)/./lib/core/sc.ts:298:15)
    at process.processTicksAndRejections (node:internal/process/task_queues:104:5)
    at async dispatch (webpack-internal:///(rsc)/./lib/rpc.ts:399:12)
    at async POST (webpack-internal:///(rsc)/./app/api/rpc/route.ts:67:24)
    at async E:\APP-LAPTOP-SYNC\cencomOS_gara_4.0_supa\gara_reconstruction_v5\node_modules\next\dist\compiled\next-server\app-route.runtime.dev.js:6:57228
    at async eT.execute (E:\APP-LAPTOP-SYNC\cencomOS_gara_4.0_supa\gara_reconstruction_v5\node_modules\next\dist\compiled\next-server\app-route.runtime.dev.js:6:46851)
    at async eT.handle (E:\APP-LAPTOP-SYNC\cencomOS_gara_4.0_supa\gara_reconstruction_v5\node_modules\next\dist\compiled\next-server\app-route.runtime.dev.js:6:58760)
    at async doRender (E:\APP-LAPTOP-SYNC\cencomOS_gara_4.0_supa\gara_reconstruction_v5\node_modules\next\dist\server\base-server.js:1366:42)
    at async cacheEntry.responseCache.get.routeKind (E:\APP-LAPTOP-SYNC\cencomOS_gara_4.0_supa\gara_reconstruction_v5\node_modules\next\dist\server\base-server.js:1588:28)
    at async DevServer.renderToResponseWithComponentsImpl (E:\APP-LAPTOP-SYNC\cencomOS_gara_4.0_supa\gara_reconstruction_v5\node_modules\next\dist\server\base-server.js:1496:28)
    at async DevServer.renderPageComponent (E:\APP-LAPTOP-SYNC\cencomOS_gara_4.0_supa\gara_reconstruction_v5\node_modules\next\dist\server\base-server.js:1924:24)
    at async DevServer.renderToResponseImpl (E:\APP-LAPTOP-SYNC\cencomOS_gara_4.0_supa\gara_reconstruction_v5\node_modules\next\dist\server\base-server.js:1962:32)
    at async DevServer.pipeImpl (E:\APP-LAPTOP-SYNC\cencomOS_gara_4.0_supa\gara_reconstruction_v5\node_modules\next\dist\server\base-server.js:922:25)
    at async NextNodeServer.handleCatchallRenderRequest (E:\APP-LAPTOP-SYNC\cencomOS_gara_4.0_supa\gara_reconstruction_v5\node_modules\next\dist\server\next-server.js:272:17)
    at async DevServer.handleRequestImpl (E:\APP-LAPTOP-SYNC\cencomOS_gara_4.0_supa\gara_reconstruction_v5\node_modules\next\dist\server\base-server.js:818:17)
    at async E:\APP-LAPTOP-SYNC\cencomOS_gara_4.0_supa\gara_reconstruction_v5\node_modules\next\dist\server\dev\next-dev-server.js:339:20
    at async Span.traceAsyncFn (E:\APP-LAPTOP-SYNC\cencomOS_gara_4.0_supa\gara_reconstruction_v5\node_modules\next\dist\trace\trace.js:154:20)
    at async DevServer.handleRequest (E:\APP-LAPTOP-SYNC\cencomOS_gara_4.0_supa\gara_reconstruction_v5\node_modules\next\dist\server\dev\next-dev-server.js:336:24)
    at async invokeRender (E:\APP-LAPTOP-SYNC\cencomOS_gara_4.0_supa\gara_reconstruction_v5\node_modules\next\dist\server\lib\router-server.js:179:21)
    at async handleRequest (E:\APP-LAPTOP-SYNC\cencomOS_gara_4.0_supa\gara_reconstruction_v5\node_modules\next\dist\server\lib\router-server.js:359:24)
    at async requestHandlerImpl (E:\APP-LAPTOP-SYNC\cencomOS_gara_4.0_supa\gara_reconstruction_v5\node_modules\next\dist\server\lib\router-server.js:383:13)
    at async Server.requestListener (E:\APP-LAPTOP-SYNC\cencomOS_gara_4.0_supa\gara_reconstruction_v5\node_modules\next\dist\server\lib\start-server.js:141:13) userId=U-XUONG
[2026-08-31T21:32:02.502Z] ERROR module=rpc message="RPC handler failed" fn=scTuChoi error=Không thể từ chối khi phiếu đang da_hoan stack=Error: Không thể từ chối khi phiếu đang da_hoan
    at Module.scTuChoi (webpack-internal:///(rsc)/./lib/core/sc.ts:332:15)
    at process.processTicksAndRejections (node:internal/process/task_queues:104:5)
    at async dispatch (webpack-internal:///(rsc)/./lib/rpc.ts:399:12)
    at async POST (webpack-internal:///(rsc)/./app/api/rpc/route.ts:67:24)
    at async E:\APP-LAPTOP-SYNC\cencomOS_gara_4.0_supa\gara_reconstruction_v5\node_modules\next\dist\compiled\next-server\app-route.runtime.dev.js:6:57228
    at async eT.execute (E:\APP-LAPTOP-SYNC\cencomOS_gara_4.0_supa\gara_reconstruction_v5\node_modules\next\dist\compiled\next-server\app-route.runtime.dev.js:6:46851)
    at async eT.handle (E:\APP-LAPTOP-SYNC\cencomOS_gara_4.0_supa\gara_reconstruction_v5\node_modules\next\dist\compiled\next-server\app-route.runtime.dev.js:6:58760)
    at async doRender (E:\APP-LAPTOP-SYNC\cencomOS_gara_4.0_supa\gara_reconstruction_v5\node_modules\next\dist\server\base-server.js:1366:42)
    at async cacheEntry.responseCache.get.routeKind (E:\APP-LAPTOP-SYNC\cencomOS_gara_4.0_supa\gara_reconstruction_v5\node_modules\next\dist\server\base-server.js:1588:28)
    at async DevServer.renderToResponseWithComponentsImpl (E:\APP-LAPTOP-SYNC\cencomOS_gara_4.0_supa\gara_reconstruction_v5\node_modules\next\dist\server\base-server.js:1496:28)
    at async DevServer.renderPageComponent (E:\APP-LAPTOP-SYNC\cencomOS_gara_4.0_supa\gara_reconstruction_v5\node_modules\next\dist\server\base-server.js:1924:24)
    at async DevServer.renderToResponseImpl (E:\APP-LAPTOP-SYNC\cencomOS_gara_4.0_supa\gara_reconstruction_v5\node_modules\next\dist\server\base-server.js:1962:32)
    at async DevServer.pipeImpl (E:\APP-LAPTOP-SYNC\cencomOS_gara_4.0_supa\gara_reconstruction_v5\node_modules\next\dist\server\base-server.js:922:25)
    at async NextNodeServer.handleCatchallRenderRequest (E:\APP-LAPTOP-SYNC\cencomOS_gara_4.0_supa\gara_reconstruction_v5\node_modules\next\dist\server\next-server.js:272:17)
    at async DevServer.handleRequestImpl (E:\APP-LAPTOP-SYNC\cencomOS_gara_4.0_supa\gara_reconstruction_v5\node_modules\next\dist\server\base-server.js:818:17)
    at async E:\APP-LAPTOP-SYNC\cencomOS_gara_4.0_supa\gara_reconstruction_v5\node_modules\next\dist\server\dev\next-dev-server.js:339:20
    at async Span.traceAsyncFn (E:\APP-LAPTOP-SYNC\cencomOS_gara_4.0_supa\gara_reconstruction_v5\node_modules\next\dist\trace\trace.js:154:20)
    at async DevServer.handleRequest (E:\APP-LAPTOP-SYNC\cencomOS_gara_4.0_supa\gara_reconstruction_v5\node_modules\next\dist\server\dev\next-dev-server.js:336:24)
    at async invokeRender (E:\APP-LAPTOP-SYNC\cencomOS_gara_4.0_supa\gara_reconstruction_v5\node_modules\next\dist\server\lib\router-server.js:179:21)
    at async handleRequest (E:\APP-LAPTOP-SYNC\cencomOS_gara_4.0_supa\gara_reconstruction_v5\node_modules\next\dist\server\lib\router-server.js:359:24)
    at async requestHandlerImpl (E:\APP-LAPTOP-SYNC\cencomOS_gara_4.0_supa\gara_reconstruction_v5\node_modules\next\dist\server\lib\router-server.js:383:13)
    at async Server.requestListener (E:\APP-LAPTOP-SYNC\cencomOS_gara_4.0_supa\gara_reconstruction_v5\node_modules\next\dist\server\lib\start-server.js:141:13) userId=U-XUONG
[2026-08-31T21:32:02.643Z] ERROR module=rpc message="RPC handler failed" fn=phieuGet error=404: không tìm thấy phiếu stack=Error: 404: không tìm thấy phiếu
    at Module.phieuGet (webpack-internal:///(rsc)/./lib/core/kho.ts:565:15)
    at process.processTicksAndRejections (node:internal/process/task_queues:104:5)
    at async dispatch (webpack-internal:///(rsc)/./lib/rpc.ts:399:12)
    at async POST (webpack-internal:///(rsc)/./app/api/rpc/route.ts:67:24)
    at async E:\APP-LAPTOP-SYNC\cencomOS_gara_4.0_supa\gara_reconstruction_v5\node_modules\next\dist\compiled\next-server\app-route.runtime.dev.js:6:57228
    at async eT.execute (E:\APP-LAPTOP-SYNC\cencomOS_gara_4.0_supa\gara_reconstruction_v5\node_modules\next\dist\compiled\next-server\app-route.runtime.dev.js:6:46851)
    at async eT.handle (E:\APP-LAPTOP-SYNC\cencomOS_gara_4.0_supa\gara_reconstruction_v5\node_modules\next\dist\compiled\next-server\app-route.runtime.dev.js:6:58760)
    at async doRender (E:\APP-LAPTOP-SYNC\cencomOS_gara_4.0_supa\gara_reconstruction_v5\node_modules\next\dist\server\base-server.js:1366:42)
    at async cacheEntry.responseCache.get.routeKind (E:\APP-LAPTOP-SYNC\cencomOS_gara_4.0_supa\gara_reconstruction_v5\node_modules\next\dist\server\base-server.js:1588:28)
    at async DevServer.renderToResponseWithComponentsImpl (E:\APP-LAPTOP-SYNC\cencomOS_gara_4.0_supa\gara_reconstruction_v5\node_modules\next\dist\server\base-server.js:1496:28)
    at async DevServer.renderPageComponent (E:\APP-LAPTOP-SYNC\cencomOS_gara_4.0_supa\gara_reconstruction_v5\node_modules\next\dist\server\base-server.js:1924:24)
    at async DevServer.renderToResponseImpl (E:\APP-LAPTOP-SYNC\cencomOS_gara_4.0_supa\gara_reconstruction_v5\node_modules\next\dist\server\base-server.js:1962:32)
    at async DevServer.pipeImpl (E:\APP-LAPTOP-SYNC\cencomOS_gara_4.0_supa\gara_reconstruction_v5\node_modules\next\dist\server\base-server.js:922:25)
    at async NextNodeServer.handleCatchallRenderRequest (E:\APP-LAPTOP-SYNC\cencomOS_gara_4.0_supa\gara_reconstruction_v5\node_modules\next\dist\server\next-server.js:272:17)
    at async DevServer.handleRequestImpl (E:\APP-LAPTOP-SYNC\cencomOS_gara_4.0_supa\gara_reconstruction_v5\node_modules\next\dist\server\base-server.js:818:17)
    at async E:\APP-LAPTOP-SYNC\cencomOS_gara_4.0_supa\gara_reconstruction_v5\node_modules\next\dist\server\dev\next-dev-server.js:339:20
    at async Span.traceAsyncFn (E:\APP-LAPTOP-SYNC\cencomOS_gara_4.0_supa\gara_reconstruction_v5\node_modules\next\dist\trace\trace.js:154:20)
    at async DevServer.handleRequest (E:\APP-LAPTOP-SYNC\cencomOS_gara_4.0_supa\gara_reconstruction_v5\node_modules\next\dist\server\dev\next-dev-server.js:336:24)
    at async invokeRender (E:\APP-LAPTOP-SYNC\cencomOS_gara_4.0_supa\gara_reconstruction_v5\node_modules\next\dist\server\lib\router-server.js:179:21)
    at async handleRequest (E:\APP-LAPTOP-SYNC\cencomOS_gara_4.0_supa\gara_reconstruction_v5\node_modules\next\dist\server\lib\router-server.js:359:24)
    at async requestHandlerImpl (E:\APP-LAPTOP-SYNC\cencomOS_gara_4.0_supa\gara_reconstruction_v5\node_modules\next\dist\server\lib\router-server.js:383:13)
    at async Server.requestListener (E:\APP-LAPTOP-SYNC\cencomOS_gara_4.0_supa\gara_reconstruction_v5\node_modules\next\dist\server\lib\start-server.js:141:13) userId=U-XUONG
[2026-08-31T21:32:02.719Z] ERROR module=rpc message="RPC handler failed" fn=scGet error=Không tìm thấy phiếu sửa chữa stack=Error: Không tìm thấy phiếu sửa chữa
    at Module.scGet (webpack-internal:///(rsc)/./lib/core/sc.ts:124:19)
    at process.processTicksAndRejections (node:internal/process/task_queues:104:5)
    at async dispatch (webpack-internal:///(rsc)/./lib/rpc.ts:399:12)
    at async POST (webpack-internal:///(rsc)/./app/api/rpc/route.ts:67:24)
    at async E:\APP-LAPTOP-SYNC\cencomOS_gara_4.0_supa\gara_reconstruction_v5\node_modules\next\dist\compiled\next-server\app-route.runtime.dev.js:6:57228
    at async eT.execute (E:\APP-LAPTOP-SYNC\cencomOS_gara_4.0_supa\gara_reconstruction_v5\node_modules\next\dist\compiled\next-server\app-route.runtime.dev.js:6:46851)
    at async eT.handle (E:\APP-LAPTOP-SYNC\cencomOS_gara_4.0_supa\gara_reconstruction_v5\node_modules\next\dist\compiled\next-server\app-route.runtime.dev.js:6:58760)
    at async doRender (E:\APP-LAPTOP-SYNC\cencomOS_gara_4.0_supa\gara_reconstruction_v5\node_modules\next\dist\server\base-server.js:1366:42)
    at async cacheEntry.responseCache.get.routeKind (E:\APP-LAPTOP-SYNC\cencomOS_gara_4.0_supa\gara_reconstruction_v5\node_modules\next\dist\server\base-server.js:1588:28)
    at async DevServer.renderToResponseWithComponentsImpl (E:\APP-LAPTOP-SYNC\cencomOS_gara_4.0_supa\gara_reconstruction_v5\node_modules\next\dist\server\base-server.js:1496:28)
    at async DevServer.renderPageComponent (E:\APP-LAPTOP-SYNC\cencomOS_gara_4.0_supa\gara_reconstruction_v5\node_modules\next\dist\server\base-server.js:1924:24)
    at async DevServer.renderToResponseImpl (E:\APP-LAPTOP-SYNC\cencomOS_gara_4.0_supa\gara_reconstruction_v5\node_modules\next\dist\server\base-server.js:1962:32)
    at async DevServer.pipeImpl (E:\APP-LAPTOP-SYNC\cencomOS_gara_4.0_supa\gara_reconstruction_v5\node_modules\next\dist\server\base-server.js:922:25)
    at async NextNodeServer.handleCatchallRenderRequest (E:\APP-LAPTOP-SYNC\cencomOS_gara_4.0_supa\gara_reconstruction_v5\node_modules\next\dist\server\next-server.js:272:17)
    at async DevServer.handleRequestImpl (E:\APP-LAPTOP-SYNC\cencomOS_gara_4.0_supa\gara_reconstruction_v5\node_modules\next\dist\server\base-server.js:818:17)
    at async E:\APP-LAPTOP-SYNC\cencomOS_gara_4.0_supa\gara_reconstruction_v5\node_modules\next\dist\server\dev\next-dev-server.js:339:20
    at async Span.traceAsyncFn (E:\APP-LAPTOP-SYNC\cencomOS_gara_4.0_supa\gara_reconstruction_v5\node_modules\next\dist\trace\trace.js:154:20)
    at async DevServer.handleRequest (E:\APP-LAPTOP-SYNC\cencomOS_gara_4.0_supa\gara_reconstruction_v5\node_modules\next\dist\server\dev\next-dev-server.js:336:24)
    at async invokeRender (E:\APP-LAPTOP-SYNC\cencomOS_gara_4.0_supa\gara_reconstruction_v5\node_modules\next\dist\server\lib\router-server.js:179:21)
    at async handleRequest (E:\APP-LAPTOP-SYNC\cencomOS_gara_4.0_supa\gara_reconstruction_v5\node_modules\next\dist\server\lib\router-server.js:359:24)
    at async requestHandlerImpl (E:\APP-LAPTOP-SYNC\cencomOS_gara_4.0_supa\gara_reconstruction_v5\node_modules\next\dist\server\lib\router-server.js:383:13)
    at async Server.requestListener (E:\APP-LAPTOP-SYNC\cencomOS_gara_4.0_supa\gara_reconstruction_v5\node_modules\next\dist\server\lib\start-server.js:141:13) userId=U-KETOAN
[2026-08-31T21:32:02.755Z] ERROR module=rpc message="RPC handler failed" fn=scQuyetToan error=Không thể quyết toán — thiếu hồ sơ: Phiếu nhập kho vật tư mới, Phiếu xuất kho cho SC stack=Error: Không thể quyết toán — thiếu hồ sơ: Phiếu nhập kho vật tư mới, Phiếu xuất kho cho SC
    at Module.scQuyetToan (webpack-internal:///(rsc)/./lib/core/sc.ts:388:15)
    at process.processTicksAndRejections (node:internal/process/task_queues:104:5)
    at async dispatch (webpack-internal:///(rsc)/./lib/rpc.ts:399:12)
    at async POST (webpack-internal:///(rsc)/./app/api/rpc/route.ts:67:24)
    at async E:\APP-LAPTOP-SYNC\cencomOS_gara_4.0_supa\gara_reconstruction_v5\node_modules\next\dist\compiled\next-server\app-route.runtime.dev.js:6:57228
    at async eT.execute (E:\APP-LAPTOP-SYNC\cencomOS_gara_4.0_supa\gara_reconstruction_v5\node_modules\next\dist\compiled\next-server\app-route.runtime.dev.js:6:46851)
    at async eT.handle (E:\APP-LAPTOP-SYNC\cencomOS_gara_4.0_supa\gara_reconstruction_v5\node_modules\next\dist\compiled\next-server\app-route.runtime.dev.js:6:58760)
    at async doRender (E:\APP-LAPTOP-SYNC\cencomOS_gara_4.0_supa\gara_reconstruction_v5\node_modules\next\dist\server\base-server.js:1366:42)
    at async cacheEntry.responseCache.get.routeKind (E:\APP-LAPTOP-SYNC\cencomOS_gara_4.0_supa\gara_reconstruction_v5\node_modules\next\dist\server\base-server.js:1588:28)
    at async DevServer.renderToResponseWithComponentsImpl (E:\APP-LAPTOP-SYNC\cencomOS_gara_4.0_supa\gara_reconstruction_v5\node_modules\next\dist\server\base-server.js:1496:28)
    at async DevServer.renderPageComponent (E:\APP-LAPTOP-SYNC\cencomOS_gara_4.0_supa\gara_reconstruction_v5\node_modules\next\dist\server\base-server.js:1924:24)
    at async DevServer.renderToResponseImpl (E:\APP-LAPTOP-SYNC\cencomOS_gara_4.0_supa\gara_reconstruction_v5\node_modules\next\dist\server\base-server.js:1962:32)
    at async DevServer.pipeImpl (E:\APP-LAPTOP-SYNC\cencomOS_gara_4.0_supa\gara_reconstruction_v5\node_modules\next\dist\server\base-server.js:922:25)
    at async NextNodeServer.handleCatchallRenderRequest (E:\APP-LAPTOP-SYNC\cencomOS_gara_4.0_supa\gara_reconstruction_v5\node_modules\next\dist\server\next-server.js:272:17)
    at async DevServer.handleRequestImpl (E:\APP-LAPTOP-SYNC\cencomOS_gara_4.0_supa\gara_reconstruction_v5\node_modules\next\dist\server\base-server.js:818:17)
    at async E:\APP-LAPTOP-SYNC\cencomOS_gara_4.0_supa\gara_reconstruction_v5\node_modules\next\dist\server\dev\next-dev-server.js:339:20
    at async Span.traceAsyncFn (E:\APP-LAPTOP-SYNC\cencomOS_gara_4.0_supa\gara_reconstruction_v5\node_modules\next\dist\trace\trace.js:154:20)
    at async DevServer.handleRequest (E:\APP-LAPTOP-SYNC\cencomOS_gara_4.0_supa\gara_reconstruction_v5\node_modules\next\dist\server\dev\next-dev-server.js:336:24)
    at async invokeRender (E:\APP-LAPTOP-SYNC\cencomOS_gara_4.0_supa\gara_reconstruction_v5\node_modules\next\dist\server\lib\router-server.js:179:21)
    at async handleRequest (E:\APP-LAPTOP-SYNC\cencomOS_gara_4.0_supa\gara_reconstruction_v5\node_modules\next\dist\server\lib\router-server.js:359:24)
    at async requestHandlerImpl (E:\APP-LAPTOP-SYNC\cencomOS_gara_4.0_supa\gara_reconstruction_v5\node_modules\next\dist\server\lib\router-server.js:383:13)
    at async Server.requestListener (E:\APP-LAPTOP-SYNC\cencomOS_gara_4.0_supa\gara_reconstruction_v5\node_modules\next\dist\server\lib\start-server.js:141:13) userId=U-KETOAN
[2026-08-31T21:32:02.890Z] ERROR module=rpc message="RPC handler failed" fn=phieuGet error=404: không tìm thấy phiếu stack=Error: 404: không tìm thấy phiếu
    at Module.phieuGet (webpack-internal:///(rsc)/./lib/core/kho.ts:565:15)
    at process.processTicksAndRejections (node:internal/process/task_queues:104:5)
    at async dispatch (webpack-internal:///(rsc)/./lib/rpc.ts:399:12)
    at async POST (webpack-internal:///(rsc)/./app/api/rpc/route.ts:67:24)
    at async E:\APP-LAPTOP-SYNC\cencomOS_gara_4.0_supa\gara_reconstruction_v5\node_modules\next\dist\compiled\next-server\app-route.runtime.dev.js:6:57228
    at async eT.execute (E:\APP-LAPTOP-SYNC\cencomOS_gara_4.0_supa\gara_reconstruction_v5\node_modules\next\dist\compiled\next-server\app-route.runtime.dev.js:6:46851)
    at async eT.handle (E:\APP-LAPTOP-SYNC\cencomOS_gara_4.0_supa\gara_reconstruction_v5\node_modules\next\dist\compiled\next-server\app-route.runtime.dev.js:6:58760)
    at async doRender (E:\APP-LAPTOP-SYNC\cencomOS_gara_4.0_supa\gara_reconstruction_v5\node_modules\next\dist\server\base-server.js:1366:42)
    at async cacheEntry.responseCache.get.routeKind (E:\APP-LAPTOP-SYNC\cencomOS_gara_4.0_supa\gara_reconstruction_v5\node_modules\next\dist\server\base-server.js:1588:28)
    at async DevServer.renderToResponseWithComponentsImpl (E:\APP-LAPTOP-SYNC\cencomOS_gara_4.0_supa\gara_reconstruction_v5\node_modules\next\dist\server\base-server.js:1496:28)
    at async DevServer.renderPageComponent (E:\APP-LAPTOP-SYNC\cencomOS_gara_4.0_supa\gara_reconstruction_v5\node_modules\next\dist\server\base-server.js:1924:24)
    at async DevServer.renderToResponseImpl (E:\APP-LAPTOP-SYNC\cencomOS_gara_4.0_supa\gara_reconstruction_v5\node_modules\next\dist\server\base-server.js:1962:32)
    at async DevServer.pipeImpl (E:\APP-LAPTOP-SYNC\cencomOS_gara_4.0_supa\gara_reconstruction_v5\node_modules\next\dist\server\base-server.js:922:25)
    at async NextNodeServer.handleCatchallRenderRequest (E:\APP-LAPTOP-SYNC\cencomOS_gara_4.0_supa\gara_reconstruction_v5\node_modules\next\dist\server\next-server.js:272:17)
    at async DevServer.handleRequestImpl (E:\APP-LAPTOP-SYNC\cencomOS_gara_4.0_supa\gara_reconstruction_v5\node_modules\next\dist\server\base-server.js:818:17)
    at async E:\APP-LAPTOP-SYNC\cencomOS_gara_4.0_supa\gara_reconstruction_v5\node_modules\next\dist\server\dev\next-dev-server.js:339:20
    at async Span.traceAsyncFn (E:\APP-LAPTOP-SYNC\cencomOS_gara_4.0_supa\gara_reconstruction_v5\node_modules\next\dist\trace\trace.js:154:20)
    at async DevServer.handleRequest (E:\APP-LAPTOP-SYNC\cencomOS_gara_4.0_supa\gara_reconstruction_v5\node_modules\next\dist\server\dev\next-dev-server.js:336:24)
    at async invokeRender (E:\APP-LAPTOP-SYNC\cencomOS_gara_4.0_supa\gara_reconstruction_v5\node_modules\next\dist\server\lib\router-server.js:179:21)
    at async handleRequest (E:\APP-LAPTOP-SYNC\cencomOS_gara_4.0_supa\gara_reconstruction_v5\node_modules\next\dist\server\lib\router-server.js:359:24)
    at async requestHandlerImpl (E:\APP-LAPTOP-SYNC\cencomOS_gara_4.0_supa\gara_reconstruction_v5\node_modules\next\dist\server\lib\router-server.js:383:13)
    at async Server.requestListener (E:\APP-LAPTOP-SYNC\cencomOS_gara_4.0_supa\gara_reconstruction_v5\node_modules\next\dist\server\lib\start-server.js:141:13) userId=U-KETOAN
[2026-08-31T21:32:02.976Z] ERROR module=rpc message="RPC handler failed" fn=scGet error=Không tìm thấy phiếu sửa chữa stack=Error: Không tìm thấy phiếu sửa chữa
    at Module.scGet (webpack-internal:///(rsc)/./lib/core/sc.ts:124:19)
    at process.processTicksAndRejections (node:internal/process/task_queues:104:5)
    at async dispatch (webpack-internal:///(rsc)/./lib/rpc.ts:399:12)
    at async POST (webpack-internal:///(rsc)/./app/api/rpc/route.ts:67:24)
    at async E:\APP-LAPTOP-SYNC\cencomOS_gara_4.0_supa\gara_reconstruction_v5\node_modules\next\dist\compiled\next-server\app-route.runtime.dev.js:6:57228
    at async eT.execute (E:\APP-LAPTOP-SYNC\cencomOS_gara_4.0_supa\gara_reconstruction_v5\node_modules\next\dist\compiled\next-server\app-route.runtime.dev.js:6:46851)
    at async eT.handle (E:\APP-LAPTOP-SYNC\cencomOS_gara_4.0_supa\gara_reconstruction_v5\node_modules\next\dist\compiled\next-server\app-route.runtime.dev.js:6:58760)
    at async doRender (E:\APP-LAPTOP-SYNC\cencomOS_gara_4.0_supa\gara_reconstruction_v5\node_modules\next\dist\server\base-server.js:1366:42)
    at async cacheEntry.responseCache.get.routeKind (E:\APP-LAPTOP-SYNC\cencomOS_gara_4.0_supa\gara_reconstruction_v5\node_modules\next\dist\server\base-server.js:1588:28)
    at async DevServer.renderToResponseWithComponentsImpl (E:\APP-LAPTOP-SYNC\cencomOS_gara_4.0_supa\gara_reconstruction_v5\node_modules\next\dist\server\base-server.js:1496:28)
    at async DevServer.renderPageComponent (E:\APP-LAPTOP-SYNC\cencomOS_gara_4.0_supa\gara_reconstruction_v5\node_modules\next\dist\server\base-server.js:1924:24)
    at async DevServer.renderToResponseImpl (E:\APP-LAPTOP-SYNC\cencomOS_gara_4.0_supa\gara_reconstruction_v5\node_modules\next\dist\server\base-server.js:1962:32)
    at async DevServer.pipeImpl (E:\APP-LAPTOP-SYNC\cencomOS_gara_4.0_supa\gara_reconstruction_v5\node_modules\next\dist\server\base-server.js:922:25)
    at async NextNodeServer.handleCatchallRenderRequest (E:\APP-LAPTOP-SYNC\cencomOS_gara_4.0_supa\gara_reconstruction_v5\node_modules\next\dist\server\next-server.js:272:17)
    at async DevServer.handleRequestImpl (E:\APP-LAPTOP-SYNC\cencomOS_gara_4.0_supa\gara_reconstruction_v5\node_modules\next\dist\server\base-server.js:818:17)
    at async E:\APP-LAPTOP-SYNC\cencomOS_gara_4.0_supa\gara_reconstruction_v5\node_modules\next\dist\server\dev\next-dev-server.js:339:20
    at async Span.traceAsyncFn (E:\APP-LAPTOP-SYNC\cencomOS_gara_4.0_supa\gara_reconstruction_v5\node_modules\next\dist\trace\trace.js:154:20)
    at async DevServer.handleRequest (E:\APP-LAPTOP-SYNC\cencomOS_gara_4.0_supa\gara_reconstruction_v5\node_modules\next\dist\server\dev\next-dev-server.js:336:24)
    at async invokeRender (E:\APP-LAPTOP-SYNC\cencomOS_gara_4.0_supa\gara_reconstruction_v5\node_modules\next\dist\server\lib\router-server.js:179:21)
    at async handleRequest (E:\APP-LAPTOP-SYNC\cencomOS_gara_4.0_supa\gara_reconstruction_v5\node_modules\next\dist\server\lib\router-server.js:359:24)
    at async requestHandlerImpl (E:\APP-LAPTOP-SYNC\cencomOS_gara_4.0_supa\gara_reconstruction_v5\node_modules\next\dist\server\lib\router-server.js:383:13)
    at async Server.requestListener (E:\APP-LAPTOP-SYNC\cencomOS_gara_4.0_supa\gara_reconstruction_v5\node_modules\next\dist\server\lib\start-server.js:141:13) userId=U-KHO
[2026-08-31T21:32:03.159Z] ERROR module=rpc message="RPC handler failed" fn=phieuGet error=404: không tìm thấy phiếu stack=Error: 404: không tìm thấy phiếu
    at Module.phieuGet (webpack-internal:///(rsc)/./lib/core/kho.ts:565:15)
    at process.processTicksAndRejections (node:internal/process/task_queues:104:5)
    at async dispatch (webpack-internal:///(rsc)/./lib/rpc.ts:399:12)
    at async POST (webpack-internal:///(rsc)/./app/api/rpc/route.ts:67:24)
    at async E:\APP-LAPTOP-SYNC\cencomOS_gara_4.0_supa\gara_reconstruction_v5\node_modules\next\dist\compiled\next-server\app-route.runtime.dev.js:6:57228
    at async eT.execute (E:\APP-LAPTOP-SYNC\cencomOS_gara_4.0_supa\gara_reconstruction_v5\node_modules\next\dist\compiled\next-server\app-route.runtime.dev.js:6:46851)
    at async eT.handle (E:\APP-LAPTOP-SYNC\cencomOS_gara_4.0_supa\gara_reconstruction_v5\node_modules\next\dist\compiled\next-server\app-route.runtime.dev.js:6:58760)
    at async doRender (E:\APP-LAPTOP-SYNC\cencomOS_gara_4.0_supa\gara_reconstruction_v5\node_modules\next\dist\server\base-server.js:1366:42)
    at async cacheEntry.responseCache.get.routeKind (E:\APP-LAPTOP-SYNC\cencomOS_gara_4.0_supa\gara_reconstruction_v5\node_modules\next\dist\server\base-server.js:1588:28)
    at async DevServer.renderToResponseWithComponentsImpl (E:\APP-LAPTOP-SYNC\cencomOS_gara_4.0_supa\gara_reconstruction_v5\node_modules\next\dist\server\base-server.js:1496:28)
    at async DevServer.renderPageComponent (E:\APP-LAPTOP-SYNC\cencomOS_gara_4.0_supa\gara_reconstruction_v5\node_modules\next\dist\server\base-server.js:1924:24)
    at async DevServer.renderToResponseImpl (E:\APP-LAPTOP-SYNC\cencomOS_gara_4.0_supa\gara_reconstruction_v5\node_modules\next\dist\server\base-server.js:1962:32)
    at async DevServer.pipeImpl (E:\APP-LAPTOP-SYNC\cencomOS_gara_4.0_supa\gara_reconstruction_v5\node_modules\next\dist\server\base-server.js:922:25)
    at async NextNodeServer.handleCatchallRenderRequest (E:\APP-LAPTOP-SYNC\cencomOS_gara_4.0_supa\gara_reconstruction_v5\node_modules\next\dist\server\next-server.js:272:17)
    at async DevServer.handleRequestImpl (E:\APP-LAPTOP-SYNC\cencomOS_gara_4.0_supa\gara_reconstruction_v5\node_modules\next\dist\server\base-server.js:818:17)
    at async E:\APP-LAPTOP-SYNC\cencomOS_gara_4.0_supa\gara_reconstruction_v5\node_modules\next\dist\server\dev\next-dev-server.js:339:20
    at async Span.traceAsyncFn (E:\APP-LAPTOP-SYNC\cencomOS_gara_4.0_supa\gara_reconstruction_v5\node_modules\next\dist\trace\trace.js:154:20)
    at async DevServer.handleRequest (E:\APP-LAPTOP-SYNC\cencomOS_gara_4.0_supa\gara_reconstruction_v5\node_modules\next\dist\server\dev\next-dev-server.js:336:24)
    at async invokeRender (E:\APP-LAPTOP-SYNC\cencomOS_gara_4.0_supa\gara_reconstruction_v5\node_modules\next\dist\server\lib\router-server.js:179:21)
    at async handleRequest (E:\APP-LAPTOP-SYNC\cencomOS_gara_4.0_supa\gara_reconstruction_v5\node_modules\next\dist\server\lib\router-server.js:359:24)
    at async requestHandlerImpl (E:\APP-LAPTOP-SYNC\cencomOS_gara_4.0_supa\gara_reconstruction_v5\node_modules\next\dist\server\lib\router-server.js:383:13)
    at async Server.requestListener (E:\APP-LAPTOP-SYNC\cencomOS_gara_4.0_supa\gara_reconstruction_v5\node_modules\next\dist\server\lib\start-server.js:141:13) userId=U-KHO
